elapsed_time,impulse,perimeter,pressure,total_kinetic_energy,temperature
1e-10,2.4165035850201358e-20,6.209212766249417e-7,0.0003891803479750605,8.578271554257572e-18,310.6608397303577
1e-10,2.4446567981582035e-20,6.209212766249417e-7,0.0003937144514432322,8.578271554257569e-18,310.66083973035757
1e-10,2.4858354743973224e-20,6.209212766249417e-7,0.0004003463189261679,8.578271554257569e-18,310.66083973035757
1e-10,2.525724688050453e-20,6.209212766249417e-7,0.00040677051715463756,8.578271554257569e-18,310.66083973035757
1e-10,2.544683490266459e-20,6.209212766249417e-7,0.00040982385143866433,8.578271554257566e-18,310.66083973035745
1e-10,2.5995203552957237e-20,6.209212766249417e-7,0.00041865538404893885,8.578271554257563e-18,310.66083973035734
1e-10,2.65903076067656e-20,6.209212766249417e-7,0.0004282395950626617,8.578271554257567e-18,310.6608397303575
1e-10,2.687391718640581e-20,6.209212766249417e-7,0.0004328071560453001,8.578271554257566e-18,310.66083973035745
1e-10,2.7096205087689287e-20,6.209212766249417e-7,0.00043638712519198064,8.578271554257566e-18,310.66083973035745
1e-10,2.758018076907918e-20,6.209212766249417e-7,0.0004441816025212256,8.578271554257558e-18,310.66083973035717
1e-10,2.7943582068148337e-20,6.209212766249417e-7,0.00045003421722053895,8.578271554257557e-18,310.6608397303571
1e-10,2.817363134989016e-20,6.209212766249417e-7,0.00045373918418498686,8.578271554257557e-18,310.6608397303571
1e-10,2.84337043330337e-20,6.209212766249417e-7,0.00045792768589903967,8.578271554257557e-18,310.6608397303571
1e-10,2.90212820390095e-20,6.209212766249417e-7,0.0004673906843192197,8.57827155425756e-18,310.6608397303572
1e-10,2.945893179276568e-20,6.209212766249417e-7,0.0004744390778955367,8.578271554257563e-18,310.66083973035734
1e-10,2.9844421547930326e-20,6.209212766249417e-7,0.00048064742941571653,8.578271554257564e-18,310.6608397303574
1e-10,3.0159097870880697e-20,6.209212766249417e-7,0.0004857153234434557,8.578271554257561e-18,310.6608397303573
1e-10,3.0467873510204824e-20,6.209212766249417e-7,0.0004906881863642192,8.578271554257564e-18,310.6608397303574
1e-10,3.128978439004226e-20,6.209212766249417e-7,0.0005039251442649853,8.578271554257558e-18,310.66083973035717
1e-10,3.183999724947912e-20,6.209212766249417e-7,0.0005127863780501695,8.578271554257555e-18,310.66083973035705
1e-10,3.2143674758370475e-20,6.209212766249417e-7,0.00051767713506436,8.578271554257555e-18,310.66083973035705
1e-10,3.254107909893302e-20,6.209212766249417e-7,0.0005240773721881812,8.578271554257558e-18,310.66083973035717
1e-10,3.296528553446809e-20,6.209212766249417e-7,0.0005309092597640245,8.578271554257555e-18,310.66083973035705
1e-10,3.3561598003082354e-20,6.209212766249417e-7,0.0005405129324204933,8.578271554257557e-18,310.6608397303571
1e-10,3.392750391743152e-20,6.209212766249417e-7,0.0005464058842023693,8.578271554257555e-18,310.66083973035705
1e-10,3.438436256298393e-20,6.209212766249417e-7,0.0005537636389250887,8.578271554257561e-18,310.6608397303573
1e-10,3.461072896930809e-20,6.209212766249417e-7,0.000557409292808212,8.578271554257555e-18,310.66083973035705
1e-10,3.4971350800263384e-20,6.209212766249417e-7,0.0005632171438922572,8.578271554257553e-18,310.660839730357
1e-10,3.547562159381328e-20,6.209212766249417e-7,0.0005713384760567934,8.578271554257555e-18,310.66083973035705
1e-10,3.585257798306118e-20,6.209212766249417e-7,0.00057740939685527,8.578271554257553e-18,310.660839730357
1e-10,3.6359025505313074e-20,6.209212766249417e-7,0.0005855657854558462,8.578271554257555e-18,310.66083973035705
1e-10,3.676427218697478e-20,6.209212766249417e-7,0.0005920923242767488,8.578271554257553e-18,310.660839730357
1e-10,3.7069666480965025e-20,6.209212766249417e-7,0.0005970107302887031,8.578271554257555e-18,310.66083973035705
1e-10,3.742628479385604e-20,6.209212766249417e-7,0.0006027541043091496,8.578271554257555e-18,310.66083973035705
1e-10,3.8252811319830327e-20,6.209212766249417e-7,0.0006160653976580734,8.578271554257553e-18,310.660839730357
1e-10,3.860647987949092e-20,6.209212766249417e-7,0.000621761265604216,8.57827155425755e-18,310.6608397303569
1e-10,3.875081491074354e-20,6.209212766249417e-7,0.0006240857958898774,8.578271554257552e-18,310.66083973035694
1e-10,3.93964431859942e-20,6.209212766249417e-7,0.0006344837046032011,8.578271554257552e-18,310.66083973035694
1e-10,3.9677396413313505e-20,6.209212766249417e-7,0.0006390084847628768,8.578271554257547e-18,310.66083973035677
1e-10,4.005219324034236e-20,6.209212766249417e-7,0.0006450446255932585,8.57827155425755e-18,310.6608397303569
1e-10,4.065571933040186e-20,6.209212766249417e-7,0.000654764474353153,8.578271554257549e-18,310.6608397303568
1e-10,4.0965303311478127e-20,6.209212766249417e-7,0.0006597503556996423,8.578271554257555e-18,310.66083973035705
1e-10,4.130505378803602e-20,6.209212766249417e-7,0.0006652220715088449,8.578271554257553e-18,310.660839730357
1e-10,4.219442898028145e-20,6.209212766249417e-7,0.000679545548988626,8.57827155425755e-18,310.6608397303569
1e-10,4.24607710163811e-20,6.209212766249417e-7,0.0006838350144349925,8.578271554257552e-18,310.66083973035694
1e-10,4.279356037382408e-20,6.209212766249417e-7,0.0006891946207163537,8.578271554257547e-18,310.66083973035677
1e-10,4.3332158331513827e-20,6.209212766249417e-7,0.0006978687953334216,8.578271554257555e-18,310.66083973035705
1e-10,4.387238468090129e-20,6.209212766249417e-7,0.0007065691953635815,8.578271554257555e-18,310.66083973035705
1e-10,4.4334979483047775e-20,6.209212766249417e-7,0.0007140193314687728,8.57827155425756e-18,310.6608397303572
1e-10,4.477540343060738e-20,6.209212766249417e-7,0.0007211124037170545,8.578271554257557e-18,310.6608397303571
1e-10,4.518614465415918e-20,6.209212766249417e-7,0.0007277274326911687,8.578271554257557e-18,310.6608397303571
1e-10,4.551235891024299e-20,6.209212766249417e-7,0.0007329811462997113,8.578271554257555e-18,310.66083973035705
1e-10,4.569321804987219e-20,6.209212766249417e-7,0.0007358939010471774,8.578271554257557e-18,310.6608397303571
1e-10,4.601447499565465e-20,6.209212766249417e-7,0.0007410677766716151,8.578271554257555e-18,310.66083973035705
1e-10,4.637901858452504e-20,6.209212766249417e-7,0.0007469387880637823,8.578271554257555e-18,310.66083973035705
1e-10,4.677315112333836e-20,6.209212766249417e-7,0.0007532863324893115,8.57827155425756e-18,310.6608397303572
1e-10,4.714899294033501e-20,6.209212766249417e-7,0.0007593393029888822,8.578271554257558e-18,310.66083973035717
1e-10,4.774840500505669e-20,6.209212766249417e-7,0.0007689928949543536,8.578271554257558e-18,310.66083973035717
1e-10,4.8241864270510796e-20,6.209212766249417e-7,0.0007769401063647329,8.57827155425756e-18,310.6608397303572
1e-10,4.86391918392547e-20,6.209212766249417e-7,0.0007833391070706454,8.578271554257561e-18,310.6608397303573
1e-10,4.9004933402737864e-20,6.209212766249417e-7,0.0007892294119651914,8.578271554257557e-18,310.6608397303571
1e-10,4.948000186210448e-20,6.209212766249417e-7,0.0007968804375823015,8.578271554257553e-18,310.660839730357
1e-10,5.0065406201014564e-20,6.209212766249417e-7,0.000806308433705934,8.578271554257555e-18,310.66083973035705
1e-10,5.076349461575229e-20,6.209212766249417e-7,0.000817551218274893,8.57827155425755e-18,310.6608397303569
1e-10,5.1262968266658936e-20,6.209212766249417e-7,0.0008255952919716677,8.57827155425755e-18,310.6608397303569
1e-10,5.156052900829433e-20,6.209212766249417e-7,0.0008303875378301573,8.578271554257558e-18,310.66083973035717
1e-10,5.196500613092299e-20,6.209212766249417e-7,0.0008369016828249498,8.578271554257553e-18,310.660839730357
1e-10,5.263091664048786e-20,6.209212766249417e-7,0.0008476262389745551,8.578271554257555e-18,310.66083973035705
1e-10,5.28960879805467e-20,6.209212766249417e-7,0.0008518968502427048,8.578271554257558e-18,310.66083973035717
1e-10,5.3104636090799024e-20,6.209212766249417e-7,0.0008552555386643015,8.578271554257557e-18,310.6608397303571
1e-10,5.3463750644697174e-20,6.209212766249417e-7,0.0008610391148987983,8.578271554257552e-18,310.66083973035694
1e-10,5.365467686036842e-20,6.209212766249417e-7,0.0008641140009247539,8.578271554257549e-18,310.6608397303568
1e-10,5.3920157404554836e-20,6.209212766249417e-7,0.0008683895919566711,8.57827155425755e-18,310.6608397303569
1e-10,5.443435126194609e-20,6.209212766249417e-7,0.0008766707360686297,8.578271554257557e-18,310.6608397303571
1e-10,5.485463761335961e-20,6.209212766249417e-7,0.0008834394902929658,8.578271554257557e-18,310.6608397303571
1e-10,5.531311723068387e-20,6.209212766249417e-7,0.0008908233509301203,8.578271554257555e-18,310.66083973035705
1e-10,5.595506190456492e-20,6.209212766249417e-7,0.0009011619348705898,8.57827155425756e-18,310.6608397303572
1e-10,5.614276310802799e-20,6.209212766249417e-7,0.0009041848817485473,8.57827155425757e-18,310.6608397303576
1e-10,5.66363766826163e-20,6.209212766249417e-7,0.0009121345783231497,8.578271554257569e-18,310.66083973035757
1e-10,5.699916866521782e-20,6.209212766249417e-7,0.0009179773799190863,8.578271554257569e-18,310.66083973035757
1e-10,5.764363077447451e-20,6.209212766249417e-7,0.0009283565074110561,8.578271554257569e-18,310.66083973035757
1e-10,5.828586418843415e-20,6.209212766249417e-7,0.0009386997415397132,8.578271554257578e-18,310.6608397303579
1e-10,5.874812379128557e-20,6.209212766249417e-7,0.0009461444792263337,8.578271554257578e-18,310.6608397303579
1e-10,5.890998073174027e-20,6.209212766249417e-7,0.0009487512016329886,8.57827155425758e-18,310.66083973035796
1e-10,5.935899524620905e-20,6.209212766249417e-7,0.0009559826258307456,8.578271554257573e-18,310.66083973035774
1e-10,5.969397004549817e-20,6.209212766249417e-7,0.0009613774288742151,8.578271554257577e-18,310.66083973035785
1e-10,6.003219794103804e-20,6.209212766249417e-7,0.0009668246233620305,8.578271554257575e-18,310.6608397303578
1e-10,6.036434595665735e-20,6.209212766249417e-7,0.0009721739007684148,8.578271554257573e-18,310.66083973035774
1e-10,6.062874334063751e-20,6.209212766249417e-7,0.0009764320473955897,8.578271554257577e-18,310.66083973035785
1e-10,6.1154383246497e-20,6.209212766249417e-7,0.0009848975312765195,8.578271554257573e-18,310.66083973035774
1e-10,6.156958898917888e-20,6.209212766249417e-7,0.0009915844617830528,8.578271554257572e-18,310.6608397303577
1e-10,6.217600139160929e-20,6.209212766249417e-7,0.001001350794895788,8.578271554257577e-18,310.66083973035785
1e-10,6.249164312889123e-20,6.209212766249417e-7,0.0010064342370190414,8.578271554257573e-18,310.66083973035774
1e-10,6.305452464738081e-20,6.209212766249417e-7,0.0010154995008403935,8.578271554257572e-18,310.6608397303577
1e-10,6.344726041461532e-20,6.209212766249417e-7,0.0010218245501182866,8.578271554257572e-18,310.6608397303577
1e-10,6.383455169735935e-20,6.209212766249417e-7,0.0010280619154224549,8.578271554257575e-18,310.6608397303578
1e-10,6.417758124856385e-20,6.209212766249417e-7,0.001033586441060698,8.57827155425757e-18,310.6608397303576
1e-10,6.457889174395663e-20,6.209212766249417e-7,0.00104004958720338,8.578271554257569e-18,310.66083973035757
1e-10,6.524483121103382e-20,6.209212766249417e-7,0.0010507746097166517,8.578271554257572e-18,310.6608397303577
1e-10,6.569675925587295e-20,6.209212766249417e-7,0.0010580529566158853,8.57827155425757e-18,310.6608397303576
1e-10,6.59905104685183e-20,6.209212766249417e-7,0.0010627838496244492,8.578271554257572e-18,310.6608397303577
1e-10,6.641003306024136e-20,6.209212766249417e-7,0.0010695403034216744,8.578271554257572e-18,310.6608397303577
1e-10,6.676074820242029e-20,6.209212766249417e-7,0.001075188606280376,8.578271554257575e-18,310.6608397303578
1e-10,6.745159094974993e-20,6.209212766249417e-7,0.0010863146986424346,8.57827155425757e-18,310.6608397303576
1e-10,6.781797488903495e-20,6.209212766249417e-7,0.0010922153490642808,8.578271554257578e-18,310.6608397303579
1e-10,6.816707748059315e-20,6.209212766249417e-7,0.0010978376816320383,8.578271554257575e-18,310.6608397303578
1e-10,6.851078435186193e-20,6.209212766249417e-7,0.0011033731155784643,8.578271554257573e-18,310.66083973035774
1e-10,6.902829493651661e-20,6.209212766249417e-7,0.0011117076759186678,8.578271554257569e-18,310.66083973035757
1e-10,6.945708447347815e-20,6.209212766249417e-7,0.0011186133748068143,8.578271554257573e-18,310.66083973035774
1e-10,6.97379473213881e-20,6.209212766249417e-7,0.0011231366993969556,8.57827155425757e-18,310.6608397303576
1e-10,7.002121851293117e-20,6.209212766249417e-7,0.0011276988106050433,8.578271554257569e-18,310.66083973035757
1e-10,7.012709762421409e-20,6.209212766249417e-7,0.0011294040044076848,8.578271554257566e-18,310.66083973035745
1e-10,7.039927425611371e-20,6.209212766249417e-7,0.0011337874366098967,8.578271554257564e-18,310.6608397303574
1e-10,7.12621272736307e-20,6.209212766249417e-7,0.001147683771781516,8.57827155425756e-18,310.6608397303572
1e-10,7.152650402832075e-20,6.209212766249417e-7,0.0011519415861718856,8.578271554257566e-18,310.66083973035745
1e-10,7.205015790172095e-20,6.209212766249417e-7,0.0011603750847990636,8.57827155425756e-18,310.6608397303572
1e-10,7.217101499116361e-20,6.209212766249417e-7,0.0011623215004558048,8.57827155425756e-18,310.6608397303572
1e-10,7.270895652074131e-20,6.209212766249417e-7,0.001170985103231695,8.578271554257558e-18,310.66083973035717
1e-10,7.317161177029293e-20,6.209212766249417e-7,0.0011784362128484632,8.578271554257555e-18,310.66083973035705
1e-10,7.34795428925787e-20,6.209212766249417e-7,0.0011833954747368551,8.578271554257557e-18,310.6608397303571
1e-10,7.408130421315046e-20,6.209212766249417e-7,0.001193086901705547,8.578271554257553e-18,310.660839730357
1e-10,7.443401896622696e-20,6.209212766249417e-7,0.0011987674085001234,8.578271554257555e-18,310.66083973035705
1e-10,7.496741197037397e-20,6.209212766249417e-7,0.0012073577568136214,8.57827155425756e-18,310.6608397303572
1e-10,7.508333615817794e-20,6.209212766249417e-7,0.0012092247275902403,8.578271554257561e-18,310.6608397303573
1e-10,7.524387192230766e-20,6.209212766249417e-7,0.0012118101723184727,8.578271554257558e-18,310.66083973035717
1e-10,7.56971547243356e-20,6.209212766249417e-7,0.0012191103377193393,8.578271554257557e-18,310.6608397303571
1e-10,7.610655454280463e-20,6.209212766249417e-7,0.0012257037632288396,8.578271554257558e-18,310.66083973035717
1e-10,7.652889637386782e-20,6.209212766249417e-7,0.0012325056211609571,8.578271554257557e-18,310.6608397303571
1e-10,7.68950793725286e-20,6.209212766249417e-7,0.0012384030354137137,8.578271554257553e-18,310.660839730357
1e-10,7.731840010619501e-20,6.209212766249417e-7,0.0012452206586713254,8.578271554257553e-18,310.660839730357
1e-10,7.778475779087939e-20,6.209212766249417e-7,0.0012527313963806095,8.578271554257555e-18,310.66083973035705
1e-10,7.828708487866708e-20,6.209212766249417e-7,0.0012608214249671338,8.578271554257555e-18,310.66083973035705
1e-10,7.840729508064625e-20,6.209212766249417e-7,0.0012627574224358077,8.578271554257555e-18,310.66083973035705
1e-10,7.867396698438688e-20,6.209212766249417e-7,0.0012670522004339163,8.578271554257552e-18,310.66083973035694
1e-10,7.919268349544351e-20,6.209212766249417e-7,0.0012754061823408683,8.578271554257552e-18,310.66083973035694
1e-10,7.955568349733696e-20,6.209212766249417e-7,0.001281252334108554,8.57827155425755e-18,310.6608397303569
1e-10,7.968746103177941e-20,6.209212766249417e-7,0.0012833746246372138,8.578271554257555e-18,310.66083973035705
1e-10,8.014822703050952e-20,6.209212766249417e-7,0.0012907953076783012,8.578271554257561e-18,310.6608397303573
1e-10,8.047778701193648e-20,6.209212766249417e-7,0.0012961029045320974,8.578271554257558e-18,310.66083973035717
1e-10,8.091250910299999e-20,6.209212766249417e-7,0.0013031041478044566,8.578271554257558e-18,310.66083973035717
1e-10,8.125770880916496e-20,6.209212766249417e-7,0.001308663624007967,8.578271554257558e-18,310.66083973035717
1e-10,8.155955713880895e-20,6.209212766249417e-7,0.0013135249219052578,8.578271554257558e-18,310.66083973035717
1e-10,8.191278167366394e-20,6.209212766249417e-7,0.001319213638786969,8.578271554257558e-18,310.66083973035717
1e-10,8.239235109323805e-20,6.209212766249417e-7,0.0013269371528237376,8.578271554257557e-18,310.6608397303571
1e-10,8.278905752107358e-20,6.209212766249417e-7,0.0013333261499924585,8.578271554257558e-18,310.66083973035717
1e-10,8.331454717225152e-20,6.209212766249417e-7,0.0013417892140065355,8.578271554257558e-18,310.66083973035717
1e-10,8.38807310443289e-20,6.209212766249417e-7,0.001350907662566632,8.578271554257566e-18,310.66083973035745
1e-10,8.437639864918648e-20,6.209212766249417e-7,0.001358890439506598,8.57827155425757e-18,310.6608397303576
1e-10,8.478486775153799e-20,6.209212766249417e-7,0.0013654688757388327,8.578271554257566e-18,310.66083973035745
1e-10,8.547758252312603e-20,6.209212766249417e-7,0.0013766251172410298,8.578271554257567e-18,310.6608397303575
1e-10,8.57444261309434e-20,6.209212766249417e-7,0.0013809226605506716,8.578271554257569e-18,310.66083973035757
1e-10,8.615088692304448e-20,6.209212766249417e-7,0.0013874687527430736,8.578271554257573e-18,310.66083973035774
1e-10,8.653901258759371e-20,6.209212766249417e-7,0.001393719555850658,8.578271554257575e-18,310.6608397303578
1e-10,8.681349121378775e-20,6.209212766249417e-7,0.001398140061903953,8.578271554257581e-18,310.660839730358
1e-10,8.739965527376974e-20,6.209212766249417e-7,0.0014075802934123355,8.578271554257581e-18,310.660839730358
1e-10,8.788091398051867e-20,6.209212766249417e-7,0.0014153310135900181,8.578271554257583e-18,310.6608397303581
1e-10,8.837687281208669e-20,6.209212766249417e-7,0.0014233184807656292,8.578271554257581e-18,310.660839730358
1e-10,8.860416261675736e-20,6.209212766249417e-7,0.0014269790060725748,8.57827155425758e-18,310.66083973035796
1e-10,8.896308855043739e-20,6.209212766249417e-7,0.0014327595445593698,8.578271554257578e-18,310.6608397303579
1e-10,8.916719308988581e-20,6.209212766249417e-7,0.0014360466688234609,8.57827155425758e-18,310.66083973035796
1e-10,8.956721473336872e-20,6.209212766249417e-7,0.0014424890578756972,8.578271554257577e-18,310.66083973035785
1e-10,9.003977567065586e-20,6.209212766249417e-7,0.001450099699595945,8.578271554257575e-18,310.6608397303578
1e-10,9.048176180040872e-20,6.209212766249417e-7,0.0014572179309465488,8.578271554257581e-18,310.660839730358
1e-10,9.074975695107743e-20,6.209212766249417e-7,0.0014615340199703526,8.578271554257577e-18,310.66083973035785
1e-10,9.10803776943586e-20,6.209212766249417e-7,0.0014668587005011644,8.578271554257578e-18,310.6608397303579
1e-10,9.141559486046602e-20,6.209212766249417e-7,0.0014722574068867713,8.578271554257577e-18,310.66083973035785
1e-10,9.176498878235788e-20,6.209212766249417e-7,0.0014778844313590362,8.578271554257577e-18,310.66083973035785
1e-10,9.214029628828756e-20,6.209212766249417e-7,0.0014839287967247988,8.578271554257578e-18,310.6608397303579
1e-10,9.28176327248511e-20,6.209212766249417e-7,0.0014948373685850713,8.578271554257577e-18,310.66083973035785
1e-10,9.326356219558765e-20,6.209212766249417e-7,0.0015020191078413008,8.578271554257573e-18,310.66083973035774
1e-10,9.349216281812639e-20,6.209212766249417e-7,0.0015057007440026724,8.578271554257573e-18,310.66083973035774
1e-10,9.381354108934813e-20,6.209212766249417e-7,0.0015108765735855885,8.578271554257572e-18,310.6608397303577
1e-10,9.435505649968094e-20,6.209212766249417e-7,0.001519597734072732,8.578271554257575e-18,310.6608397303578
1e-10,9.466082369059994e-20,6.209212766249417e-7,0.0015245221456274627,8.578271554257577e-18,310.66083973035785
1e-10,9.508357826942633e-20,6.209212766249417e-7,0.0015313306509040785,8.578271554257573e-18,310.66083973035774
1e-10,9.562974143570242e-20,6.209212766249417e-7,0.0015401266639710617,8.578271554257578e-18,310.6608397303579
1e-10,9.58510090290503e-20,6.209212766249417e-7,0.0015436902009551797,8.578271554257578e-18,310.6608397303579
1e-10,9.598005087427986e-20,6.209212766249417e-7,0.0015457684329322023,8.578271554257577e-18,310.66083973035785
1e-10,9.668682819357296e-20,6.209212766249417e-7,0.001557151153188381,8.57827155425758e-18,310.66083973035796
1e-10,9.722643343315803e-20,6.209212766249417e-7,0.0015658415501823145,8.57827155425758e-18,310.66083973035796
1e-10,9.768665856800218e-20,6.209212766249417e-7,0.0015732535225557805,8.578271554257577e-18,310.66083973035785
1e-10,9.799249998067385e-20,6.209212766249417e-7,0.0015781791294593498,8.578271554257577e-18,310.66083973035785
1e-10,9.812061855398694e-20,6.209212766249417e-7,0.0015802424920487183,8.57827155425758e-18,310.66083973035796
1e-10,9.85675462512424e-20,6.209212766249417e-7,0.0015874403078440598,8.57827155425758e-18,310.66083973035796
1e-10,9.891892014176271e-20,6.209212766249417e-7,0.0015930992199114675,8.578271554257577e-18,310.66083973035785
1e-10,9.935076528868998e-20,6.209212766249417e-7,0.0016000541297073534,8.578271554257569e-18,310.66083973035757
1e-10,9.968361125256722e-20,6.209212766249417e-7,0.001605414647641067,8.578271554257572e-18,310.6608397303577
1e-10,1.0013461045668987e-19,6.209212766249417e-7,0.001612678035466559,8.578271554257578e-18,310.6608397303579
1e-10,1.0043430087722388e-19,6.209212766249417e-7,0.0016175045800192436,8.57827155425758e-18,310.66083973035796
1e-10,1.0081382751068366e-19,6.209212766249417e-7,0.0016236168948608725,8.578271554257578e-18,310.6608397303579
1e-10,1.0112725779095556e-19,6.209212766249417e-7,0.0016286647212451699,8.578271554257578e-18,310.6608397303579
1e-10,1.0139945423795702e-19,6.209212766249417e-7,0.001633048472571602,8.578271554257583e-18,310.6608397303581
1e-10,1.0195439887142022e-19,6.209212766249417e-7,0.0016419859120563568,8.578271554257578e-18,310.6608397303579
1e-10,1.0235671662048055e-19,6.209212766249417e-7,0.0016484652801212933,8.578271554257581e-18,310.660839730358
1e-10,1.0264581492364784e-19,6.209212766249417e-7,0.001653121237551818,8.578271554257578e-18,310.6608397303579
1e-10,1.0321029922260033e-19,6.209212766249417e-7,0.0016622123143147337,8.578271554257575e-18,310.6608397303578
1e-10,1.0354326100595387e-19,6.209212766249417e-7,0.0016675746975328347,8.578271554257577e-18,310.66083973035785
1e-10,1.0400916947473957e-19,6.209212766249417e-7,0.001675078200574608,8.578271554257573e-18,310.66083973035774
1e-10,1.0440610155171327e-19,6.209212766249417e-7,0.0016814708318455358,8.57827155425757e-18,310.6608397303576
1e-10,1.048926362275535e-19,6.209212766249417e-7,0.0016893065220393848,8.578271554257575e-18,310.6608397303578
1e-10,1.0526517332030841e-19,6.209212766249417e-7,0.0016953062696205897,8.578271554257575e-18,310.6608397303578
1e-10,1.0553665384756071e-19,6.209212766249417e-7,0.0016996784909870074,8.578271554257578e-18,310.6608397303579
1e-10,1.0581230006312756e-19,6.209212766249417e-7,0.0017041178011853169,8.578271554257578e-18,310.6608397303579
1e-10,1.0609809597473882e-19,6.209212766249417e-7,0.0017087205732656155,8.578271554257583e-18,310.6608397303581
1e-10,1.0655953657826636e-19,6.209212766249417e-7,0.0017161521208852388,8.57827155425758e-18,310.66083973035796
1e-10,1.0678386794084695e-19,6.209212766249417e-7,0.0017197650001829165,8.578271554257584e-18,310.66083973035813
1e-10,1.0756516487577667e-19,6.209212766249417e-7,0.0017323478663906345,8.578271554257583e-18,310.6608397303581
1e-10,1.0795604487108952e-19,6.209212766249417e-7,0.001738643028273917,8.578271554257578e-18,310.6608397303579
1e-10,1.0837588496673486e-19,6.209212766249417e-7,0.0017454045955039436,8.578271554257577e-18,310.66083973035785
1e-10,1.088140289037627e-19,6.209212766249417e-7,0.0017524609479518643,8.578271554257581e-18,310.660839730358
1e-10,1.0908715876134473e-19,6.209212766249417e-7,0.0017568597319501619,8.57827155425758e-18,310.66083973035796
1e-10,1.0951560622575488e-19,6.209212766249417e-7,0.0017637599217252488,8.578271554257581e-18,310.660839730358
1e-10,1.1002619659202355e-19,6.209212766249417e-7,0.0017719830312479894,8.578271554257587e-18,310.66083973035825
1e-10,1.1027691721515509e-19,6.209212766249417e-7,0.001776020912257549,8.578271554257581e-18,310.660839730358
1e-10,1.1042678877552343e-19,6.209212766249417e-7,0.00177843460890494,8.578271554257586e-18,310.6608397303582
1e-10,1.1078740866014413e-19,6.209212766249417e-7,0.0017842424286430697,8.578271554257587e-18,310.66083973035825
1e-10,1.1146547263625608e-19,6.209212766249417e-7,0.0017951627176013998,8.578271554257583e-18,310.6608397303581
1e-10,1.1182458605721e-19,6.209212766249417e-7,0.0018009462755897152,8.578271554257584e-18,310.66083973035813
1e-10,1.1244656210655954e-19,6.209212766249417e-7,0.0018109632628111926,8.578271554257577e-18,310.66083973035785
1e-10,1.1274498906176208e-19,6.209212766249417e-7,0.0018157694591268455,8.578271554257587e-18,310.66083973035825
1e-10,1.1294176361430385e-19,6.209212766249417e-7,0.001818938533209978,8.578271554257586e-18,310.6608397303582
1e-10,1.1359775140165431e-19,6.209212766249417e-7,0.0018295032829140972,8.578271554257581e-18,310.660839730358
1e-10,1.1403649765724193e-19,6.209212766249417e-7,0.0018365693357633803,8.578271554257581e-18,310.660839730358
1e-10,1.1464921776866787e-19,6.209212766249417e-7,0.0018464372551678565,8.578271554257578e-18,310.6608397303579
1e-10,1.150686843384479e-19,6.209212766249417e-7,0.0018531928067260198,8.578271554257575e-18,310.6608397303578
1e-10,1.1540692998432505e-19,6.209212766249417e-7,0.0018586402870848135,8.578271554257572e-18,310.6608397303577
1e-10,1.1584557112787803e-19,6.209212766249417e-7,0.001865704647094141,8.578271554257577e-18,310.66083973035785
1e-10,1.1626203632796126e-19,6.209212766249417e-7,0.0018724118612895855,8.57827155425758e-18,310.66083973035796
1e-10,1.1670306560515997e-19,6.209212766249417e-7,0.001879514682432967,8.578271554257581e-18,310.660839730358
1e-10,1.17003794550838e-19,6.209212766249417e-7,0.0018843579525381993,8.57827155425758e-18,310.66083973035796
1e-10,1.1735735410081272e-19,6.209212766249417e-7,0.0018900520648723186,8.578271554257583e-18,310.6608397303581
1e-10,1.1769071909334695e-19,6.209212766249417e-7,0.0018954209418150813,8.57827155425758e-18,310.66083973035796
1e-10,1.1803628268355476e-19,6.209212766249417e-7,0.0019009862784079281,8.578271554257581e-18,310.660839730358
1e-10,1.183434150328119e-19,6.209212766249417e-7,0.0019059326759758547,8.578271554257583e-18,310.6608397303581
1e-10,1.1869783444073704e-19,6.209212766249417e-7,0.0019116406364092869,8.578271554257581e-18,310.660839730358
1e-10,1.1937948109212539e-19,6.209212766249417e-7,0.0019226186247155257,8.578271554257581e-18,310.660839730358
1e-10,1.1988741243348507e-19,6.209212766249417e-7,0.0019307989103730019,8.578271554257573e-18,310.66083973035774
1e-10,1.2022059416596563e-19,6.209212766249417e-7,0.0019361648358940534,8.578271554257573e-18,310.66083973035774
1e-10,1.204399626655972e-19,6.209212766249417e-7,0.0019396977877816737,8.578271554257572e-18,310.6608397303577
1e-10,1.207660559061824e-19,6.209212766249417e-7,0.0019449495524233639,8.57827155425757e-18,310.6608397303576
1e-10,1.2103956730482073e-19,6.209212766249417e-7,0.0019493544811789868,8.578271554257567e-18,310.6608397303575
1e-10,1.2160535491003784e-19,6.209212766249417e-7,0.0019584665478211945,8.578271554257566e-18,310.66083973035745
1e-10,1.2227711312138099e-19,6.209212766249417e-7,0.001969285281799752,8.578271554257564e-18,310.6608397303574
1e-10,1.225351512766658e-19,6.209212766249417e-7,0.0019734410124052065,8.578271554257563e-18,310.66083973035734
1e-10,1.2315585832750567e-19,6.209212766249417e-7,0.001983437562277257,8.578271554257563e-18,310.66083973035734
1e-10,1.2368992234222232e-19,6.209212766249417e-7,0.0019920387172838883,8.578271554257557e-18,310.6608397303571
1e-10,1.2438219281905876e-19,6.209212766249417e-7,0.0020031878033741463,8.578271554257558e-18,310.66083973035717
1e-10,1.247491354152647e-19,6.209212766249417e-7,0.0020090974510222426,8.578271554257561e-18,310.6608397303573
1e-10,1.2499944432716328e-19,6.209212766249417e-7,0.0020131287013807285,8.578271554257561e-18,310.6608397303573
1e-10,1.258417935490918e-19,6.209212766249417e-7,0.0020266948208493216,8.578271554257564e-18,310.6608397303574
1e-10,1.2617597809892433e-19,6.209212766249417e-7,0.0020320768968453157,8.578271554257557e-18,310.6608397303571
1e-10,1.265316552496136e-19,6.209212766249417e-7,0.002037805113353253,8.578271554257557e-18,310.6608397303571
1e-10,1.2678204828010466e-19,6.209212766249417e-7,0.0020418377184501842,8.578271554257561e-18,310.6608397303573
1e-10,1.2722087255914635e-19,6.209212766249417e-7,0.0020489050278750913,8.578271554257557e-18,310.6608397303571
1e-10,1.2764337330023905e-19,6.209212766249417e-7,0.0020557094450693167,8.57827155425756e-18,310.6608397303572
1e-10,1.2784625115569072e-19,6.209212766249417e-7,0.002058976813463494,8.578271554257567e-18,310.6608397303575
1e-10,1.2834341289528075e-19,6.209212766249417e-7,0.0020669836535945393,8.578271554257561e-18,310.6608397303573
1e-10,1.2878686108820056e-19,6.209212766249417e-7,0.002074125431620414,8.578271554257566e-18,310.66083973035745
1e-10,1.2927604746165913e-19,6.209212766249417e-7,0.00208200382767277,8.578271554257555e-18,310.66083973035705
1e-10,1.2956236094473601e-19,6.209212766249417e-7,0.0020866149352939027,8.578271554257557e-18,310.6608397303571
1e-10,1.3004305104144844e-19,6.209212766249417e-7,0.0020943564979494017,8.578271554257558e-18,310.66083973035717
1e-10,1.3007861316798527e-19,6.209212766249417e-7,0.0020949292295963204,8.578271554257552e-18,310.66083973035694
1e-10,1.302282028873559e-19,6.209212766249417e-7,0.00209733838716592,8.578271554257561e-18,310.6608397303573
1e-10,1.3071189311457617e-19,6.209212766249417e-7,0.0021051282672268734,8.578271554257564e-18,310.6608397303574
1e-10,1.311437114571002e-19,6.209212766249417e-7,0.0021120827453351325,8.578271554257561e-18,310.6608397303573
1e-10,1.3153902510234986e-19,6.209212766249417e-7,0.002118449311599352,8.578271554257569e-18,310.66083973035757
1e-10,1.318995896162869e-19,6.209212766249417e-7,0.002124256239587018,8.578271554257572e-18,310.6608397303577
1e-10,1.3228476337643327e-19,6.209212766249417e-7,0.002130459501975448,8.57827155425757e-18,310.6608397303576
1e-10,1.3291513966668107e-19,6.209212766249417e-7,0.002140611775926733,8.578271554257564e-18,310.6608397303574
1e-10,1.3352320498549442e-19,6.209212766249417e-7,0.002150404729425098,8.578271554257569e-18,310.66083973035757
1e-10,1.339465396969611e-19,6.209212766249417e-7,0.0021572225777965978,8.578271554257566e-18,310.66083973035745
1e-10,1.344683601326895e-19,6.209212766249417e-7,0.0021656265487245193,8.578271554257569e-18,310.66083973035757
1e-10,1.3495869437784072e-19,6.209212766249417e-7,0.0021735234313666548,8.578271554257569e-18,310.66083973035757
1e-10,1.3536601525442452e-19,6.209212766249417e-7,0.0021800833753066956,8.578271554257567e-18,310.6608397303575
1e-10,1.3575996355145712e-19,6.209212766249417e-7,0.0021864279524997,8.57827155425757e-18,310.6608397303576
1e-10,1.3620377502455898e-19,6.209212766249417e-7,0.0021935755811896725,8.578271554257575e-18,310.6608397303578
1e-10,1.3680987480724533e-19,6.209212766249417e-7,0.002203336879529791,8.578271554257577e-18,310.66083973035785
1e-10,1.3729329291668501e-19,6.209212766249417e-7,0.0022111223771063494,8.57827155425758e-18,310.66083973035796
1e-10,1.377447810795746e-19,6.209212766249417e-7,0.0022183936396622675,8.57827155425758e-18,310.66083973035796
1e-10,1.38126083220848e-19,6.209212766249417e-7,0.002224534549236924,8.57827155425758e-18,310.66083973035796
1e-10,1.3860477166455394e-19,6.209212766249417e-7,0.0022322438750681773,8.578271554257573e-18,310.66083973035774
1e-10,1.391309080664084e-19,6.209212766249417e-7,0.0022407173550673537,8.57827155425758e-18,310.66083973035796
1e-10,1.3938123510062723e-19,6.209212766249417e-7,0.0022447488972876413,8.578271554257578e-18,310.6608397303579
1e-10,1.3970268919722447e-19,6.209212766249417e-7,0.0022499259480459038,8.578271554257586e-18,310.6608397303582
1e-10,1.401041932992461e-19,6.209212766249417e-7,0.002256392212242937,8.578271554257586e-18,310.6608397303582
1e-10,1.40655536677963e-19,6.209212766249417e-7,0.00226527165315554,8.578271554257583e-18,310.6608397303581
1e-10,1.4088938193924022e-19,6.209212766249417e-7,0.0022690377547545755,8.578271554257581e-18,310.660839730358
1e-10,1.4122942771421985e-19,6.209212766249417e-7,0.0022745142263747454,8.578271554257586e-18,310.6608397303582
1e-10,1.4162347640982228e-19,6.209212766249417e-7,0.002280860420496878,8.578271554257583e-18,310.6608397303581
1e-10,1.419328777120938e-19,6.209212766249417e-7,0.0022858433597827293,8.57827155425758e-18,310.66083973035796
1e-10,1.4220361423462464e-19,6.209212766249417e-7,0.0022902035988778113,8.57827155425758e-18,310.66083973035796
1e-10,1.4305823971722468e-19,6.209212766249417e-7,0.0023039674287669305,8.578271554257581e-18,310.660839730358
1e-10,1.4356608262963615e-19,6.209212766249417e-7,0.002312146290267246,8.578271554257581e-18,310.660839730358
1e-10,1.4400063615965026e-19,6.209212766249417e-7,0.0023191448188468458,8.578271554257581e-18,310.660839730358
1e-10,1.4472222165159471e-19,6.209212766249417e-7,0.0023307660262222264,8.578271554257583e-18,310.6608397303581
1e-10,1.4529185760613168e-19,6.209212766249417e-7,0.0023399400709197002,8.578271554257578e-18,310.6608397303579
1e-10,1.4558402008779703e-19,6.209212766249417e-7,0.0023446453772550447,8.578271554257575e-18,310.6608397303578
1e-10,1.4600585048222401e-19,6.209212766249417e-7,0.0023514389984483765,8.578271554257572e-18,310.6608397303577
1e-10,1.4659846656381118e-19,6.209212766249417e-7,0.002360983140417683,8.578271554257577e-18,310.66083973035785
1e-10,1.4696612008903998e-19,6.209212766249417e-7,0.0023669042376496417,8.578271554257572e-18,310.6608397303577
1e-10,1.477240427209467e-19,6.209212766249417e-7,0.0023791106583415924,8.578271554257567e-18,310.6608397303575
1e-10,1.4871128996008564e-19,6.209212766249417e-7,0.002395010375041674,8.578271554257569e-18,310.66083973035757
1e-10,1.4900756056225255e-19,6.209212766249417e-7,0.002399781843073456,8.578271554257569e-18,310.66083973035757
1e-10,1.4952028678787946e-19,6.209212766249417e-7,0.002408039350827319,8.578271554257567e-18,310.6608397303575
1e-10,1.4965588654839232e-19,6.209212766249417e-7,0.0024102231986936687,8.578271554257569e-18,310.66083973035757
1e-10,1.500388383071854e-19,6.209212766249417e-7,0.002416390675525428,8.578271554257569e-18,310.66083973035757
1e-10,1.5039986100703345e-19,6.209212766249417e-7,0.002422204982643561,8.578271554257569e-18,310.66083973035757
1e-10,1.5057470674329653e-19,6.209212766249417e-7,0.002425020890921233,8.57827155425757e-18,310.6608397303576
1e-10,1.5085720694716867e-19,6.209212766249417e-7,0.0024295705852948528,8.578271554257572e-18,310.6608397303577
1e-10,1.5130884344130895e-19,6.209212766249417e-7,0.002436844236740575,8.57827155425757e-18,310.6608397303576
1e-10,1.5180788817620194e-19,6.209212766249417e-7,0.0024448814027015417,8.578271554257569e-18,310.66083973035757
1e-10,1.5248030710983004e-19,6.209212766249417e-7,0.002455710777679366,8.578271554257564e-18,310.6608397303574
1e-10,1.529534613347309e-19,6.209212766249417e-7,0.0024633309743566766,8.578271554257561e-18,310.6608397303573
1e-10,1.5322638797843582e-19,6.209212766249417e-7,0.002467726485574917,8.578271554257563e-18,310.66083973035734
1e-10,1.5363087189154242e-19,6.209212766249417e-7,0.002474240739931044,8.578271554257561e-18,310.6608397303573
1e-10,1.5395592610838727e-19,6.209212766249417e-7,0.0024794757709902422,8.578271554257561e-18,310.6608397303573
1e-10,1.5436180824135706e-19,6.209212766249417e-7,0.002486012543818772,8.578271554257566e-18,310.66083973035745
1e-10,1.5482395474455693e-19,6.209212766249417e-7,0.002493455460024058,8.578271554257567e-18,310.6608397303575
1e-10,1.5503821807015493e-19,6.209212766249417e-7,0.002496906192567202,8.57827155425757e-18,310.6608397303576
1e-10,1.551857149051616e-19,6.209212766249417e-7,0.0024992816440223106,8.578271554257573e-18,310.66083973035774
1e-10,1.5550966759456257e-19,6.209212766249417e-7,0.0025044989348705455,8.578271554257575e-18,310.6608397303578
1e-10,1.561134972417539e-19,6.209212766249417e-7,0.0025142236724487693,8.578271554257572e-18,310.6608397303577
1e-10,1.5668508402180763e-19,6.209212766249417e-7,0.0025234291353886224,8.578271554257573e-18,310.66083973035774
1e-10,1.569459845655833e-19,6.209212766249417e-7,0.002527630965050409,8.578271554257573e-18,310.66083973035774
1e-10,1.578007725283246e-19,6.209212766249417e-7,0.0025413974116986465,8.578271554257572e-18,310.6608397303577
1e-10,1.5819032327570945e-19,6.209212766249417e-7,0.0025476711659095227,8.578271554257572e-18,310.6608397303577
1e-10,1.5850508878550258e-19,6.209212766249417e-7,0.002552740496300391,8.578271554257577e-18,310.66083973035785
1e-10,1.5890159615382502e-19,6.209212766249417e-7,0.0025591262875955074,8.578271554257577e-18,310.66083973035785
1e-10,1.5928216841674632e-19,6.209212766249417e-7,0.0025652554424054367,8.578271554257577e-18,310.66083973035785
1e-10,1.5964813845332955e-19,6.209212766249417e-7,0.0025711494268823814,8.57827155425758e-18,310.66083973035796
1e-10,1.6006320577548655e-19,6.209212766249417e-7,0.002577834128112353,8.578271554257581e-18,310.660839730358
1e-10,1.6041334138788936e-19,6.209212766249417e-7,0.002583473097585359,8.578271554257581e-18,310.660839730358
1e-10,1.6082299769914382e-19,6.209212766249417e-7,0.0025900706539371265,8.57827155425758e-18,310.66083973035796
1e-10,1.611233255060282e-19,6.209212766249417e-7,0.0025949074636614903,8.578271554257573e-18,310.66083973035774
1e-10,1.6151606315284593e-19,6.209212766249417e-7,0.0026012325432102613,8.57827155425757e-18,310.6608397303576
1e-10,1.616527927971184e-19,6.209212766249417e-7,0.0026034345879689088,8.578271554257575e-18,310.6608397303578
1e-10,1.619790613728479e-19,6.209212766249417e-7,0.002608689176400843,8.578271554257575e-18,310.6608397303578
1e-10,1.6248370544306988e-19,6.209212766249417e-7,0.00261681652022396,8.578271554257577e-18,310.66083973035785
1e-10,1.6270365167790915e-19,6.209212766249417e-7,0.0026203587765955697,8.578271554257577e-18,310.66083973035785
1e-10,1.629634050679104e-19,6.209212766249417e-7,0.0026245421312297216,8.578271554257573e-18,310.66083973035774
1e-10,1.6330849362598084e-19,6.209212766249417e-7,0.002630099817381921,8.578271554257573e-18,310.66083973035774
1e-10,1.6389184444624446e-19,6.209212766249417e-7,0.002639494741379927,8.578271554257575e-18,310.6608397303578
1e-10,1.6423480747260631e-19,6.209212766249417e-7,0.0026450181956288467,8.578271554257573e-18,310.66083973035774
1e-10,1.6449508680558548e-19,6.209212766249417e-7,0.0026492100206278856,8.578271554257575e-18,310.6608397303578
1e-10,1.6491474393213633e-19,6.209212766249417e-7,0.002655968641122128,8.578271554257569e-18,310.66083973035757
1e-10,1.6539575351203394e-19,6.209212766249417e-7,0.0026637153490866572,8.578271554257566e-18,310.66083973035745
1e-10,1.6569691194432762e-19,6.209212766249417e-7,0.0026685655361173006,8.578271554257569e-18,310.66083973035757
1e-10,1.661019202897928e-19,6.209212766249417e-7,0.0026750882365096373,8.578271554257566e-18,310.66083973035745
1e-10,1.666673710733572e-19,6.209212766249417e-7,0.0026841948786050403,8.578271554257569e-18,310.66083973035757
1e-10,1.6713696647540631e-19,6.209212766249417e-7,0.0026917577600801545,8.578271554257572e-18,310.6608397303577
1e-10,1.6756477620238783e-19,6.209212766249417e-7,0.002698647679029412,8.578271554257566e-18,310.66083973035745
1e-10,1.6800327927687445e-19,6.209212766249417e-7,0.0027057098154224524,8.578271554257564e-18,310.6608397303574
1e-10,1.685760277837126e-19,6.209212766249417e-7,0.0027149339880897408,8.578271554257566e-18,310.66083973035745
1e-10,1.6898449455622057e-19,6.209212766249417e-7,0.00272151238679961,8.578271554257563e-18,310.66083973035734
1e-10,1.6934795207439395e-19,6.209212766249417e-7,0.002727365906913286,8.578271554257567e-18,310.6608397303575
1e-10,1.6983261320388763e-19,6.209212766249417e-7,0.002735171423453613,8.578271554257567e-18,310.6608397303575
1e-10,1.7009082037523402e-19,6.209212766249417e-7,0.002739329876079844,8.578271554257567e-18,310.6608397303575
1e-10,1.7065191263101778e-19,6.209212766249417e-7,0.002748366323644238,8.578271554257572e-18,310.6608397303577
1e-10,1.7139963982091767e-19,6.209212766249417e-7,0.0027604085457108452,8.578271554257577e-18,310.66083973035785
1e-10,1.7160613298354624e-19,6.209212766249417e-7,0.0027637341389929915,8.578271554257572e-18,310.6608397303577
1e-10,1.720082231160155e-19,6.209212766249417e-7,0.0027702098412696933,8.578271554257573e-18,310.66083973035774
1e-10,1.7216544374473584e-19,6.209212766249417e-7,0.002772741895406651,8.578271554257575e-18,310.6608397303578
1e-10,1.7243449297001e-19,6.209212766249417e-7,0.002777074960408653,8.578271554257577e-18,310.66083973035785
1e-10,1.7280814422017383e-19,6.209212766249417e-7,0.002783092651607686,8.578271554257573e-18,310.66083973035774
1e-10,1.731453448205644e-19,6.209212766249417e-7,0.002788523301403155,8.578271554257575e-18,310.6608397303578
1e-10,1.7373607428360308e-19,6.209212766249417e-7,0.0027980370591898043,8.578271554257578e-18,310.6608397303579
1e-10,1.7421329681006033e-19,6.209212766249417e-7,0.0028057227762754103,8.578271554257578e-18,310.6608397303579
1e-10,1.7436760509500007e-19,6.209212766249417e-7,0.0028082079268210397,8.578271554257578e-18,310.6608397303579
1e-10,1.7490283919115057e-19,6.209212766249417e-7,0.0028168279261075804,8.57827155425758e-18,310.66083973035796
1e-10,1.7521962217559518e-19,6.209212766249417e-7,0.0028219297481318875,8.578271554257584e-18,310.66083973035813
1e-10,1.7557120920736104e-19,6.209212766249417e-7,0.0028275920928606257,8.578271554257584e-18,310.66083973035813
1e-10,1.7599446327987798e-19,6.209212766249417e-7,0.0028344086425336787,8.578271554257586e-18,310.6608397303582
1e-10,1.76473668477464e-19,6.209212766249417e-7,0.0028421262907384684,8.578271554257583e-18,310.6608397303581
1e-10,1.76906314940673e-19,6.209212766249417e-7,0.002849094105814168,8.578271554257583e-18,310.6608397303581
1e-10,1.7733998854465082e-19,6.209212766249417e-7,0.0028560784630959008,8.578271554257586e-18,310.6608397303582
1e-10,1.7764088962745945e-19,6.209212766249417e-7,0.0028609245054870428,8.578271554257583e-18,310.6608397303581
1e-10,1.7836575578421778e-19,6.209212766249417e-7,0.0028725985483012686,8.578271554257584e-18,310.66083973035813
1e-10,1.7885369984774652e-19,6.209212766249417e-7,0.002880456936826477,8.578271554257587e-18,310.66083973035825
1e-10,1.7929537281344202e-19,6.209212766249417e-7,0.0028875701246382436,8.578271554257592e-18,310.66083973035836
1e-10,1.7988979695290218e-19,6.209212766249417e-7,0.0028971433855625784,8.578271554257583e-18,310.6608397303581
1e-10,1.8029930071336167e-19,6.209212766249417e-7,0.0029037384850683543,8.578271554257584e-18,310.66083973035813
1e-10,1.8077339119338155e-19,6.209212766249417e-7,0.0029113737602291094,8.57827155425758e-18,310.66083973035796
1e-10,1.8110443316552609e-19,6.209212766249417e-7,0.002916705224693396,8.578271554257578e-18,310.6608397303579
1e-10,1.813255137425572e-19,6.209212766249417e-7,0.002920265749760806,8.578271554257584e-18,310.66083973035813
1e-10,1.8165923649695043e-19,6.209212766249417e-7,0.0029256403884945145,8.578271554257583e-18,310.6608397303581
1e-10,1.8205077860019102e-19,6.209212766249417e-7,0.0029319462136929817,8.57827155425758e-18,310.66083973035796
1e-10,1.8246534409239463e-19,6.209212766249417e-7,0.002938622832900766,8.578271554257587e-18,310.66083973035825
1e-10,1.8283080888368802e-19,6.209212766249417e-7,0.0029445086803511853,8.57827155425759e-18,310.6608397303583
1e-10,1.8322825603563246e-19,6.209212766249417e-7,0.0029509096069566445,8.578271554257586e-18,310.6608397303582
1e-10,1.833924374990381e-19,6.209212766249417e-7,0.0029535537660406765,8.578271554257581e-18,310.660839730358
1e-10,1.8373586227173348e-19,6.209212766249417e-7,0.002959084656761028,8.578271554257586e-18,310.6608397303582
1e-10,1.8411065985125046e-19,6.209212766249417e-7,0.002965120809710307,8.578271554257589e-18,310.6608397303583
1e-10,1.8436587267002465e-19,6.209212766249417e-7,0.0029692310379853216,8.578271554257586e-18,310.6608397303582
1e-10,1.8462871819259866e-19,6.209212766249417e-7,0.0029734641917274953,8.578271554257586e-18,310.6608397303582
1e-10,1.848735714174656e-19,6.209212766249417e-7,0.0029774075776941972,8.578271554257581e-18,310.660839730358
1e-10,1.8540624747607952e-19,6.209212766249417e-7,0.0029859863795273266,8.578271554257577e-18,310.66083973035785
1e-10,1.8573693380699127e-19,6.209212766249417e-7,0.002991312116353567,8.578271554257572e-18,310.6608397303577
1e-10,1.8614794704242788e-19,6.209212766249417e-7,0.0029979315261066146,8.578271554257573e-18,310.66083973035774
1e-10,1.863255000519259e-19,6.209212766249417e-7,0.0030007910352937233,8.578271554257573e-18,310.66083973035774
1e-10,1.8664011549525699e-19,6.209212766249417e-7,0.0030058579488490326,8.578271554257569e-18,310.66083973035757
1e-10,1.8730175247609506e-19,6.209212766249417e-7,0.0030165136793859925,8.578271554257564e-18,310.6608397303574
1e-10,1.8765613998072037e-19,6.209212766249417e-7,0.0030222211260135523,8.57827155425757e-18,310.6608397303576
1e-10,1.8813146041490803e-19,6.209212766249417e-7,0.0030298762097106563,8.578271554257569e-18,310.66083973035757
1e-10,1.8863207372721525e-19,6.209212766249417e-7,0.003037938637769626,8.578271554257575e-18,310.6608397303578
1e-10,1.8881540499855576e-19,6.209212766249417e-7,0.0030408912064484933,8.578271554257569e-18,310.66083973035757
1e-10,1.8909233980501986e-19,6.209212766249417e-7,0.003045351269533614,8.578271554257563e-18,310.66083973035734
1e-10,1.8979485138677143e-19,6.209212766249417e-7,0.003056665289654975,8.578271554257563e-18,310.66083973035734
1e-10,1.9036469741640491e-19,6.209212766249417e-7,0.0030658427176331387,8.578271554257566e-18,310.66083973035745
1e-10,1.9082726091235971e-19,6.209212766249417e-7,0.0030732923495489445,8.578271554257566e-18,310.66083973035745
1e-10,1.9110857686142916e-19,6.209212766249417e-7,0.003077822971379115,8.578271554257563e-18,310.66083973035734
1e-10,1.912523427885453e-19,6.209212766249417e-7,0.003080138336185063,8.578271554257566e-18,310.66083973035745
1e-10,1.9157452414204654e-19,6.209212766249417e-7,0.0030853270994893657,8.578271554257564e-18,310.6608397303574
1e-10,1.9198610641392776e-19,6.209212766249417e-7,0.003091955673631943,8.57827155425756e-18,310.6608397303572
1e-10,1.9240073234849798e-19,6.209212766249417e-7,0.0030986332662701586,8.57827155425756e-18,310.6608397303572
1e-10,1.9312753083711943e-19,6.209212766249417e-7,0.0031103384294846005,8.578271554257558e-18,310.66083973035717
1e-10,1.9355758813903978e-19,6.209212766249417e-7,0.003117264545855712,8.578271554257561e-18,310.6608397303573
1e-10,1.9392020000021807e-19,6.209212766249417e-7,0.0031231044465778986,8.578271554257553e-18,310.660839730357
1e-10,1.9458857480653727e-19,6.209212766249417e-7,0.0031338686904761296,8.578271554257561e-18,310.6608397303573
1e-10,1.9493003626254862e-19,6.209212766249417e-7,0.003139367961782589,8.578271554257561e-18,310.6608397303573
1e-10,1.9537833197036796e-19,6.209212766249417e-7,0.0031465878095265102,8.57827155425756e-18,310.6608397303572
1e-10,1.9580101870742315e-19,6.209212766249417e-7,0.003153395222204535,8.578271554257552e-18,310.66083973035694
1e-10,1.961697528584954e-19,6.209212766249417e-7,0.0031593337230250663,8.57827155425755e-18,310.6608397303569
1e-10,1.9638927893551013e-19,6.209212766249417e-7,0.00316286921271239,8.578271554257547e-18,310.66083973035677
1e-10,1.965859525659964e-19,6.209212766249417e-7,0.0031660366614356047,8.578271554257544e-18,310.66083973035666
1e-10,1.9704076588712118e-19,6.209212766249417e-7,0.0031733614760014214,8.578271554257552e-18,310.66083973035694
1e-10,1.974653699052836e-19,6.209212766249417e-7,0.0031801997666857152,8.578271554257553e-18,310.660839730357
1e-10,1.9767150154791873e-19,6.209212766249417e-7,0.00318351953765178,8.578271554257555e-18,310.66083973035705
1e-10,1.9820049757650473e-19,6.209212766249417e-7,0.0031920390722288746,8.578271554257558e-18,310.66083973035717
1e-10,1.984857418697014e-19,6.209212766249417e-7,0.0031966329604387798,8.578271554257555e-18,310.66083973035705
1e-10,1.9879301842972154e-19,6.209212766249417e-7,0.0032015816805356393,8.578271554257555e-18,310.66083973035705
1e-10,1.991994572756457e-19,6.209212766249417e-7,0.003208127419282641,8.578271554257549e-18,310.6608397303568
1e-10,1.9991919291910918e-19,6.209212766249417e-7,0.003219718834661023,8.578271554257553e-18,310.660839730357
1e-10,2.002708383373005e-19,6.209212766249417e-7,0.0032253821197090523,8.578271554257552e-18,310.66083973035694
1e-10,2.006491061821276e-19,6.209212766249417e-7,0.0032314741616323566,8.578271554257543e-18,310.6608397303566
1e-10,2.0097582058870772e-19,6.209212766249417e-7,0.00323673593021526,8.57827155425755e-18,310.6608397303569
1e-10,2.0142987511299503e-19,6.209212766249417e-7,0.0032440485242812155,8.578271554257552e-18,310.66083973035694
1e-10,2.0173216197531985e-19,6.209212766249417e-7,0.0032489168847917122,8.578271554257547e-18,310.66083973035677
1e-10,2.0213646233988276e-19,6.209212766249417e-7,0.0032554281830799673,8.578271554257547e-18,310.66083973035677
1e-10,2.0240514684531793e-19,6.209212766249417e-7,0.0032597553742320503,8.578271554257549e-18,310.6608397303568
1e-10,2.0272948084700523e-19,6.209212766249417e-7,0.0032649788061532474,8.578271554257546e-18,310.6608397303567
1e-10,2.0338702300690793e-19,6.209212766249417e-7,0.0032755685891846294,8.578271554257552e-18,310.66083973035694
1e-10,2.0415958614839045e-19,6.209212766249417e-7,0.003288010796764982,8.57827155425756e-18,310.6608397303572
1e-10,2.0456055242198675e-19,6.209212766249417e-7,0.0032944683991807957,8.578271554257558e-18,310.66083973035717
1e-10,2.047900583182686e-19,6.209212766249417e-7,0.0032981646148674175,8.57827155425756e-18,310.6608397303572
1e-10,2.051974665296712e-19,6.209212766249417e-7,0.0033047259653435535,8.57827155425756e-18,310.6608397303572
1e-10,2.0539951779285727e-19,6.209212766249417e-7,0.0033079800213856388,8.578271554257563e-18,310.66083973035734
1e-10,2.0575756698953044e-19,6.209212766249417e-7,0.0033137464399342086,8.578271554257564e-18,310.6608397303574
1e-10,2.0609888768053617e-19,6.209212766249417e-7,0.003319243444206006,8.578271554257567e-18,310.6608397303575
1e-10,2.0654745036014425e-19,6.209212766249417e-7,0.003326467591557604,8.578271554257569e-18,310.66083973035757
1e-10,2.0705983883739596e-19,6.209212766249417e-7,0.003334719659839703,8.578271554257567e-18,310.6608397303575
1e-10,2.0761134516930435e-19,6.209212766249417e-7,0.0033436017251299464,8.578271554257569e-18,310.66083973035757
1e-10,2.079285549482941e-19,6.209212766249417e-7,0.0033487104207235966,8.578271554257567e-18,310.6608397303575
1e-10,2.0820287094843078e-19,6.209212766249417e-7,0.003353128307667779,8.578271554257569e-18,310.66083973035757
1e-10,2.0859936585251681e-19,6.209212766249417e-7,0.0033595138982251073,8.578271554257575e-18,310.6608397303578
1e-10,2.093094729049381e-19,6.209212766249417e-7,0.003370950244170299,8.578271554257577e-18,310.66083973035785
1e-10,2.0981488133037163e-19,6.209212766249417e-7,0.0033790898980114543,8.578271554257572e-18,310.6608397303577
1e-10,2.102333613676318e-19,6.209212766249417e-7,0.0033858295613635437,8.578271554257572e-18,310.6608397303577
1e-10,2.1069688496965715e-19,6.209212766249417e-7,0.003393294655884783,8.57827155425757e-18,310.6608397303576
1e-10,2.1138114833284505e-19,6.209212766249417e-7,0.003404314786599376,8.578271554257572e-18,310.6608397303577
1e-10,2.1182013929865506e-19,6.209212766249417e-7,0.0034113847805315564,8.578271554257572e-18,310.6608397303577
1e-10,2.1231947452763725e-19,6.209212766249417e-7,0.003419426624929229,8.578271554257577e-18,310.66083973035785
1e-10,2.1291718528968327e-19,6.209212766249417e-7,0.0034290528172429297,8.57827155425758e-18,310.66083973035796
1e-10,2.1343060062046373e-19,6.209212766249417e-7,0.003437321423105031,8.57827155425758e-18,310.66083973035796
1e-10,2.1367789604423122e-19,6.209212766249417e-7,0.003441304140932188,8.578271554257578e-18,310.6608397303579
1e-10,2.1396229896545137e-19,6.209212766249417e-7,0.003445884478761261,8.578271554257572e-18,310.6608397303577
1e-10,2.1450843457527062e-19,6.209212766249417e-7,0.0034546800480287176,8.578271554257572e-18,310.6608397303577
1e-10,2.147124718619435e-19,6.209212766249417e-7,0.003457966089180052,8.578271554257567e-18,310.6608397303575
1e-10,2.1502861453246276e-19,6.209212766249417e-7,0.003463057598883789,8.578271554257561e-18,310.6608397303573
1e-10,2.1568540269935453e-19,6.209212766249417e-7,0.003473635238781423,8.578271554257558e-18,310.66083973035717
1e-10,2.163236237104995e-19,6.209212766249417e-7,0.0034839138527566773,8.578271554257558e-18,310.66083973035717
1e-10,2.1678227322242495e-19,6.209212766249417e-7,0.003491300449563578,8.578271554257555e-18,310.66083973035705
1e-10,2.1712779045043543e-19,6.209212766249417e-7,0.003496865039488545,8.578271554257558e-18,310.66083973035717
1e-10,2.1755211785053813e-19,6.209212766249417e-7,0.0035036988752109918,8.578271554257558e-18,310.66083973035717
1e-10,2.1784130189362686e-19,6.209212766249417e-7,0.0035083562134916287,8.578271554257566e-18,310.66083973035745
1e-10,2.181496690577738e-19,6.209212766249417e-7,0.0035133224978783242,8.578271554257569e-18,310.66083973035757
1e-10,2.184981940201141e-19,6.209212766249417e-7,0.003518935527669069,8.578271554257573e-18,310.66083973035774
1e-10,2.1880379271996604e-19,6.209212766249417e-7,0.0035238572256581125,8.578271554257577e-18,310.66083973035785
1e-10,2.1921904787122205e-19,6.209212766249417e-7,0.0035305449518947324,8.578271554257573e-18,310.66083973035774
1e-10,2.1965751295944265e-19,6.209212766249417e-7,0.0035376064765151143,8.578271554257569e-18,310.66083973035757
1e-10,2.1993725199782755e-19,6.209212766249417e-7,0.00354211170203912,8.57827155425757e-18,310.6608397303576
1e-10,2.202484098140169e-19,6.209212766249417e-7,0.0035471229301593846,8.578271554257573e-18,310.66083973035774
1e-10,2.206731349656404e-19,6.209212766249417e-7,0.003553963171710329,8.578271554257575e-18,310.6608397303578
1e-10,2.210478203337329e-19,6.209212766249417e-7,0.00355999751748326,8.578271554257575e-18,310.6608397303578
1e-10,2.2141273131883142e-19,6.209212766249417e-7,0.0035658744458288635,8.578271554257578e-18,310.6608397303579
1e-10,2.2167210627038977e-19,6.209212766249417e-7,0.0035700517056735928,8.578271554257575e-18,310.6608397303578
1e-10,2.2204982824054103e-19,6.209212766249417e-7,0.003576134956229998,8.578271554257572e-18,310.6608397303577
1e-10,2.2237098994971237e-19,6.209212766249417e-7,0.003581307298059175,8.578271554257566e-18,310.66083973035745
1e-10,2.2274135388890577e-19,6.209212766249417e-7,0.0035872720467823396,8.578271554257566e-18,310.66083973035745
1e-10,2.22958122576712e-19,6.209212766249417e-7,0.0035907631284374003,8.578271554257569e-18,310.66083973035757
1e-10,2.2343716386722036e-19,6.209212766249417e-7,0.003598478136902116,8.578271554257567e-18,310.6608397303575
1e-10,2.2386588147264376e-19,6.209212766249417e-7,0.003605382677325561,8.578271554257564e-18,310.6608397303574
1e-10,2.2452887405324794e-19,6.209212766249417e-7,0.003616060239933947,8.578271554257564e-18,310.6608397303574
1e-10,2.252100659993529e-19,6.209212766249417e-7,0.003627030905165579,8.578271554257561e-18,310.6608397303573
1e-10,2.252331206977333e-19,6.209212766249417e-7,0.003627402203416232,8.578271554257557e-18,310.6608397303571
1e-10,2.255225131200901e-19,6.209212766249417e-7,0.0036320628976660697,8.578271554257558e-18,310.66083973035717
1e-10,2.260241410691522e-19,6.209212766249417e-7,0.003640141666552663,8.578271554257561e-18,310.6608397303573
1e-10,2.2642133121742292e-19,6.209212766249417e-7,0.003646538454087947,8.578271554257566e-18,310.66083973035745
1e-10,2.2709433472543943e-19,6.209212766249417e-7,0.003657377243695458,8.578271554257569e-18,310.66083973035757
1e-10,2.274150371480666e-19,6.209212766249417e-7,0.0036625421886683595,8.578271554257569e-18,310.66083973035757
1e-10,2.2781116792034747e-19,6.209212766249417e-7,0.003668921914846114,8.578271554257572e-18,310.6608397303577
1e-10,2.284254251018624e-19,6.209212766249417e-7,0.003678814588919932,8.57827155425757e-18,310.6608397303576
1e-10,2.289617524668827e-19,6.209212766249417e-7,0.003687452195412264,8.578271554257573e-18,310.66083973035774
1e-10,2.293330561509358e-19,6.209212766249417e-7,0.0036934320788215,8.57827155425757e-18,310.6608397303576
1e-10,2.295834434034501e-19,6.209212766249417e-7,0.00369746459086353,8.578271554257566e-18,310.66083973035745
1e-10,2.3014287127392437e-19,6.209212766249417e-7,0.0037064742333340716,8.578271554257564e-18,310.6608397303574
1e-10,2.3055448260208736e-19,6.209212766249417e-7,0.0037131032754310076,8.57827155425757e-18,310.6608397303576
1e-10,2.3085375949531587e-19,6.209212766249417e-7,0.0037179231600845864,8.578271554257569e-18,310.66083973035757
1e-10,2.3121659481996035e-19,6.209212766249417e-7,0.0037237666597085112,8.578271554257567e-18,310.6608397303575
1e-10,2.315801225376797e-19,6.209212766249417e-7,0.0037296213103929802,8.578271554257564e-18,310.6608397303574
1e-10,2.3205015948236177e-19,6.209212766249417e-7,0.0037371913029568844,8.578271554257569e-18,310.66083973035757
1e-10,2.324236248795187e-19,6.209212766249417e-7,0.003743206000974432,8.578271554257578e-18,310.6608397303579
1e-10,2.3300455772267557e-19,6.209212766249417e-7,0.003752561983206424,8.578271554257572e-18,310.6608397303577
1e-10,2.338061448729271e-19,6.209212766249417e-7,0.003765471625385359,8.578271554257577e-18,310.66083973035785
1e-10,2.339671982042168e-19,6.209212766249417e-7,0.0037680654055850826,8.578271554257572e-18,310.6608397303577
1e-10,2.3428573007765377e-19,6.209212766249417e-7,0.003773195393643607,8.57827155425757e-18,310.6608397303576
1e-10,2.3451680830392887e-19,6.209212766249417e-7,0.0037769169318638968,8.578271554257566e-18,310.66083973035745
1e-10,2.3483335366615866e-19,6.209212766249417e-7,0.003782014926958386,8.578271554257564e-18,310.6608397303574
1e-10,2.3521084355361553e-19,6.209212766249417e-7,0.0037880944397995107,8.57827155425757e-18,310.6608397303576
1e-10,2.3556148002884256e-19,6.209212766249417e-7,0.00379374147571899,8.578271554257564e-18,310.6608397303574
1e-10,2.358810603441349e-19,6.209212766249417e-7,0.0037988883490397024,8.578271554257561e-18,310.6608397303573
1e-10,2.3636694906908203e-19,6.209212766249417e-7,0.003806713636129045,8.578271554257561e-18,310.6608397303573
1e-10,2.367105756241868e-19,6.209212766249417e-7,0.003812247776575521,8.578271554257566e-18,310.66083973035745
1e-10,2.371029682346739e-19,6.209212766249417e-7,0.003818567299279268,8.57827155425756e-18,310.6608397303572
1e-10,2.3736151324864884e-19,6.209212766249417e-7,0.0038227311928952235,8.578271554257567e-18,310.6608397303575
1e-10,2.3793025797522305e-19,6.209212766249417e-7,0.003831890884276161,8.57827155425757e-18,310.6608397303576
1e-10,2.3833777790562213e-19,6.209212766249417e-7,0.0038384540339980416,8.578271554257561e-18,310.6608397303573
1e-10,2.3877331361514003e-19,6.209212766249417e-7,0.0038454683806779504,8.578271554257572e-18,310.6608397303577
1e-10,2.392697224343663e-19,6.209212766249417e-7,0.003853463094950338,8.578271554257569e-18,310.66083973035757
1e-10,2.3966481318548657e-19,6.209212766249417e-7,0.0038598260714820466,8.578271554257569e-18,310.66083973035757
1e-10,2.40129317852338e-19,6.209212766249417e-7,0.0038673069661515976,8.578271554257567e-18,310.6608397303575
1e-10,2.404105220294637e-19,6.209212766249417e-7,0.003871835787883302,8.578271554257563e-18,310.66083973035734
1e-10,2.4077784317556167e-19,6.209212766249417e-7,0.0038777515321157204,8.578271554257567e-18,310.6608397303575
1e-10,2.4112492731611706e-19,6.209212766249417e-7,0.0038833413573258015,8.578271554257561e-18,310.6608397303573
1e-10,2.4157916312320206e-19,6.209212766249417e-7,0.003890656870969561,8.578271554257558e-18,310.66083973035717
1e-10,2.418063615972349e-19,6.209212766249417e-7,0.0038943159253873407,8.578271554257558e-18,310.66083973035717
1e-10,2.4209229183502562e-19,6.209212766249417e-7,0.003898920860804354,8.578271554257561e-18,310.6608397303573
1e-10,2.425754047311591e-19,6.209212766249417e-7,0.003906701442889727,8.578271554257563e-18,310.66083973035734
1e-10,2.4285731608153045e-19,6.209212766249417e-7,0.003911241653718122,8.578271554257567e-18,310.6608397303575
1e-10,2.4323524260580043e-19,6.209212766249417e-7,0.003917328198639311,8.578271554257566e-18,310.66083973035745
1e-10,2.4378712152528234e-19,6.209212766249417e-7,0.0039262162644901335,8.578271554257569e-18,310.66083973035757
1e-10,2.442631551201405e-19,6.209212766249417e-7,0.0039338828337120105,8.578271554257566e-18,310.66083973035745
1e-10,2.4451076956097146e-19,6.209212766249417e-7,0.003937870689341261,8.578271554257564e-18,310.6608397303574
1e-10,2.4473665138539385e-19,6.209212766249417e-7,0.003941508538983814,8.578271554257564e-18,310.6608397303574
1e-10,2.451218305916773e-19,6.209212766249417e-7,0.003947711889082833,8.578271554257566e-18,310.66083973035745
1e-10,2.456218058654135e-19,6.209212766249417e-7,0.003955764041466044,8.578271554257569e-18,310.66083973035757
1e-10,2.461128374063705e-19,6.209212766249417e-7,0.003963672154127701,8.578271554257569e-18,310.66083973035757
1e-10,2.4641276755085993e-19,6.209212766249417e-7,0.003968502559458949,8.578271554257577e-18,310.66083973035785
1e-10,2.466608905878548e-19,6.209212766249417e-7,0.003972498606080891,8.57827155425758e-18,310.66083973035796
1e-10,2.470246492716285e-19,6.209212766249417e-7,0.00397835697649704,8.578271554257583e-18,310.6608397303581
1e-10,2.47597258272391e-19,6.209212766249417e-7,0.003987578902404861,8.578271554257589e-18,310.6608397303583
1e-10,2.479701817359355e-19,6.209212766249417e-7,0.003993584872526735,8.578271554257584e-18,310.66083973035813
1e-10,2.4829749424428467e-19,6.209212766249417e-7,0.003998856273599158,8.578271554257586e-18,310.6608397303582
1e-10,2.4847197492598623e-19,6.209212766249417e-7,0.004001666302636172,8.578271554257586e-18,310.6608397303582
1e-10,2.487387610595536e-19,6.209212766249417e-7,0.004005962920317201,8.578271554257577e-18,310.66083973035785
1e-10,2.4921741377029206e-19,6.209212766249417e-7,0.004013671670665396,8.578271554257578e-18,310.6608397303579
1e-10,2.495540485480519e-19,6.209212766249417e-7,0.004019093207830135,8.578271554257577e-18,310.66083973035785
1e-10,2.4983929948503347e-19,6.209212766249417e-7,0.004023687203038868,8.57827155425758e-18,310.66083973035796
1e-10,2.502208876802799e-19,6.209212766249417e-7,0.00402983271954171,8.578271554257584e-18,310.66083973035813
1e-10,2.5114524284603526e-19,6.209212766249417e-7,0.004044719553034995,8.578271554257583e-18,310.6608397303581
1e-10,2.5159878669672603e-19,6.209212766249417e-7,0.004052023922650996,8.578271554257581e-18,310.660839730358
1e-10,2.5183751455596986e-19,6.209212766249417e-7,0.004055868658984424,8.578271554257577e-18,310.66083973035785
1e-10,2.52267585278503e-19,6.209212766249417e-7,0.004062794991495862,8.578271554257572e-18,310.6608397303577
1e-10,2.5267440781823053e-19,6.209212766249417e-7,0.004069346909670399,8.578271554257575e-18,310.6608397303578
1e-10,2.529474846151097e-19,6.209212766249417e-7,0.004073744839120707,8.578271554257572e-18,310.6608397303577
1e-10,2.53619484159942e-19,6.209212766249417e-7,0.004084567459799531,8.57827155425757e-18,310.6608397303576
1e-10,2.5382877823911857e-19,6.209212766249417e-7,0.004087938162126148,8.578271554257572e-18,310.6608397303577
1e-10,2.54099473287982e-19,6.209212766249417e-7,0.0040922977332836195,8.578271554257581e-18,310.660839730358
1e-10,2.5426603747635085e-19,6.209212766249417e-7,0.004094980266394326,8.578271554257578e-18,310.6608397303579
1e-10,2.5451183934478613e-19,6.209212766249417e-7,0.0040989389303617025,8.578271554257573e-18,310.66083973035774
1e-10,2.549402716455182e-19,6.209212766249417e-7,0.00410583887592422,8.57827155425758e-18,310.66083973035796
1e-10,2.5517857420427534e-19,6.209212766249417e-7,0.004109676762750267,8.578271554257584e-18,310.66083973035813
1e-10,2.5561974668587684e-19,6.209212766249417e-7,0.004116781890215048,8.578271554257584e-18,310.66083973035813
1e-10,2.5597516425050454e-19,6.209212766249417e-7,0.004122505926063193,8.578271554257586e-18,310.6608397303582
1e-10,2.5634641487531925e-19,6.209212766249417e-7,0.004128484954948025,8.578271554257584e-18,310.66083973035813
1e-10,2.5690557389530964e-19,6.209212766249417e-7,0.004137490267554314,8.578271554257583e-18,310.6608397303581
1e-10,2.573491579062605e-19,6.209212766249417e-7,0.004144634232943325,8.57827155425758e-18,310.66083973035796
1e-10,2.580735256295756e-19,6.209212766249417e-7,0.004156300248436504,8.578271554257586e-18,310.6608397303582
1e-10,2.5884166576452957e-19,6.209212766249417e-7,0.004168671223049087,8.578271554257586e-18,310.6608397303582
1e-10,2.592920354173837e-19,6.209212766249417e-7,0.004175924471887686,8.578271554257584e-18,310.66083973035813
1e-10,2.597119216188631e-19,6.209212766249417e-7,0.004182686781656835,8.578271554257587e-18,310.66083973035825
1e-10,2.601662748687636e-19,6.209212766249417e-7,0.004190004186729024,8.578271554257586e-18,310.6608397303582
1e-10,2.6044871005381018e-19,6.209212766249417e-7,0.004194552833967878,8.578271554257581e-18,310.660839730358
1e-10,2.6077464671148937e-19,6.209212766249417e-7,0.00419980207682602,8.578271554257581e-18,310.660839730358
1e-10,2.614962382303966e-19,6.209212766249417e-7,0.004211423381266247,8.578271554257575e-18,310.6608397303578
1e-10,2.620811790755058e-19,6.209212766249417e-7,0.004220843912775307,8.578271554257577e-18,310.66083973035785
1e-10,2.624456046752419e-19,6.209212766249417e-7,0.004226713023940526,8.578271554257578e-18,310.6608397303579
1e-10,2.6305729945112904e-19,6.209212766249417e-7,0.004236564430212381,8.578271554257577e-18,310.66083973035785
1e-10,2.6329692099160382e-19,6.209212766249417e-7,0.004240423559372478,8.578271554257577e-18,310.66083973035785
1e-10,2.635769329707461e-19,6.209212766249417e-7,0.004244933180635004,8.578271554257577e-18,310.66083973035785
1e-10,2.6386833133147396e-19,6.209212766249417e-7,0.004249626180725318,8.578271554257569e-18,310.66083973035757
1e-10,2.6412833265445223e-19,6.209212766249417e-7,0.004253813528345157,8.578271554257564e-18,310.6608397303574
1e-10,2.6460882475864386e-19,6.209212766249417e-7,0.00426155190231107,8.578271554257567e-18,310.6608397303575
1e-10,2.650728322727846e-19,6.209212766249417e-7,0.0042690247902859016,8.578271554257567e-18,310.6608397303575
1e-10,2.6536405021709195e-19,6.209212766249417e-7,0.004273714884751504,8.57827155425757e-18,310.6608397303576
1e-10,2.6567909283853464e-19,6.209212766249417e-7,0.004278788678053533,8.578271554257569e-18,310.66083973035757
1e-10,2.6621792782740515e-19,6.209212766249417e-7,0.004287466670081756,8.578271554257567e-18,310.6608397303575
1e-10,2.6675521493723196e-19,6.209212766249417e-7,0.0042961197333613275,8.578271554257567e-18,310.6608397303575
1e-10,2.6729755291835428e-19,6.209212766249417e-7,0.004304854141434284,8.578271554257566e-18,310.66083973035745
1e-10,2.677483466902693e-19,6.209212766249417e-7,0.004312114220753282,8.578271554257569e-18,310.66083973035757
1e-10,2.682310638373741e-19,6.209212766249417e-7,0.004319888429260495,8.57827155425757e-18,310.6608397303576
1e-10,2.6853342277999943e-19,6.209212766249417e-7,0.004324757950631527,8.578271554257561e-18,310.6608397303573
1e-10,2.687295888203422e-19,6.209212766249417e-7,0.004327917224564111,8.578271554257558e-18,310.66083973035717
1e-10,2.6910277355279677e-19,6.209212766249417e-7,0.004333927402448223,8.57827155425756e-18,310.6608397303572
1e-10,2.6955080139718863e-19,6.209212766249417e-7,0.0043411429362245355,8.578271554257557e-18,310.6608397303571
1e-10,2.7001308045132756e-19,6.209212766249417e-7,0.00434858798717611,8.578271554257561e-18,310.6608397303573
1e-10,2.7023460524244265e-19,6.209212766249417e-7,0.004352155666356298,8.578271554257555e-18,310.66083973035705
1e-10,2.7062431602871335e-19,6.209212766249417e-7,0.004358431998009628,8.578271554257558e-18,310.66083973035717
1e-10,2.714589734338633e-19,6.209212766249417e-7,0.0043718742399905565,8.578271554257564e-18,310.6608397303574
1e-10,2.72013519427735e-19,6.209212766249417e-7,0.004380805259344346,8.578271554257566e-18,310.66083973035745
1e-10,2.72568686580425e-19,6.209212766249417e-7,0.004389746282523768,8.578271554257563e-18,310.66083973035734
1e-10,2.732568759110379e-19,6.209212766249417e-7,0.004400829641341066,8.578271554257566e-18,310.66083973035745
1e-10,2.7377724646142124e-19,6.209212766249417e-7,0.004409210261718771,8.578271554257566e-18,310.66083973035745
1e-10,2.7405785587213387e-19,6.209212766249417e-7,0.0044137295046772,8.578271554257564e-18,310.6608397303574
1e-10,2.7426674927192574e-19,6.209212766249417e-7,0.004417093754021776,8.578271554257573e-18,310.66083973035774
1e-10,2.7483886021378004e-19,6.209212766249417e-7,0.0044263076586404755,8.578271554257577e-18,310.66083973035785
1e-10,2.7506108719735714e-19,6.209212766249417e-7,0.00442988664670133,8.578271554257577e-18,310.66083973035785
1e-10,2.7537797013484875e-19,6.209212766249417e-7,0.004434990078479574,8.57827155425758e-18,310.66083973035796
1e-10,2.760081288086392e-19,6.209212766249417e-7,0.00444513884769579,8.578271554257573e-18,310.66083973035774
1e-10,2.763050349662691e-19,6.209212766249417e-7,0.004449920551412624,8.578271554257575e-18,310.6608397303578
1e-10,2.768478138422569e-19,6.209212766249417e-7,0.00445866206014201,8.57827155425758e-18,310.66083973035796
1e-10,2.776577489901379e-19,6.209212766249417e-7,0.004471706147667621,8.57827155425758e-18,310.66083973035796
1e-10,2.780730152696005e-19,6.209212766249417e-7,0.004478394053125134,8.578271554257578e-18,310.6608397303579
1e-10,2.7867189507685865e-19,6.209212766249417e-7,0.0044880390730302885,8.578271554257578e-18,310.6608397303579
1e-10,2.791883457269284e-19,6.209212766249417e-7,0.004496356563016732,8.578271554257584e-18,310.66083973035813
1e-10,2.794944443503412e-19,6.209212766249417e-7,0.004501286312325317,8.578271554257589e-18,310.6608397303583
1e-10,2.799666721779606e-19,6.209212766249417e-7,0.004508891589280654,8.578271554257586e-18,310.6608397303582
1e-10,2.8014028870465345e-19,6.209212766249417e-7,0.004511687701013796,8.57827155425759e-18,310.6608397303583
1e-10,2.8070004553197257e-19,6.209212766249417e-7,0.004520702641367616,8.578271554257581e-18,310.660839730358
1e-10,2.81164021971219e-19,6.209212766249417e-7,0.00452817502887813,8.578271554257581e-18,310.660839730358
1e-10,2.8153737958622016e-19,6.209212766249417e-7,0.00453418799105315,8.578271554257583e-18,310.6608397303581
1e-10,2.8201819554299415e-19,6.209212766249417e-7,0.004541931580697678,8.578271554257573e-18,310.66083973035774
1e-10,2.8222877971579423e-19,6.209212766249417e-7,0.004545323060112664,8.578271554257577e-18,310.66083973035785
1e-10,2.8258715386250463e-19,6.209212766249417e-7,0.00455109471201447,8.578271554257573e-18,310.66083973035774
1e-10,2.831205400496743e-19,6.209212766249417e-7,0.004559684950539858,8.578271554257577e-18,310.66083973035785
1e-10,2.8357185590072105e-19,6.209212766249417e-7,0.004566953437996109,8.578271554257573e-18,310.66083973035774
1e-10,2.8409863610175964e-19,6.209212766249417e-7,0.0045754372864463015,8.578271554257578e-18,310.6608397303579
1e-10,2.8469755042653527e-19,6.209212766249417e-7,0.004585082862259568,8.578271554257572e-18,310.6608397303577
1e-10,2.8555553754526293e-19,6.209212766249417e-7,0.004598900831638735,8.57827155425758e-18,310.66083973035796
1e-10,2.8587872021652415e-19,6.209212766249417e-7,0.0046041057212669,8.57827155425758e-18,310.66083973035796
1e-10,2.8615166353625624e-19,6.209212766249417e-7,0.004608501501054246,8.578271554257581e-18,310.660839730358
1e-10,2.865184016413431e-19,6.209212766249417e-7,0.004614407855352174,8.578271554257577e-18,310.66083973035785
1e-10,2.871314768687433e-19,6.209212766249417e-7,0.0046242814939353545,8.578271554257577e-18,310.66083973035785
1e-10,2.8791856986598684e-19,6.209212766249417e-7,0.004636957706313224,8.578271554257575e-18,310.6608397303578
1e-10,2.8817030879374343e-19,6.209212766249417e-7,0.004641011987221827,8.578271554257569e-18,310.66083973035757
1e-10,2.888846820202706e-19,6.209212766249417e-7,0.004652517040332749,8.578271554257569e-18,310.66083973035757
1e-10,2.892817562187287e-19,6.209212766249417e-7,0.004658911960484566,8.578271554257567e-18,310.6608397303575
1e-10,2.894990530843077e-19,6.209212766249417e-7,0.004662411548496112,8.578271554257561e-18,310.6608397303573
1e-10,2.8988401953262045e-19,6.209212766249417e-7,0.004668611472106481,8.578271554257564e-18,310.6608397303574
1e-10,2.9006880071809493e-19,6.209212766249417e-7,0.004671587391799213,8.578271554257564e-18,310.6608397303574
1e-10,2.902404430344944e-19,6.209212766249417e-7,0.0046743517086757815,8.578271554257561e-18,310.6608397303573
1e-10,2.905855036867977e-19,6.209212766249417e-7,0.004679908945402777,8.578271554257558e-18,310.66083973035717
1e-10,2.910555602499581e-19,6.209212766249417e-7,0.0046874792539242606,8.578271554257561e-18,310.6608397303573
1e-10,2.9162013914240374e-19,6.209212766249417e-7,0.004696571854124957,8.578271554257564e-18,310.6608397303574
1e-10,2.9179859942117986e-19,6.209212766249417e-7,0.004699445974975609,8.578271554257558e-18,310.66083973035717
1e-10,2.9197558339562365e-19,6.209212766249417e-7,0.00470229631979558,8.578271554257561e-18,310.6608397303573
1e-10,2.9234631210488175e-19,6.209212766249417e-7,0.0047082669431775526,8.578271554257561e-18,310.6608397303573
1e-10,2.9254054393106196e-19,6.209212766249417e-7,0.0047113950663952965,8.578271554257561e-18,310.6608397303573
1e-10,2.9294129485921077e-19,6.209212766249417e-7,0.0047178492006508845,8.578271554257558e-18,310.66083973035717
1e-10,2.9345148214787497e-19,6.209212766249417e-7,0.004726065818568012,8.578271554257553e-18,310.660839730357
1e-10,2.9372286000670055e-19,6.209212766249417e-7,0.004730436386449027,8.578271554257553e-18,310.660839730357
1e-10,2.9414948282237015e-19,6.209212766249417e-7,0.004737307190071484,8.57827155425755e-18,310.6608397303569
1e-10,2.94324214979347e-19,6.209212766249417e-7,0.004740121269143257,8.578271554257555e-18,310.66083973035705
1e-10,2.9469706949244477e-19,6.209212766249417e-7,0.004746126128811208,8.578271554257557e-18,310.6608397303571
1e-10,2.951602188757802e-19,6.209212766249417e-7,0.004753585196502573,8.578271554257558e-18,310.66083973035717
1e-10,2.953942102447e-19,6.209212766249417e-7,0.0047573536511799795,8.578271554257558e-18,310.66083973035717
1e-10,2.9595224926266943e-19,6.209212766249417e-7,0.004766340926040372,8.578271554257558e-18,310.66083973035717
1e-10,2.966542230062248e-19,6.209212766249417e-7,0.004777646284223151,8.578271554257552e-18,310.66083973035694
1e-10,2.9715645535232844e-19,6.209212766249417e-7,0.004785734786985266,8.578271554257552e-18,310.66083973035694
1e-10,2.977528755187091e-19,6.209212766249417e-7,0.004795340194125162,8.578271554257544e-18,310.66083973035666
1e-10,2.980940487441762e-19,6.209212766249417e-7,0.0048008348234495355,8.578271554257543e-18,310.6608397303566
1e-10,2.985816933078047e-19,6.209212766249417e-7,0.00480868838849854,8.578271554257543e-18,310.6608397303566
1e-10,2.9888193635715915e-19,6.209212766249417e-7,0.004813523833194306,8.578271554257541e-18,310.66083973035654
1e-10,2.9905981599464903e-19,6.209212766249417e-7,0.00481638860275828,8.578271554257541e-18,310.66083973035654
1e-10,2.995051220511913e-19,6.209212766249417e-7,0.004823560301865818,8.578271554257547e-18,310.66083973035677
1e-10,3.0014599814648933e-19,6.209212766249417e-7,0.004833881676240064,8.578271554257549e-18,310.6608397303568
1e-10,3.003334351674751e-19,6.209212766249417e-7,0.0048369003684324875,8.578271554257553e-18,310.660839730357
1e-10,3.007414579209035e-19,6.209212766249417e-7,0.004843471616170143,8.578271554257547e-18,310.66083973035677
1e-10,3.0094338516194655e-19,6.209212766249417e-7,0.004846723674823064,8.578271554257552e-18,310.66083973035694
1e-10,3.0141099857330053e-19,6.209212766249417e-7,0.004854254636137447,8.578271554257557e-18,310.6608397303571
1e-10,3.0187479200057262e-19,6.209212766249417e-7,0.004861724076221592,8.578271554257553e-18,310.660839730357
1e-10,3.022699130070261e-19,6.209212766249417e-7,0.004868087540018503,8.578271554257552e-18,310.66083973035694
1e-10,3.028240632165742e-19,6.209212766249417e-7,0.004877012185225706,8.578271554257549e-18,310.6608397303568
1e-10,3.0322731808092807e-19,6.209212766249417e-7,0.004883506645627285,8.578271554257558e-18,310.66083973035717
1e-10,3.03420374379267e-19,6.209212766249417e-7,0.004886615836850177,8.578271554257553e-18,310.660839730357
1e-10,3.038218683704808e-19,6.209212766249417e-7,0.004893081938211628,8.57827155425756e-18,310.6608397303572
1e-10,3.039896668741908e-19,6.209212766249417e-7,0.004895784350095822,8.578271554257558e-18,310.66083973035717
1e-10,3.041901622877523e-19,6.209212766249417e-7,0.004899013349022245,8.578271554257561e-18,310.6608397303573
1e-10,3.047639702715453e-19,6.209212766249417e-7,0.0049082545846731145,8.578271554257564e-18,310.6608397303574
1e-10,3.0523369452277614e-19,6.209212766249417e-7,0.004915819541277341,8.578271554257566e-18,310.66083973035745
1e-10,3.055926983258838e-19,6.209212766249417e-7,0.004921601333859148,8.578271554257569e-18,310.66083973035757
1e-10,3.0591668968322854e-19,6.209212766249417e-7,0.004926819247458531,8.578271554257572e-18,310.6608397303577
1e-10,3.0635938816141794e-19,6.209212766249417e-7,0.004933948951252798,8.578271554257563e-18,310.66083973035734
1e-10,3.0652161917589045e-19,6.209212766249417e-7,0.004936561698159368,8.578271554257563e-18,310.66083973035734
1e-10,3.0690292263669703e-19,6.209212766249417e-7,0.004942702628985239,8.57827155425756e-18,310.6608397303572
1e-10,3.0728684430152496e-19,6.209212766249417e-7,0.004948885726251849,8.57827155425756e-18,310.6608397303572
1e-10,3.074854709864782e-19,6.209212766249417e-7,0.004952084629114913,8.57827155425756e-18,310.6608397303572
1e-10,3.079742535673361e-19,6.209212766249417e-7,0.004959956522046569,8.57827155425756e-18,310.6608397303572
1e-10,3.0825175847654447e-19,6.209212766249417e-7,0.004964425766694083,8.578271554257561e-18,310.6608397303573
1e-10,3.0847459343372996e-19,6.209212766249417e-7,0.00496801454623143,8.578271554257555e-18,310.66083973035705
1e-10,3.089361950735256e-19,6.209212766249417e-7,0.004975448687356448,8.578271554257558e-18,310.66083973035717
1e-10,3.0936475928554005e-19,6.209212766249417e-7,0.004982350757363518,8.578271554257553e-18,310.660839730357
1e-10,3.0974671863364734e-19,6.209212766249417e-7,0.004988502251320746,8.578271554257549e-18,310.6608397303568
1e-10,3.101982795572624e-19,6.209212766249417e-7,0.004995774685695511,8.578271554257552e-18,310.66083973035694
1e-10,3.104834821294148e-19,6.209212766249417e-7,0.005000367901983777,8.578271554257549e-18,310.6608397303568
1e-10,3.107907877868899e-19,6.209212766249417e-7,0.005005317090698094,8.578271554257552e-18,310.66083973035694
1e-10,3.11036176377156e-19,6.209212766249417e-7,0.00500926909877873,8.578271554257555e-18,310.66083973035705
1e-10,3.1137629854614846e-19,6.209212766249417e-7,0.005014746800732208,8.57827155425756e-18,310.6608397303572
1e-10,3.117179427772754e-19,6.209212766249417e-7,0.005020249015650401,8.578271554257557e-18,310.6608397303571
1e-10,3.120226415764699e-19,6.209212766249417e-7,0.005025156220648284,8.578271554257557e-18,310.6608397303571
1e-10,3.126916199515677e-19,6.209212766249417e-7,0.005035930185082777,8.57827155425755e-18,310.6608397303569
1e-10,3.131403194680601e-19,6.209212766249417e-7,0.005043156536206245,8.57827155425755e-18,310.6608397303569
1e-10,3.136336445047363e-19,6.209212766249417e-7,0.0050511015858485725,8.578271554257552e-18,310.66083973035694
1e-10,3.138375347206877e-19,6.209212766249417e-7,0.005054385258411054,8.57827155425756e-18,310.6608397303572
1e-10,3.1431299256471537e-19,6.209212766249417e-7,0.005062042555107537,8.578271554257566e-18,310.66083973035745
1e-10,3.1447784214529454e-19,6.209212766249417e-7,0.005064697474286265,8.578271554257566e-18,310.66083973035745
1e-10,3.1483390396615635e-19,6.209212766249417e-7,0.005070431885946262,8.578271554257569e-18,310.66083973035757
1e-10,3.1545852522416e-19,6.209212766249417e-7,0.0050804914745208206,8.578271554257569e-18,310.66083973035757
1e-10,3.1585110525611426e-19,6.209212766249417e-7,0.005086814015666264,8.578271554257573e-18,310.66083973035774
1e-10,3.162939141746741e-19,6.209212766249417e-7,0.005093945498113874,8.578271554257577e-18,310.66083973035785
1e-10,3.1659438316154213e-19,6.209212766249417e-7,0.005098784581556162,8.578271554257577e-18,310.66083973035785
1e-10,3.168640895621037e-19,6.209212766249417e-7,0.005103128230432677,8.578271554257567e-18,310.6608397303575
1e-10,3.172230810702845e-19,6.209212766249417e-7,0.005108909825003443,8.578271554257573e-18,310.66083973035774
1e-10,3.175867240931627e-19,6.209212766249417e-7,0.005114766332689164,8.57827155425757e-18,310.6608397303576
1e-10,3.18023669792867e-19,6.209212766249417e-7,0.005121803387403722,8.578271554257567e-18,310.6608397303575
1e-10,3.1853047276560797e-19,6.209212766249417e-7,0.005129965500570399,8.578271554257566e-18,310.66083973035745
1e-10,3.1901821709133257e-19,6.209212766249417e-7,0.005137820672298057,8.578271554257567e-18,310.6608397303575
1e-10,3.193466193153447e-19,6.209212766249417e-7,0.005143109623351517,8.578271554257567e-18,310.6608397303575
1e-10,3.1971122575091523e-19,6.209212766249417e-7,0.005148981646896151,8.578271554257567e-18,310.6608397303575
1e-10,3.1993273647553635e-19,6.209212766249417e-7,0.00515254909953403,8.57827155425757e-18,310.6608397303576
1e-10,3.204003138748384e-19,6.209212766249417e-7,0.005160079480870672,8.578271554257572e-18,310.6608397303577
1e-10,3.209487012081076e-19,6.209212766249417e-7,0.005168911314372175,8.578271554257572e-18,310.6608397303577
1e-10,3.215500443257316e-19,6.209212766249417e-7,0.005178596006140069,8.57827155425757e-18,310.6608397303576
1e-10,3.2194307347036516e-19,6.209212766249417e-7,0.005184925780290665,8.57827155425757e-18,310.6608397303576
1e-10,3.2249221635523877e-19,6.209212766249417e-7,0.005193769782027222,8.578271554257566e-18,310.66083973035745
1e-10,3.229805569422793e-19,6.209212766249417e-7,0.005201634556603718,8.578271554257567e-18,310.6608397303575
1e-10,3.2351426170488968e-19,6.209212766249417e-7,0.005210229925818819,8.578271554257564e-18,310.6608397303574
1e-10,3.2390429802563472e-19,6.209212766249417e-7,0.005216511500237804,8.578271554257567e-18,310.6608397303575
1e-10,3.242645328596977e-19,6.209212766249417e-7,0.005222313118697733,8.578271554257569e-18,310.66083973035757
1e-10,3.2450741098212777e-19,6.209212766249417e-7,0.0052262246954398,8.578271554257569e-18,310.66083973035757
1e-10,3.248120935609089e-19,6.209212766249417e-7,0.0052311316392062825,8.578271554257569e-18,310.66083973035757
1e-10,3.253176302136068e-19,6.209212766249417e-7,0.005239273358160508,8.578271554257575e-18,310.6608397303578
1e-10,3.257563103112811e-19,6.209212766249417e-7,0.005246338345529901,8.578271554257575e-18,310.6608397303578
1e-10,3.2621108455862936e-19,6.209212766249417e-7,0.005253662530808593,8.578271554257577e-18,310.66083973035785
1e-10,3.2681988326089453e-19,6.209212766249417e-7,0.005263467295521671,8.578271554257572e-18,310.6608397303577
1e-10,3.272629650377493e-19,6.209212766249417e-7,0.005270603172379735,8.578271554257577e-18,310.66083973035785
1e-10,3.2788947993749463e-19,6.209212766249417e-7,0.005280693258246189,8.57827155425758e-18,310.66083973035796
1e-10,3.2830794110247473e-19,6.209212766249417e-7,0.005287432617658298,8.578271554257578e-18,310.6608397303579
1e-10,3.285012675407891e-19,6.209212766249417e-7,0.005290546159512834,8.578271554257581e-18,310.660839730358
1e-10,3.2891820207352043e-19,6.209212766249417e-7,0.005297260932358074,8.57827155425758e-18,310.66083973035796
1e-10,3.2925789230541748e-19,6.209212766249417e-7,0.005302731677920917,8.578271554257581e-18,310.660839730358
1e-10,3.2954406268133456e-19,6.209212766249417e-7,0.005307340480786758,8.578271554257578e-18,310.6608397303579
1e-10,3.299291871553024e-19,6.209212766249417e-7,0.005313542949416295,8.578271554257575e-18,310.6608397303578
1e-10,3.303687935765539e-19,6.209212766249417e-7,0.005320622855320648,8.578271554257577e-18,310.66083973035785
1e-10,3.3091489601964825e-19,6.209212766249417e-7,0.005329417890434644,8.578271554257577e-18,310.66083973035785
1e-10,3.315033872980181e-19,6.209212766249417e-7,0.005338895602030688,8.578271554257578e-18,310.6608397303579
1e-10,3.3204219780917944e-19,6.209212766249417e-7,0.0053475731998429265,8.578271554257572e-18,310.6608397303577
1e-10,3.3238379971531834e-19,6.209212766249417e-7,0.005353074733112904,8.578271554257573e-18,310.66083973035774
1e-10,3.32497690954125e-19,6.209212766249417e-7,0.005354908963040178,8.578271554257566e-18,310.66083973035745
1e-10,3.3275709688153236e-19,6.209212766249417e-7,0.00535908672175409,8.578271554257569e-18,310.66083973035757
1e-10,3.3340257607957926e-19,6.209212766249417e-7,0.005369482229563961,8.578271554257572e-18,310.6608397303577
1e-10,3.3394022542878736e-19,6.209212766249417e-7,0.005378141126745428,8.578271554257569e-18,310.66083973035757
1e-10,3.346367585304767e-19,6.209212766249417e-7,0.005389358862840339,8.578271554257567e-18,310.6608397303575
1e-10,3.3552934904559927e-19,6.209212766249417e-7,0.005403734123420461,8.578271554257561e-18,310.6608397303573
1e-10,3.3599715853218695e-19,6.209212766249417e-7,0.005411268242546326,8.578271554257557e-18,310.6608397303571
1e-10,3.3621266998825733e-19,6.209212766249417e-7,0.005414739076357044,8.578271554257552e-18,310.66083973035694
1e-10,3.3691441123399875e-19,6.209212766249417e-7,0.005426040690139,8.57827155425755e-18,310.6608397303569
1e-10,3.3705055245755477e-19,6.209212766249417e-7,0.005428233258322458,8.57827155425755e-18,310.6608397303569
1e-10,3.376634639530748e-19,6.209212766249417e-7,0.005438104259987139,8.578271554257553e-18,310.660839730357
1e-10,3.3820096908958716e-19,6.209212766249417e-7,0.0054467608346085465,8.578271554257555e-18,310.66083973035705
1e-10,3.3836859785111623e-19,6.209212766249417e-7,0.005449460512777738,8.578271554257561e-18,310.6608397303573
1e-10,3.3865389345154874e-19,6.209212766249417e-7,0.005454055227295869,8.578271554257567e-18,310.6608397303575
1e-10,3.3899422011277505e-19,6.209212766249417e-7,0.005459536222617469,8.57827155425757e-18,310.6608397303576
1e-10,3.3930264267860873e-19,6.209212766249417e-7,0.005464503399253936,8.578271554257566e-18,310.66083973035745
1e-10,3.3958057848816147e-19,6.209212766249417e-7,0.005468979583595105,8.578271554257564e-18,310.6608397303574
1e-10,3.3996382931305633e-19,6.209212766249417e-7,0.005475151876916701,8.57827155425757e-18,310.6608397303576
1e-10,3.4063854466497144e-19,6.209212766249417e-7,0.005486018235943445,8.578271554257567e-18,310.6608397303575
1e-10,3.4105474505958684e-19,6.209212766249417e-7,0.005492721185420031,8.578271554257572e-18,310.6608397303577
1e-10,3.4131271413472885e-19,6.209212766249417e-7,0.005496875803482794,8.578271554257569e-18,310.66083973035757
1e-10,3.417799679810989e-19,6.209212766249417e-7,0.005504400973966721,8.578271554257572e-18,310.6608397303577
1e-10,3.421607877184618e-19,6.209212766249417e-7,0.005510534114377578,8.578271554257572e-18,310.6608397303577
1e-10,3.4280658352515364e-19,6.209212766249417e-7,0.005520934721201717,8.578271554257572e-18,310.6608397303577
1e-10,3.4316369807584764e-19,6.209212766249417e-7,0.005526686087182202,8.578271554257569e-18,310.66083973035757
1e-10,3.436358949523698e-19,6.209212766249417e-7,0.005534290865666985,8.578271554257573e-18,310.66083973035774
1e-10,3.4390316563969383e-19,6.209212766249417e-7,0.005538595287135304,8.578271554257578e-18,310.6608397303579
1e-10,3.442444756930785e-19,6.209212766249417e-7,0.005544092120087138,8.578271554257572e-18,310.6608397303577
1e-10,3.4451132962439483e-19,6.209212766249417e-7,0.005548389829657775,8.578271554257569e-18,310.66083973035757
1e-10,3.451322054450575e-19,6.209212766249417e-7,0.005558389097584902,8.578271554257566e-18,310.66083973035745
1e-10,3.4524240335013614e-19,6.209212766249417e-7,0.005560163845998705,8.578271554257564e-18,310.6608397303574
1e-10,3.458644990578724e-19,6.209212766249417e-7,0.00557018276033061,8.578271554257566e-18,310.66083973035745
1e-10,3.4656880976942424e-19,6.209212766249417e-7,0.005581525755619484,8.578271554257564e-18,310.6608397303574
1e-10,3.471355297875536e-19,6.209212766249417e-7,0.0055906528388660085,8.578271554257566e-18,310.66083973035745
1e-10,3.477884984492725e-19,6.209212766249417e-7,0.0056011689652462815,8.578271554257569e-18,310.66083973035757
1e-10,3.4793449536838987e-19,6.209212766249417e-7,0.0056035202604041955,8.578271554257572e-18,310.6608397303577
1e-10,3.48106859613861e-19,6.209212766249417e-7,0.0056062962040215256,8.578271554257581e-18,310.660839730358
1e-10,3.4879899102432385e-19,6.209212766249417e-7,0.005617443050433763,8.578271554257573e-18,310.66083973035774
1e-10,3.4915037394097267e-19,6.209212766249417e-7,0.0056231021078678835,8.578271554257575e-18,310.6608397303578
1e-10,3.4950800134128497e-19,6.209212766249417e-7,0.005628861733343374,8.578271554257572e-18,310.6608397303577
1e-10,3.4980951264819332e-19,6.209212766249417e-7,0.005633717603455399,8.57827155425757e-18,310.6608397303576
1e-10,3.5010461986861194e-19,6.209212766249417e-7,0.005638470335106385,8.578271554257569e-18,310.66083973035757
1e-10,3.5052282043090273e-19,6.209212766249417e-7,0.005645205497485809,8.578271554257566e-18,310.66083973035745
1e-10,3.5106732255393876e-19,6.209212766249417e-7,0.0056539747592833055,8.578271554257561e-18,310.6608397303573
1e-10,3.516688177818076e-19,6.209212766249417e-7,0.005663661900802087,8.578271554257566e-18,310.66083973035745
1e-10,3.5207072324167537e-19,6.209212766249417e-7,0.005670134628907852,8.578271554257564e-18,310.6608397303574
1e-10,3.522933038407156e-19,6.209212766249417e-7,0.005673719311981528,8.578271554257561e-18,310.6608397303573
1e-10,3.52472399959176e-19,6.209212766249417e-7,0.005676603673094645,8.57827155425756e-18,310.6608397303572
1e-10,3.5276936237300744e-19,6.209212766249417e-7,0.005681386282823299,8.578271554257558e-18,310.66083973035717
1e-10,3.5306120233537153e-19,6.209212766249417e-7,0.005686086394952656,8.578271554257557e-18,310.6608397303571
1e-10,3.537559511361215e-19,6.209212766249417e-7,0.005697275394700359,8.578271554257561e-18,310.6608397303573
1e-10,3.540941915068987e-19,6.209212766249417e-7,0.0057027227901031334,8.578271554257567e-18,310.6608397303575
1e-10,3.5425074360606746e-19,6.209212766249417e-7,0.005705244077504005,8.578271554257567e-18,310.6608397303575
1e-10,3.547184382818597e-19,6.209212766249417e-7,0.005712776347590391,8.57827155425757e-18,310.6608397303576
1e-10,3.5502191104745166e-19,6.209212766249417e-7,0.005717663807193024,8.578271554257564e-18,310.6608397303574
1e-10,3.5559439314390546e-19,6.209212766249417e-7,0.00572688368929411,8.578271554257567e-18,310.6608397303575
1e-10,3.5588470342984216e-19,6.209212766249417e-7,0.005731559165829794,8.578271554257567e-18,310.6608397303575
1e-10,3.5628833572347924e-19,6.209212766249417e-7,0.005738059704768177,8.578271554257567e-18,310.6608397303575
1e-10,3.5658277767383286e-19,6.209212766249417e-7,0.005742801722177438,8.57827155425757e-18,310.6608397303576
1e-10,3.5705216422010667e-19,6.209212766249417e-7,0.005750361240009154,8.578271554257572e-18,310.6608397303577
1e-10,3.5766801476130797e-19,6.209212766249417e-7,0.005760279575301976,8.578271554257575e-18,310.6608397303578
1e-10,3.581524630991259e-19,6.209212766249417e-7,0.005768081664810829,8.578271554257563e-18,310.66083973035734
1e-10,3.5859475317394456e-19,6.209212766249417e-7,0.005775204791227478,8.578271554257567e-18,310.6608397303575
1e-10,3.5880034185413786e-19,6.209212766249417e-7,0.005778515817728467,8.578271554257569e-18,310.66083973035757
1e-10,3.593610070335081e-19,6.209212766249417e-7,0.005787545387183999,8.578271554257563e-18,310.66083973035734
1e-10,3.598104628704323e-19,6.209212766249417e-7,0.005794783918924564,8.578271554257563e-18,310.66083973035734
1e-10,3.6009371568978716e-19,6.209212766249417e-7,0.005799345734246702,8.57827155425756e-18,310.6608397303572
1e-10,3.6039611401496797e-19,6.209212766249417e-7,0.0058042158898777745,8.578271554257561e-18,310.6608397303573
1e-10,3.6090545612340864e-19,6.209212766249417e-7,0.005812418896081866,8.578271554257563e-18,310.66083973035734
1e-10,3.613326786442631e-19,6.209212766249417e-7,0.00581929935801702,8.578271554257564e-18,310.6608397303574
1e-10,3.617052546758842e-19,6.209212766249417e-7,0.005825299732712604,8.578271554257564e-18,310.6608397303574
1e-10,3.6211674923592884e-19,6.209212766249417e-7,0.005831926894247177,8.578271554257566e-18,310.66083973035745
1e-10,3.627976358034667e-19,6.209212766249417e-7,0.0058428926413260805,8.578271554257573e-18,310.66083973035774
1e-10,3.633114893748118e-19,6.209212766249417e-7,0.005851168305096827,8.578271554257575e-18,310.6608397303578
1e-10,3.636054071723867e-19,6.209212766249417e-7,0.00585590188097254,8.578271554257563e-18,310.66083973035734
1e-10,3.638851124399628e-19,6.209212766249417e-7,0.005860406562614252,8.578271554257558e-18,310.66083973035717
1e-10,3.641139637793377e-19,6.209212766249417e-7,0.0058640922365956446,8.578271554257552e-18,310.66083973035694
1e-10,3.6442069302578414e-19,6.209212766249417e-7,0.005869032142152009,8.578271554257555e-18,310.66083973035705
1e-10,3.6499779160873824e-19,6.209212766249417e-7,0.005878326373235391,8.57827155425756e-18,310.6608397303572
1e-10,3.65346586228054e-19,6.209212766249417e-7,0.005883943745879016,8.578271554257558e-18,310.66083973035717
1e-10,3.657096784502152e-19,6.209212766249417e-7,0.005889791382863447,8.57827155425756e-18,310.6608397303572
1e-10,3.6621027377165487e-19,6.209212766249417e-7,0.005897853521177674,8.578271554257555e-18,310.66083973035705
1e-10,3.6684909445524623e-19,6.209212766249417e-7,0.0059081417929383664,8.578271554257561e-18,310.6608397303573
1e-10,3.6708141404073925e-19,6.209212766249417e-7,0.005911883323374492,8.578271554257567e-18,310.6608397303575
1e-10,3.6744633519444263e-19,6.209212766249417e-7,0.005917760415486506,8.578271554257566e-18,310.66083973035745
1e-10,3.6778292116055834e-19,6.209212766249417e-7,0.005923181166534774,8.578271554257558e-18,310.66083973035717
1e-10,3.6833950056015646e-19,6.209212766249417e-7,0.005932144934093577,8.578271554257558e-18,310.66083973035717
1e-10,3.686375664862818e-19,6.209212766249417e-7,0.0059369453159994045,8.578271554257558e-18,310.66083973035717
1e-10,3.6892243599953705e-19,6.209212766249417e-7,0.005941533168340424,8.578271554257557e-18,310.6608397303571
1e-10,3.6931326773164157e-19,6.209212766249417e-7,0.005947827552939852,8.578271554257564e-18,310.6608397303574
1e-10,3.6978162264864226e-19,6.209212766249417e-7,0.0059553704562777185,8.57827155425756e-18,310.6608397303572
1e-10,3.700809544711246e-19,6.209212766249417e-7,0.00596019122557249,8.57827155425756e-18,310.6608397303572
1e-10,3.7060491420501973e-19,6.209212766249417e-7,0.005968629650113893,8.578271554257561e-18,310.6608397303573
1e-10,3.7096302822070636e-19,6.209212766249417e-7,0.005974397112579234,8.578271554257566e-18,310.66083973035745
1e-10,3.7139720462012435e-19,6.209212766249417e-7,0.005981389567432416,8.578271554257563e-18,310.66083973035734
1e-10,3.7177589479241755e-19,6.209212766249417e-7,0.005987488410982304,8.578271554257564e-18,310.6608397303574
1e-10,3.720732129612579e-19,6.209212766249417e-7,0.005992276750181379,8.578271554257567e-18,310.6608397303575
1e-10,3.7261649192892606e-19,6.209212766249417e-7,0.006001026312937889,8.578271554257566e-18,310.66083973035745
1e-10,3.7295198829843594e-19,6.209212766249417e-7,0.006006429515922549,8.578271554257567e-18,310.6608397303575
1e-10,3.7323140855583787e-19,6.209212766249417e-7,0.006010929607446562,8.578271554257564e-18,310.6608397303574
1e-10,3.73626463946205e-19,6.209212766249417e-7,0.006017292014489762,8.57827155425756e-18,310.6608397303572
1e-10,3.7419882806541555e-19,6.209212766249417e-7,0.006026509996555406,8.578271554257561e-18,310.6608397303573
1e-10,3.7460450373490845e-19,6.209212766249417e-7,0.006033043444268745,8.578271554257566e-18,310.66083973035745
1e-10,3.751284675225959e-19,6.209212766249417e-7,0.006041481934096884,8.578271554257561e-18,310.6608397303573
1e-10,3.754051333319585e-19,6.209212766249417e-7,0.006045937664956462,8.578271554257557e-18,310.6608397303571
1e-10,3.757633132546609e-19,6.209212766249417e-7,0.006051706188860962,8.578271554257558e-18,310.66083973035717
1e-10,3.7621562557298303e-19,6.209212766249417e-7,0.00605899072452353,8.57827155425756e-18,310.6608397303572
1e-10,3.7689822714511774e-19,6.209212766249417e-7,0.006069984091925031,8.578271554257569e-18,310.66083973035757
1e-10,3.7730451998526793e-19,6.209212766249417e-7,0.006076527479234266,8.578271554257572e-18,310.6608397303577
1e-10,3.7759574716329193e-19,6.209212766249417e-7,0.00608121772240981,8.578271554257566e-18,310.66083973035745
1e-10,3.7792977548521407e-19,6.209212766249417e-7,0.006086597282339496,8.578271554257567e-18,310.6608397303575
1e-10,3.7843828791603435e-19,6.209212766249417e-7,0.006094786926501544,8.578271554257567e-18,310.6608397303575
1e-10,3.7895308558340987e-19,6.209212766249417e-7,0.006103077795034408,8.57827155425757e-18,310.6608397303576
1e-10,3.7942393143568504e-19,6.209212766249417e-7,0.0061106608151369635,8.57827155425757e-18,310.6608397303576
1e-10,3.8002795216702e-19,6.209212766249417e-7,0.00612038863014466,8.578271554257572e-18,310.6608397303577
1e-10,3.8034329214388163e-19,6.209212766249417e-7,0.006125467212385804,8.578271554257575e-18,310.6608397303578
1e-10,3.810756657013418e-19,6.209212766249417e-7,0.0061372621626481156,8.578271554257586e-18,310.6608397303582
1e-10,3.815258178628827e-19,6.209212766249417e-7,0.006144511908767103,8.578271554257586e-18,310.6608397303582
1e-10,3.816429451586646e-19,6.209212766249417e-7,0.006146398255719467,8.578271554257584e-18,310.66083973035813
1e-10,3.8205297706606546e-19,6.209212766249417e-7,0.006153001861085184,8.578271554257586e-18,310.6608397303582
1e-10,3.8258895475162894e-19,6.209212766249417e-7,0.0061616338359544755,8.57827155425759e-18,310.6608397303583
1e-10,3.827873659970803e-19,6.209212766249417e-7,0.006164829269142557,8.578271554257589e-18,310.6608397303583
1e-10,3.833014548643226e-19,6.209212766249417e-7,0.0061731087223775415,8.578271554257581e-18,310.660839730358
1e-10,3.8358218486110485e-19,6.209212766249417e-7,0.006177629907386827,8.578271554257583e-18,310.6608397303581
1e-10,3.838934913822034e-19,6.209212766249417e-7,0.006182643530414703,8.578271554257575e-18,310.6608397303578
1e-10,3.843890188153615e-19,6.209212766249417e-7,0.006190624049875263,8.57827155425758e-18,310.66083973035796
1e-10,3.848265268595904e-19,6.209212766249417e-7,0.0061976701612053015,8.578271554257573e-18,310.66083973035774
1e-10,3.851821409660926e-19,6.209212766249417e-7,0.006203397362380226,8.578271554257567e-18,310.6608397303575
1e-10,3.8555921940568263e-19,6.209212766249417e-7,0.006209470248811815,8.578271554257563e-18,310.66083973035734
1e-10,3.862079894305608e-19,6.209212766249417e-7,0.006219918755720848,8.578271554257555e-18,310.66083973035705
1e-10,3.86322435683366e-19,6.209212766249417e-7,0.006221761924204739,8.578271554257553e-18,310.660839730357
1e-10,3.865806116740488e-19,6.209212766249417e-7,0.006225919874663227,8.578271554257552e-18,310.66083973035694
1e-10,3.87110886578532e-19,6.209212766249417e-7,0.006234460005666074,8.578271554257552e-18,310.66083973035694
1e-10,3.8778981372826113e-19,6.209212766249417e-7,0.006245394196122866,8.578271554257555e-18,310.66083973035705
1e-10,3.8812863414072267e-19,6.209212766249417e-7,0.00625085093315567,8.578271554257557e-18,310.6608397303571
1e-10,3.8883771668087926e-19,6.209212766249417e-7,0.006262270779227154,8.57827155425756e-18,310.6608397303572
1e-10,3.895236660638632e-19,6.209212766249417e-7,0.0062733180634611954,8.578271554257563e-18,310.66083973035734
1e-10,3.900643880465977e-19,6.209212766249417e-7,0.006282026445716569,8.578271554257566e-18,310.66083973035745
1e-10,3.905464445341082e-19,6.209212766249417e-7,0.0062897900142341555,8.578271554257566e-18,310.66083973035745
1e-10,3.91176393604569e-19,6.209212766249417e-7,0.006299935407767534,8.57827155425757e-18,310.6608397303576
1e-10,3.9159523056369195e-19,6.209212766249417e-7,0.006306680819382346,8.578271554257567e-18,310.6608397303575
1e-10,3.9200119533560704e-19,6.209212766249417e-7,0.006313218923119453,8.578271554257567e-18,310.6608397303575
1e-10,3.9226639135207826e-19,6.209212766249417e-7,0.006317489931803722,8.57827155425757e-18,310.6608397303576
1e-10,3.9277312271521126e-19,6.209212766249417e-7,0.006325650891690414,8.578271554257572e-18,310.6608397303577
1e-10,3.9336653001250694e-19,6.209212766249417e-7,0.006335207776268781,8.57827155425757e-18,310.6608397303576
1e-10,3.9391472982599857e-19,6.209212766249417e-7,0.006344036589745288,8.578271554257569e-18,310.66083973035757
1e-10,3.94184474392951e-19,6.209212766249417e-7,0.00634838085329539,8.578271554257569e-18,310.66083973035757
1e-10,3.9466600870761576e-19,6.209212766249417e-7,0.006356136012166449,8.578271554257567e-18,310.6608397303575
1e-10,3.9530345006973127e-19,6.209212766249417e-7,0.00636640206981518,8.578271554257569e-18,310.66083973035757
1e-10,3.9569211881997506e-19,6.209212766249417e-7,0.006372661619372838,8.578271554257569e-18,310.66083973035757
1e-10,3.961387988487901e-19,6.209212766249417e-7,0.006379855446442881,8.57827155425757e-18,310.6608397303576
1e-10,3.9667209681522355e-19,6.209212766249417e-7,0.006388444264164384,8.578271554257578e-18,310.6608397303579
1e-10,3.968780905121382e-19,6.209212766249417e-7,0.00639176181350066,8.57827155425758e-18,310.66083973035796
1e-10,3.9719219847693344e-19,6.209212766249417e-7,0.0063968205540627905,8.57827155425758e-18,310.66083973035796
1e-10,3.9759916962674753e-19,6.209212766249417e-7,0.006403374865617811,8.57827155425758e-18,310.66083973035796
1e-10,3.9797999410428337e-19,6.209212766249417e-7,0.006409508082369632,8.578271554257583e-18,310.6608397303581
1e-10,3.985282952489593e-19,6.209212766249417e-7,0.0064183385277951175,8.57827155425758e-18,310.66083973035796
1e-10,3.986537658225814e-19,6.209212766249417e-7,0.006420359244081473,8.57827155425758e-18,310.66083973035796
1e-10,3.991842641573711e-19,6.209212766249417e-7,0.006428902973452019,8.57827155425757e-18,310.6608397303576
1e-10,3.997123804688381e-19,6.209212766249417e-7,0.006437408340095881,8.578271554257566e-18,310.66083973035745
1e-10,4.003396005724162e-19,6.209212766249417e-7,0.0064475097833414305,8.578271554257567e-18,310.6608397303575
1e-10,4.00972206241229e-19,6.209212766249417e-7,0.0064576979616601275,8.578271554257567e-18,310.6608397303575
1e-10,4.0128088217226257e-19,6.209212766249417e-7,0.006462669218768781,8.578271554257564e-18,310.6608397303574
1e-10,4.0184366879501204e-19,6.209212766249417e-7,0.006471732954284634,8.578271554257552e-18,310.66083973035694
1e-10,4.0241493605070676e-19,6.209212766249417e-7,0.006480933271252348,8.578271554257557e-18,310.6608397303571
1e-10,4.0279368583062967e-19,6.209212766249417e-7,0.006487033074789145,8.578271554257558e-18,310.66083973035717
1e-10,4.03104148504298e-19,6.209212766249417e-7,0.006492033107568757,8.578271554257567e-18,310.6608397303575
1e-10,4.034275954238502e-19,6.209212766249417e-7,0.006497242252942391,8.57827155425757e-18,310.6608397303576
1e-10,4.0386319686931247e-19,6.209212766249417e-7,0.006504257658306338,8.578271554257566e-18,310.66083973035745
1e-10,4.040791314720781e-19,6.209212766249417e-7,0.006507735306937407,8.57827155425757e-18,310.6608397303576
1e-10,4.04551785988618e-19,6.209212766249417e-7,0.006515347455760991,8.578271554257567e-18,310.6608397303575
1e-10,4.048442441077247e-19,6.209212766249417e-7,0.006520057523367247,8.57827155425757e-18,310.6608397303576
1e-10,4.052999477385674e-19,6.209212766249417e-7,0.006527396676461175,8.578271554257572e-18,310.6608397303577
1e-10,4.0554306960498436e-19,6.209212766249417e-7,0.006531312178724819,8.578271554257573e-18,310.66083973035774
1e-10,4.0595600179117335e-19,6.209212766249417e-7,0.00653796249337394,8.578271554257567e-18,310.6608397303575
1e-10,4.0637564398774045e-19,6.209212766249417e-7,0.006544720873419283,8.578271554257567e-18,310.6608397303575
1e-10,4.0683194882424927e-19,6.209212766249417e-7,0.006552069708991307,8.578271554257566e-18,310.66083973035745
1e-10,4.0721175607717933e-19,6.209212766249417e-7,0.006558186543237905,8.578271554257564e-18,310.6608397303574
1e-10,4.0754263686818967e-19,6.209212766249417e-7,0.006563515411863713,8.57827155425757e-18,310.6608397303576
1e-10,4.0800211627144565e-19,6.209212766249417e-7,0.006570915374154481,8.578271554257573e-18,310.66083973035774
1e-10,4.083780739837022e-19,6.209212766249417e-7,0.006576970211158941,8.57827155425758e-18,310.66083973035796
1e-10,4.0896226291333532e-19,6.209212766249417e-7,0.0065863786329931635,8.578271554257586e-18,310.6608397303582
1e-10,4.0921989010973853e-19,6.209212766249417e-7,0.006590527745064239,8.578271554257583e-18,310.6608397303581
1e-10,4.094083806681945e-19,6.209212766249417e-7,0.006593563404584243,8.578271554257578e-18,310.6608397303579
1e-10,4.096033959759735e-19,6.209212766249417e-7,0.0065967041458524275,8.578271554257584e-18,310.66083973035813
1e-10,4.1005284855513603e-19,6.209212766249417e-7,0.006603942625126412,8.57827155425758e-18,310.66083973035796
1e-10,4.102620807085321e-19,6.209212766249417e-7,0.006607312330132067,8.578271554257577e-18,310.66083973035785
1e-10,4.105633073283946e-19,6.209212766249417e-7,0.006612163615330407,8.57827155425758e-18,310.66083973035796
1e-10,4.1093184444782877e-19,6.209212766249417e-7,0.006618098942936466,8.578271554257578e-18,310.6608397303579
1e-10,4.1148050562524513e-19,6.209212766249417e-7,0.006626935186725674,8.578271554257581e-18,310.660839730358
1e-10,4.118065990942954e-19,6.209212766249417e-7,0.006632186955046817,8.578271554257586e-18,310.6608397303582
1e-10,4.1226356068654353e-19,6.209212766249417e-7,0.006639546367736489,8.578271554257586e-18,310.6608397303582
1e-10,4.1253369732748114e-19,6.209212766249417e-7,0.0066438969456778015,8.578271554257584e-18,310.66083973035813
1e-10,4.1270323234942553e-19,6.209212766249417e-7,0.006646627324363903,8.578271554257583e-18,310.6608397303581
1e-10,4.1293473614358643e-19,6.209212766249417e-7,0.006650355716398063,8.57827155425758e-18,310.66083973035796
1e-10,4.1323109802727083e-19,6.209212766249417e-7,0.006655128654527923,8.578271554257583e-18,310.6608397303581
1e-10,4.136460386062829e-19,6.209212766249417e-7,0.006661811314546718,8.578271554257589e-18,310.6608397303583
1e-10,4.1404890698728496e-19,6.209212766249417e-7,0.006668299550594802,8.578271554257592e-18,310.66083973035836
1e-10,4.1442331264531403e-19,6.209212766249417e-7,0.006674329391608854,8.578271554257592e-18,310.66083973035836
1e-10,4.1478195441909196e-19,6.209212766249417e-7,0.006680105353671668,8.578271554257592e-18,310.66083973035836
1e-10,4.1510245831530777e-19,6.209212766249417e-7,0.006685267101356623,8.578271554257584e-18,310.66083973035813
1e-10,4.1540444599809907e-19,6.209212766249417e-7,0.006690130643550454,8.57827155425759e-18,310.6608397303583
1e-10,4.1576909899383144e-19,6.209212766249417e-7,0.006696003416951206,8.578271554257592e-18,310.66083973035836
1e-10,4.1609764350657197e-19,6.209212766249417e-7,0.006701294659579037,8.578271554257592e-18,310.66083973035836
1e-10,4.1647815670316807e-19,6.209212766249417e-7,0.0067074228631198215,8.578271554257594e-18,310.6608397303584
1e-10,4.1677879101363804e-19,6.209212766249417e-7,0.00671226460911545,8.578271554257587e-18,310.66083973035825
1e-10,4.1720280528799826e-19,6.209212766249417e-7,0.006719093401916125,8.578271554257583e-18,310.6608397303581
1e-10,4.176218115564765e-19,6.209212766249417e-7,0.006725841540275238,8.578271554257583e-18,310.6608397303581
1e-10,4.1793642881122443e-19,6.209212766249417e-7,0.006730908483003599,8.578271554257581e-18,310.660839730358
1e-10,4.1877028199684376e-19,6.209212766249417e-7,0.006744337772947596,8.578271554257587e-18,310.66083973035825
1e-10,4.192461309475605e-19,6.209212766249417e-7,0.006752001368456889,8.578271554257586e-18,310.6608397303582
1e-10,4.19580629414771e-19,6.209212766249417e-7,0.006757388500124026,8.578271554257584e-18,310.66083973035813
1e-10,4.199634862362145e-19,6.209212766249417e-7,0.006763554447980162,8.578271554257584e-18,310.66083973035813
1e-10,4.2050738712628443e-19,6.209212766249417e-7,0.0067723140268598925,8.578271554257581e-18,310.660839730358
1e-10,4.207586855056724e-19,6.209212766249417e-7,0.006776361212692434,8.578271554257586e-18,310.6608397303582
1e-10,4.2097995203972976e-19,6.209212766249417e-7,0.006779924732616571,8.578271554257587e-18,310.66083973035825
1e-10,4.2154428284273384e-19,6.209212766249417e-7,0.006789013337311703,8.578271554257584e-18,310.66083973035813
1e-10,4.2205001157433394e-19,6.209212766249417e-7,0.006797158149716087,8.578271554257589e-18,310.6608397303583
1e-10,4.227900855353983e-19,6.209212766249417e-7,0.006809077115757759,8.57827155425759e-18,310.6608397303583
1e-10,4.231712350130161e-19,6.209212766249417e-7,0.006815215566668791,8.578271554257592e-18,310.66083973035836
1e-10,4.2343077744810104e-19,6.209212766249417e-7,0.006819395523852666,8.57827155425759e-18,310.6608397303583
1e-10,4.2387174866618526e-19,6.209212766249417e-7,0.006826497409948133,8.57827155425759e-18,310.6608397303583
1e-10,4.2418483768925707e-19,6.209212766249417e-7,0.006831539740350686,8.578271554257586e-18,310.6608397303582
1e-10,4.245552533607254e-19,6.209212766249417e-7,0.006837505322227373,8.578271554257584e-18,310.66083973035813
1e-10,4.2485390574267868e-19,6.209212766249417e-7,0.0068423151490636614,8.578271554257584e-18,310.66083973035813
1e-10,4.251458125672211e-19,6.209212766249417e-7,0.006847016338015167,8.57827155425758e-18,310.66083973035796
1e-10,4.2546328095177513e-19,6.209212766249417e-7,0.006852129198477603,8.578271554257589e-18,310.6608397303583
1e-10,4.2597546458539867e-19,6.209212766249417e-7,0.006860377967732339,8.578271554257587e-18,310.66083973035825
1e-10,4.2639902523022823e-19,6.209212766249417e-7,0.006867199454783513,8.578271554257581e-18,310.660839730358
1e-10,4.267404446109575e-19,6.209212766249417e-7,0.006872698048463296,8.578271554257581e-18,310.660839730358
1e-10,4.270836853861241e-19,6.209212766249417e-7,0.006878225975884825,8.578271554257577e-18,310.66083973035785
1e-10,4.2744484030376157e-19,6.209212766249417e-7,0.006884042412383838,8.578271554257578e-18,310.6608397303579
1e-10,4.2774174292620273e-19,6.209212766249417e-7,0.0068888240591661,8.57827155425758e-18,310.66083973035796
1e-10,4.2829190136798057e-19,6.209212766249417e-7,0.006897684416549378,8.578271554257578e-18,310.6608397303579
1e-10,4.290978821701097e-19,6.209212766249417e-7,0.006910664818936458,8.578271554257577e-18,310.66083973035785
1e-10,4.294888085727006e-19,6.209212766249417e-7,0.006916960728213651,8.578271554257575e-18,310.6608397303578
1e-10,4.299137412038479e-19,6.209212766249417e-7,0.006923804311243322,8.578271554257575e-18,310.6608397303578
1e-10,4.3023171502429945e-19,6.209212766249417e-7,0.00692892531180204,8.578271554257577e-18,310.66083973035785
1e-10,4.305047397118834e-19,6.209212766249417e-7,0.006933322402026874,8.578271554257573e-18,310.66083973035774
1e-10,4.310479648913241e-19,6.209212766249417e-7,0.006942071098518536,8.578271554257575e-18,310.6608397303578
1e-10,4.3137454679344024e-19,6.209212766249417e-7,0.0069473307331036375,8.578271554257573e-18,310.66083973035774
1e-10,4.3152553832156537e-19,6.209212766249417e-7,0.006949762466945097,8.57827155425757e-18,310.6608397303576
1e-10,4.319154961734543e-19,6.209212766249417e-7,0.006956042777615213,8.578271554257569e-18,310.66083973035757
1e-10,4.3216578344348904e-19,6.209212766249417e-7,0.006960073679429291,8.578271554257569e-18,310.66083973035757
1e-10,4.327513752198582e-19,6.209212766249417e-7,0.006969504694252172,8.578271554257572e-18,310.6608397303577
1e-10,4.332482622996867e-19,6.209212766249417e-7,0.00697750711095996,8.578271554257572e-18,310.6608397303577
1e-10,4.3345415617545446e-19,6.209212766249417e-7,0.006980823052666563,8.578271554257569e-18,310.66083973035757
1e-10,4.339116570549488e-19,6.209212766249417e-7,0.0069881911506319136,8.578271554257573e-18,310.66083973035774
1e-10,4.342927047095105e-19,6.209212766249417e-7,0.006994327961672323,8.578271554257572e-18,310.6608397303577
1e-10,4.3475030130593075e-19,6.209212766249417e-7,0.007001697601168453,8.578271554257566e-18,310.66083973035745
1e-10,4.35103761948464e-19,6.209212766249417e-7,0.007007390120588217,8.578271554257561e-18,310.6608397303573
1e-10,4.353454176592765e-19,6.209212766249417e-7,0.007011282010267471,8.578271554257561e-18,310.6608397303573
1e-10,4.356076188365026e-19,6.209212766249417e-7,0.007015504786762605,8.57827155425756e-18,310.6608397303572
1e-10,4.36190545442107e-19,6.209212766249417e-7,0.007024892878740591,8.578271554257561e-18,310.6608397303573
1e-10,4.365605701168044e-19,6.209212766249417e-7,0.007030852163574713,8.578271554257563e-18,310.66083973035734
1e-10,4.370613308043639e-19,6.209212766249417e-7,0.0070389169651270365,8.578271554257563e-18,310.66083973035734
1e-10,4.376942753120517e-19,6.209212766249417e-7,0.0070491106004801065,8.578271554257567e-18,310.6608397303575
1e-10,4.380445906504382e-19,6.209212766249417e-7,0.00705475246445827,8.578271554257569e-18,310.66083973035757
1e-10,4.384967988821121e-19,6.209212766249417e-7,0.007062035323794833,8.578271554257569e-18,310.66083973035757
1e-10,4.38828618071952e-19,6.209212766249417e-7,0.007067379305428761,8.578271554257569e-18,310.66083973035757
1e-10,4.390670570079701e-19,6.209212766249417e-7,0.0070712193886243975,8.578271554257564e-18,310.6608397303574
1e-10,4.39327429126957e-19,6.209212766249417e-7,0.007075412707951483,8.578271554257561e-18,310.6608397303573
1e-10,4.3950718393159685e-19,6.209212766249417e-7,0.007078307677272182,8.578271554257566e-18,310.66083973035745
1e-10,4.396743026424482e-19,6.209212766249417e-7,0.007080999141023589,8.578271554257573e-18,310.66083973035774
1e-10,4.402353487613668e-19,6.209212766249417e-7,0.007090034845549099,8.578271554257573e-18,310.66083973035774
1e-10,4.411554507130513e-19,6.209212766249417e-7,0.007104853180599328,8.578271554257578e-18,310.6608397303579
1e-10,4.415926090002907e-19,6.209212766249417e-7,0.007111893659057656,8.578271554257587e-18,310.66083973035825
1e-10,4.420566700974821e-19,6.209212766249417e-7,0.00711936740999294,8.578271554257584e-18,310.66083973035813
1e-10,4.424162927919861e-19,6.209212766249417e-7,0.007125159169883321,8.578271554257578e-18,310.6608397303579
1e-10,4.4303101717141435e-19,6.209212766249417e-7,0.0071350593682268145,8.578271554257573e-18,310.66083973035774
1e-10,4.433787315181359e-19,6.209212766249417e-7,0.007140659342970982,8.578271554257573e-18,310.66083973035774
1e-10,4.439126274495225e-19,6.209212766249417e-7,0.007149257790978572,8.578271554257573e-18,310.66083973035774
1e-10,4.442380001041555e-19,6.209212766249417e-7,0.007154497950510575,8.578271554257575e-18,310.6608397303578
1e-10,4.445228575503652e-19,6.209212766249417e-7,0.007159085608510605,8.578271554257575e-18,310.6608397303578
1e-10,4.446790358709938e-19,6.209212766249417e-7,0.0071616008761702585,8.578271554257566e-18,310.66083973035745
1e-10,4.449699962577623e-19,6.209212766249417e-7,0.007166286822645631,8.578271554257566e-18,310.66083973035745
1e-10,4.45460480467718e-19,6.209212766249417e-7,0.007174186120486121,8.578271554257564e-18,310.6608397303574
1e-10,4.458667840081262e-19,6.209212766249417e-7,0.0071807296801240945,8.578271554257563e-18,310.66083973035734
1e-10,4.4625856524913e-19,6.209212766249417e-7,0.00718703935666044,8.57827155425756e-18,310.6608397303572
1e-10,4.465044390445289e-19,6.209212766249417e-7,0.007190999179018846,8.578271554257564e-18,310.6608397303574
1e-10,4.469336881773408e-19,6.209212766249417e-7,0.007197912279744675,8.578271554257563e-18,310.66083973035734
1e-10,4.473679489252256e-19,6.209212766249417e-7,0.007204906093038451,8.578271554257563e-18,310.66083973035734
1e-10,4.479011081075733e-19,6.209212766249417e-7,0.007213492675628207,8.578271554257563e-18,310.66083973035734
1e-10,4.48306727156307e-19,6.209212766249417e-7,0.00722002521145849,8.578271554257566e-18,310.66083973035745
1e-10,4.486657831524249e-19,6.209212766249417e-7,0.00722580784461401,8.578271554257566e-18,310.66083973035745
1e-10,4.490654361473193e-19,6.209212766249417e-7,0.007232244296543418,8.57827155425757e-18,310.6608397303576
1e-10,4.494291950282107e-19,6.209212766249417e-7,0.007238102670134169,8.57827155425757e-18,310.6608397303576
1e-10,4.498686590252384e-19,6.209212766249417e-7,0.007245180282281983,8.57827155425757e-18,310.6608397303576
1e-10,4.502726861853481e-19,6.209212766249417e-7,0.007251687180584869,8.578271554257572e-18,310.6608397303577
1e-10,4.506960098500403e-19,6.209212766249417e-7,0.007258504851046948,8.57827155425757e-18,310.6608397303576
1e-10,4.509287729887059e-19,6.209212766249417e-7,0.0072622535249518075,8.578271554257575e-18,310.6608397303578
1e-10,4.513856038602299e-19,6.209212766249417e-7,0.007269610832370989,8.578271554257567e-18,310.6608397303575
1e-10,4.51772405236405e-19,6.209212766249417e-7,0.0072758403076802845,8.578271554257567e-18,310.6608397303575
1e-10,4.521642519513598e-19,6.209212766249417e-7,0.007282151038681237,8.578271554257563e-18,310.66083973035734
1e-10,4.527655929155541e-19,6.209212766249417e-7,0.007291835695767927,8.578271554257569e-18,310.66083973035757
1e-10,4.531230111824816e-19,6.209212766249417e-7,0.00729759195312909,8.578271554257567e-18,310.6608397303575
1e-10,4.533565647289786e-19,6.209212766249417e-7,0.007301353356632068,8.57827155425757e-18,310.6608397303576
1e-10,4.536350431054149e-19,6.209212766249417e-7,0.0073058382790678065,8.578271554257573e-18,310.66083973035774
1e-10,4.539519645563817e-19,6.209212766249417e-7,0.007310942331109466,8.578271554257573e-18,310.66083973035774
1e-10,4.544651201411692e-19,6.209212766249417e-7,0.007319206753736065,8.578271554257572e-18,310.6608397303577
1e-10,4.548083855789258e-19,6.209212766249417e-7,0.007324735078351101,8.57827155425757e-18,310.6608397303576
1e-10,4.553437832165018e-19,6.209212766249417e-7,0.007333357711488851,8.578271554257573e-18,310.66083973035774
1e-10,4.558759407994478e-19,6.209212766249417e-7,0.007341928163218877,8.578271554257572e-18,310.6608397303577
1e-10,4.561109345860289e-19,6.209212766249417e-7,0.007345712761934166,8.578271554257569e-18,310.66083973035757
1e-10,4.56455340709754e-19,6.209212766249417e-7,0.007351259457412169,8.578271554257577e-18,310.66083973035785
1e-10,4.568071713574482e-19,6.209212766249417e-7,0.007356925725600088,8.578271554257575e-18,310.6608397303578
1e-10,4.574160895097518e-19,6.209212766249417e-7,0.007366732414068124,8.57827155425757e-18,310.6608397303576
1e-10,4.577641107771456e-19,6.209212766249417e-7,0.007372337331800779,8.578271554257572e-18,310.6608397303577
1e-10,4.581931048993202e-19,6.209212766249417e-7,0.007379246325554487,8.578271554257572e-18,310.6608397303577
1e-10,4.583784925459481e-19,6.209212766249417e-7,0.007382232012365471,8.578271554257575e-18,310.6608397303578
1e-10,4.588339420299e-19,6.209212766249417e-7,0.007389567072398001,8.578271554257569e-18,310.66083973035757
1e-10,4.59413691929443e-19,6.209212766249417e-7,0.007398904003203373,8.57827155425757e-18,310.6608397303576
1e-10,4.597974001547963e-19,6.209212766249417e-7,0.007405083663005643,8.578271554257572e-18,310.6608397303577
1e-10,4.604439127338728e-19,6.209212766249417e-7,0.007415495813521577,8.578271554257566e-18,310.66083973035745
1e-10,4.6135626194386745e-19,6.209212766249417e-7,0.007430189289882281,8.57827155425757e-18,310.6608397303576
1e-10,4.61573352649385e-19,6.209212766249417e-7,0.0074336855576651725,8.578271554257569e-18,310.66083973035757
1e-10,4.622508900726222e-19,6.209212766249417e-7,0.007444597366436164,8.578271554257569e-18,310.66083973035757
1e-10,4.626624114618534e-19,6.209212766249417e-7,0.007451224960057501,8.578271554257567e-18,310.6608397303575
1e-10,4.631536162842305e-19,6.209212766249417e-7,0.007459135863433966,8.578271554257564e-18,310.6608397303574
1e-10,4.63215295693873e-19,6.209212766249417e-7,0.007460129216568486,8.578271554257569e-18,310.66083973035757
1e-10,4.634068924538221e-19,6.209212766249417e-7,0.007463214901777897,8.578271554257564e-18,310.6608397303574
1e-10,4.637625310231322e-19,6.209212766249417e-7,0.007468942496928819,8.578271554257566e-18,310.66083973035745
1e-10,4.64187981976343e-19,6.209212766249417e-7,0.007475794427587781,8.578271554257563e-18,310.66083973035734
1e-10,4.644846896745109e-19,6.209212766249417e-7,0.007480572935094894,8.57827155425756e-18,310.6608397303572
1e-10,4.650098826093831e-19,6.209212766249417e-7,0.007489031220462839,8.578271554257558e-18,310.66083973035717
1e-10,4.653873657214762e-19,6.209212766249417e-7,0.007495110624186045,8.578271554257566e-18,310.66083973035745
1e-10,4.658017918353817e-19,6.209212766249417e-7,0.007501784998692231,8.578271554257558e-18,310.66083973035717
1e-10,4.662698994369578e-19,6.209212766249417e-7,0.007509323918990157,8.57827155425755e-18,310.6608397303569
1e-10,4.669550214885459e-19,6.209212766249417e-7,0.007520357878968338,8.57827155425755e-18,310.6608397303569
1e-10,4.674285626988087e-19,6.209212766249417e-7,0.007527984308084067,8.578271554257552e-18,310.66083973035694
1e-10,4.677753565441306e-19,6.209212766249417e-7,0.007533569458060033,8.578271554257552e-18,310.66083973035694
1e-10,4.682009429382586e-19,6.209212766249417e-7,0.007540423570008673,8.578271554257557e-18,310.6608397303571
1e-10,4.68371903156538e-19,6.209212766249417e-7,0.007543176901625988,8.578271554257555e-18,310.66083973035705
1e-10,4.688332601637129e-19,6.209212766249417e-7,0.00755060710291789,8.578271554257553e-18,310.660839730357
1e-10,4.693177847151622e-19,6.209212766249417e-7,0.00755841041985499,8.578271554257561e-18,310.6608397303573
1e-10,4.696080390195991e-19,6.209212766249417e-7,0.007563084994802954,8.578271554257561e-18,310.6608397303573
1e-10,4.701114865676714e-19,6.209212766249417e-7,0.007571193068515758,8.578271554257561e-18,310.6608397303573
1e-10,4.702778473165021e-19,6.209212766249417e-7,0.007573872325212113,8.578271554257557e-18,310.6608397303571
1e-10,4.708304602750889e-19,6.209212766249417e-7,0.007582772212837008,8.578271554257561e-18,310.6608397303573
1e-10,4.711973367127677e-19,6.209212766249417e-7,0.007588680794995329,8.578271554257561e-18,310.6608397303573
1e-10,4.714947902394608e-19,6.209212766249417e-7,0.007593471314146323,8.57827155425756e-18,310.6608397303572
1e-10,4.72014121024773e-19,6.209212766249417e-7,0.007601835189002328,8.578271554257563e-18,310.66083973035734
1e-10,4.720939998409446e-19,6.209212766249417e-7,0.007603121645420857,8.578271554257564e-18,310.6608397303574
1e-10,4.7235722608094e-19,6.209212766249417e-7,0.007607360930655633,8.578271554257564e-18,310.6608397303574
1e-10,4.728002240583137e-19,6.209212766249417e-7,0.007614495457914574,8.57827155425756e-18,310.6608397303572
1e-10,4.731846086427572e-19,6.209212766249417e-7,0.007620686010548441,8.57827155425756e-18,310.6608397303572
1e-10,4.735295735472273e-19,6.209212766249417e-7,0.007626241705246894,8.57827155425756e-18,310.6608397303572
1e-10,4.73899878572161e-19,6.209212766249417e-7,0.007632205505149943,8.578271554257558e-18,310.66083973035717
1e-10,4.743124153331997e-19,6.209212766249417e-7,0.0076388494514369985,8.578271554257558e-18,310.66083973035717
1e-10,4.744520221546129e-19,6.209212766249417e-7,0.007641097833424681,8.578271554257567e-18,310.6608397303575
1e-10,4.747866432603191e-19,6.209212766249417e-7,0.007646486940197203,8.578271554257566e-18,310.66083973035745
1e-10,4.751945165834453e-19,6.209212766249417e-7,0.007653055781344718,8.578271554257567e-18,310.6608397303575
1e-10,4.757254184428272e-19,6.209212766249417e-7,0.007661606009519659,8.578271554257564e-18,310.6608397303574
1e-10,4.764201791661131e-19,6.209212766249417e-7,0.007672795201281011,8.578271554257567e-18,310.6608397303575
1e-10,4.771100590209766e-19,6.209212766249417e-7,0.007683905786162452,8.578271554257567e-18,310.6608397303575
1e-10,4.776736518093585e-19,6.209212766249417e-7,0.007692982505057403,8.57827155425757e-18,310.6608397303576
1e-10,4.782526281851028e-19,6.209212766249417e-7,0.007702306978183713,8.578271554257573e-18,310.66083973035774
1e-10,4.787940401335714e-19,6.209212766249417e-7,0.007711026472407063,8.578271554257569e-18,310.66083973035757
1e-10,4.791468402926927e-19,6.209212766249417e-7,0.0077167083546746335,8.578271554257573e-18,310.66083973035774
1e-10,4.797403283208798e-19,6.209212766249417e-7,0.007726266539432178,8.578271554257577e-18,310.66083973035785
1e-10,4.803409175663587e-19,6.209212766249417e-7,0.007735939090012881,8.57827155425758e-18,310.66083973035796
1e-10,4.807083702768743e-19,6.209212766249417e-7,0.007741856953103559,8.578271554257578e-18,310.6608397303579
1e-10,4.812333645132179e-19,6.209212766249417e-7,0.007750312038411591,8.57827155425757e-18,310.6608397303576
1e-10,4.816280420003792e-19,6.209212766249417e-7,0.007756668359285416,8.578271554257569e-18,310.66083973035757
1e-10,4.81915423279107e-19,6.209212766249417e-7,0.007761296663863572,8.578271554257569e-18,310.66083973035757
1e-10,4.824240888996176e-19,6.209212766249417e-7,0.007769488775161086,8.578271554257567e-18,310.6608397303575
1e-10,4.827503888647138e-19,6.209212766249417e-7,0.007774743869121948,8.57827155425757e-18,310.6608397303576
1e-10,4.833016469730321e-19,6.209212766249417e-7,0.007783621936746151,8.57827155425757e-18,310.6608397303576
1e-10,4.838846086397927e-19,6.209212766249417e-7,0.007793010593387606,8.578271554257566e-18,310.66083973035745
1e-10,4.8415653581987525e-19,6.209212766249417e-7,0.007797390008143059,8.578271554257569e-18,310.66083973035757
1e-10,4.848421908302557e-19,6.209212766249417e-7,0.007808432551476529,8.578271554257561e-18,310.6608397303573
1e-10,4.852473651226656e-19,6.209212766249417e-7,0.007814957924461205,8.578271554257561e-18,310.6608397303573
1e-10,4.855268412224136e-19,6.209212766249417e-7,0.007819458915331853,8.57827155425756e-18,310.6608397303572
1e-10,4.864180385690425e-19,6.209212766249417e-7,0.00783381173879239,8.57827155425756e-18,310.6608397303572
1e-10,4.867403369306634e-19,6.209212766249417e-7,0.007839002386524302,8.578271554257564e-18,310.6608397303574
1e-10,4.870736706591529e-19,6.209212766249417e-7,0.00784437075995646,8.578271554257567e-18,310.6608397303575
1e-10,4.874085625465587e-19,6.209212766249417e-7,0.007849764227695658,8.578271554257566e-18,310.66083973035745
1e-10,4.880044065854373e-19,6.209212766249417e-7,0.007859360356243827,8.578271554257564e-18,310.6608397303574
1e-10,4.883254017464379e-19,6.209212766249417e-7,0.007864530015797858,8.578271554257567e-18,310.6608397303575
1e-10,4.888191114240689e-19,6.209212766249417e-7,0.00787248126012169,8.57827155425757e-18,310.6608397303576
1e-10,4.890428988101118e-19,6.209212766249417e-7,0.007876085378622175,8.578271554257573e-18,310.66083973035774
1e-10,4.89606566983107e-19,6.209212766249417e-7,0.007885163311593953,8.578271554257569e-18,310.66083973035757
1e-10,4.902379640657796e-19,6.209212766249417e-7,0.007895332025510548,8.578271554257566e-18,310.66083973035745
1e-10,4.906783058360986e-19,6.209212766249417e-7,0.007902423774286052,8.578271554257563e-18,310.66083973035734
1e-10,4.908753136425641e-19,6.209212766249417e-7,0.007905596604947234,8.578271554257566e-18,310.66083973035745
1e-10,4.912068371264124e-19,6.209212766249417e-7,0.00791093582420624,8.578271554257566e-18,310.66083973035745
1e-10,4.917156310481722e-19,6.209212766249417e-7,0.007919130001808357,8.578271554257561e-18,310.6608397303573
1e-10,4.919555574446663e-19,6.209212766249417e-7,0.007922994040705499,8.578271554257561e-18,310.6608397303573
1e-10,4.921633418784933e-19,6.209212766249417e-7,0.007926340430040977,8.578271554257558e-18,310.66083973035717
1e-10,4.925139281039331e-19,6.209212766249417e-7,0.007931986656682549,8.578271554257563e-18,310.66083973035734
1e-10,4.928267406211655e-19,6.209212766249417e-7,0.007937024533930574,8.578271554257566e-18,310.66083973035745
1e-10,4.932986625013947e-19,6.209212766249417e-7,0.00794462488357223,8.578271554257569e-18,310.66083973035757
1e-10,4.937347490819765e-19,6.209212766249417e-7,0.007951648102086373,8.578271554257572e-18,310.6608397303577
1e-10,4.939390883965548e-19,6.209212766249417e-7,0.00795493900742769,8.578271554257573e-18,310.66083973035774
1e-10,4.942643905041162e-19,6.209212766249417e-7,0.007960178030791966,8.578271554257573e-18,310.66083973035774
1e-10,4.943798609253857e-19,6.209212766249417e-7,0.007962037693612624,8.578271554257577e-18,310.66083973035785
1e-10,4.947658942355184e-19,6.209212766249417e-7,0.007968254799140576,8.578271554257577e-18,310.66083973035785
1e-10,4.954262422915792e-19,6.209212766249417e-7,0.007978889771413552,8.578271554257573e-18,310.66083973035774
1e-10,4.958427904831457e-19,6.209212766249417e-7,0.007985598322195234,8.57827155425757e-18,310.6608397303576
1e-10,4.962175073432972e-19,6.209212766249417e-7,0.007991633175150963,8.578271554257572e-18,310.6608397303577
1e-10,4.967665551184197e-19,6.209212766249417e-7,0.008000475645135353,8.578271554257569e-18,310.66083973035757
1e-10,4.969974237756311e-19,6.209212766249417e-7,0.008004193808224662,8.578271554257561e-18,310.6608397303573
1e-10,4.972216608113941e-19,6.209212766249417e-7,0.008007805168379395,8.578271554257558e-18,310.66083973035717
1e-10,4.977734918902439e-19,6.209212766249417e-7,0.008016692463751997,8.578271554257561e-18,310.6608397303573
1e-10,4.98213892076908e-19,6.209212766249417e-7,0.008023785153328652,8.578271554257558e-18,310.66083973035717
1e-10,4.987835202142908e-19,6.209212766249417e-7,0.008032959072130067,8.578271554257558e-18,310.66083973035717
1e-10,4.990565556950524e-19,6.209212766249417e-7,0.008037356336180121,8.57827155425756e-18,310.6608397303572
1e-10,4.9952222812710215e-19,6.209212766249417e-7,0.008044856037826374,8.578271554257557e-18,310.6608397303571
1e-10,5.00074771246529e-19,6.209212766249417e-7,0.008053754800684529,8.57827155425756e-18,310.6608397303572
1e-10,5.004324825782413e-19,6.209212766249417e-7,0.008059515777883709,8.57827155425756e-18,310.6608397303572
1e-10,5.007645319449037e-19,6.209212766249417e-7,0.00806486346653866,8.578271554257558e-18,310.66083973035717
1e-10,5.014458384592907e-19,6.209212766249417e-7,0.00807583597690407,8.57827155425756e-18,310.6608397303572
1e-10,5.017499809700086e-19,6.209212766249417e-7,0.008080734222819734,8.57827155425756e-18,310.6608397303572
1e-10,5.022027617785684e-19,6.209212766249417e-7,0.008088026303564994,8.578271554257561e-18,310.6608397303573
1e-10,5.024009173631313e-19,6.209212766249417e-7,0.008091217619308592,8.578271554257561e-18,310.6608397303573
1e-10,5.028264921514184e-19,6.209212766249417e-7,0.008098071544343992,8.578271554257564e-18,310.6608397303574
1e-10,5.033857312871901e-19,6.209212766249417e-7,0.008107078147223046,8.57827155425757e-18,310.6608397303576
1e-10,5.038718151133614e-19,6.209212766249417e-7,0.00811490657643735,8.578271554257573e-18,310.66083973035774
1e-10,5.042574541474934e-19,6.209212766249417e-7,0.008121117332110407,8.578271554257575e-18,310.6608397303578
1e-10,5.046441292300295e-19,6.209212766249417e-7,0.008127344773447865,8.578271554257577e-18,310.66083973035785
1e-10,5.050649052632578e-19,6.209212766249417e-7,0.008134121414047386,8.578271554257581e-18,310.660839730358
1e-10,5.055413277164061e-19,6.209212766249417e-7,0.008141794245871378,8.578271554257584e-18,310.66083973035813
1e-10,5.060363626483759e-19,6.209212766249417e-7,0.008149766833550459,8.578271554257578e-18,310.6608397303579
1e-10,5.065141869763632e-19,6.209212766249417e-7,0.008157462242710611,8.578271554257572e-18,310.6608397303577
1e-10,5.069841940131372e-19,6.209212766249417e-7,0.008165031753604628,8.57827155425757e-18,310.6608397303576
1e-10,5.072744821224067e-19,6.209212766249417e-7,0.008169706872982843,8.578271554257567e-18,310.6608397303575
1e-10,5.079059070970231e-19,6.209212766249417e-7,0.008179876036102015,8.578271554257567e-18,310.6608397303575
1e-10,5.083918959285918e-19,6.209212766249417e-7,0.00818770293541863,8.578271554257564e-18,310.6608397303574
1e-10,5.091051186762058e-19,6.209212766249417e-7,0.008199189459950223,8.578271554257563e-18,310.66083973035734
1e-10,5.093585662634688e-19,6.209212766249417e-7,0.0082032712589931,8.578271554257564e-18,310.6608397303574
1e-10,5.097023443257414e-19,6.209212766249417e-7,0.008208807839477847,8.578271554257569e-18,310.66083973035757
1e-10,5.100278868948517e-19,6.209212766249417e-7,0.008214050735499703,8.578271554257572e-18,310.6608397303577
1e-10,5.10481753640551e-19,6.209212766249417e-7,0.008221360305372495,8.57827155425757e-18,310.6608397303576
1e-10,5.109638055149043e-19,6.209212766249417e-7,0.008229123799594716,8.57827155425757e-18,310.6608397303576
1e-10,5.112097301937498e-19,6.209212766249417e-7,0.008233084441436181,8.578271554257573e-18,310.66083973035774
1e-10,5.115612668598726e-19,6.209212766249417e-7,0.008238745975021139,8.578271554257577e-18,310.66083973035785
1e-10,5.118951373589118e-19,6.209212766249417e-7,0.008244122993197324,8.578271554257577e-18,310.66083973035785
1e-10,5.121656618252736e-19,6.209212766249417e-7,0.008248479817106344,8.578271554257578e-18,310.6608397303579
1e-10,5.127371736614607e-19,6.209212766249417e-7,0.00825768407306764,8.578271554257577e-18,310.66083973035785
1e-10,5.131197062868015e-19,6.209212766249417e-7,0.008263844799712733,8.578271554257572e-18,310.6608397303577
1e-10,5.13465579883392e-19,6.209212766249417e-7,0.008269415128989746,8.578271554257577e-18,310.66083973035785
1e-10,5.136316814008687e-19,6.209212766249417e-7,0.00827209021073891,8.578271554257573e-18,310.66083973035774
1e-10,5.144718018067568e-19,6.209212766249417e-7,0.008285620434899606,8.578271554257578e-18,310.6608397303579
1e-10,5.148874454469795e-19,6.209212766249417e-7,0.008292314417790351,8.578271554257578e-18,310.6608397303579
1e-10,5.150719146634465e-19,6.209212766249417e-7,0.008295285313190646,8.578271554257575e-18,310.6608397303578
1e-10,5.152211919762594e-19,6.209212766249417e-7,0.008297689439421016,8.578271554257577e-18,310.66083973035785
1e-10,5.153882238181749e-19,6.209212766249417e-7,0.00830037950413942,8.578271554257569e-18,310.66083973035757
1e-10,5.156957921233065e-19,6.209212766249417e-7,0.008305332922820825,8.578271554257569e-18,310.66083973035757
1e-10,5.161463968016799e-19,6.209212766249417e-7,0.008312589956769197,8.578271554257567e-18,310.6608397303575
1e-10,5.165569995358846e-19,6.209212766249417e-7,0.00831920275535836,8.57827155425756e-18,310.6608397303572
1e-10,5.167837997748078e-19,6.209212766249417e-7,0.008322855396159397,8.57827155425756e-18,310.6608397303572
1e-10,5.171164724039992e-19,6.209212766249417e-7,0.008328213122520455,8.578271554257564e-18,310.6608397303574
1e-10,5.175163330677889e-19,6.209212766249417e-7,0.00833465291897844,8.578271554257563e-18,310.66083973035734
1e-10,5.179528233127927e-19,6.209212766249417e-7,0.008341682638548951,8.578271554257564e-18,310.6608397303574
1e-10,5.183510549817041e-19,6.209212766249417e-7,0.00834809619987956,8.578271554257563e-18,310.66083973035734
1e-10,5.1866298122905605e-19,6.209212766249417e-7,0.008353119803661468,8.57827155425756e-18,310.6608397303572
1e-10,5.192289475655329e-19,6.209212766249417e-7,0.0083622347487887,8.57827155425756e-18,310.6608397303572
1e-10,5.198060680487748e-19,6.209212766249417e-7,0.008371529332578434,8.578271554257557e-18,310.6608397303571
1e-10,5.203504723830334e-19,6.209212766249417e-7,0.008380297019477775,8.578271554257555e-18,310.66083973035705
1e-10,5.2079924619489585e-19,6.209212766249417e-7,0.008387524567135698,8.578271554257557e-18,310.6608397303571
1e-10,5.213398612507866e-19,6.209212766249417e-7,0.008396231227323431,8.578271554257553e-18,310.660839730357
1e-10,5.216276188563578e-19,6.209212766249417e-7,0.008400865592683486,8.57827155425755e-18,310.6608397303569
1e-10,5.218882277026917e-19,6.209212766249417e-7,0.008405062724528452,8.57827155425755e-18,310.6608397303569
1e-10,5.221130281415916e-19,6.209212766249417e-7,0.008408683158347724,8.578271554257552e-18,310.66083973035694
1e-10,5.22532324550708e-19,6.209212766249417e-7,0.00841543596945118,8.578271554257552e-18,310.66083973035694
1e-10,5.228365456735056e-19,6.209212766249417e-7,0.008420335481422346,8.578271554257543e-18,310.6608397303566
1e-10,5.233104641316699e-19,6.209212766249417e-7,0.008427967986153707,8.57827155425755e-18,310.6608397303569
1e-10,5.236801483834668e-19,6.209212766249417e-7,0.008433921788442563,8.578271554257558e-18,310.66083973035717
1e-10,5.240355356335877e-19,6.209212766249417e-7,0.008439645336072507,8.578271554257561e-18,310.6608397303573
1e-10,5.244132217393752e-19,6.209212766249417e-7,0.008445728009029707,8.578271554257557e-18,310.6608397303571
1e-10,5.249279346079683e-19,6.209212766249417e-7,0.008454017511869596,8.578271554257564e-18,310.6608397303574
1e-10,5.252828109606246e-19,6.209212766249417e-7,0.00845973283144417,8.578271554257564e-18,310.6608397303574
1e-10,5.253776741255876e-19,6.209212766249417e-7,0.008461260612316467,8.578271554257564e-18,310.6608397303574
1e-10,5.261729768077671e-19,6.209212766249417e-7,0.008474069042501085,8.578271554257567e-18,310.6608397303575
1e-10,5.266281265469213e-19,6.209212766249417e-7,0.008481399275113313,8.578271554257569e-18,310.66083973035757
1e-10,5.271006221256959e-19,6.209212766249417e-7,0.008489008864228102,8.578271554257573e-18,310.66083973035774
1e-10,5.273856853051955e-19,6.209212766249417e-7,0.008493599835583586,8.578271554257575e-18,310.6608397303578
1e-10,5.28043884986443e-19,6.209212766249417e-7,0.00850420020806277,8.578271554257573e-18,310.66083973035774
1e-10,5.283851547292822e-19,6.209212766249417e-7,0.00850969639180919,8.578271554257573e-18,310.66083973035774
1e-10,5.289573761477705e-19,6.209212766249417e-7,0.00851891207566526,8.578271554257575e-18,310.6608397303578
1e-10,5.293949440256029e-19,6.209212766249417e-7,0.00852595915062154,8.578271554257569e-18,310.66083973035757
1e-10,5.297133348187521e-19,6.209212766249417e-7,0.00853108686656775,8.578271554257572e-18,310.6608397303577
1e-10,5.301961433246782e-19,6.209212766249417e-7,0.008538862546418028,8.578271554257573e-18,310.66083973035774
1e-10,5.306677307063076e-19,6.209212766249417e-7,0.00854645750892588,8.578271554257566e-18,310.66083973035745
1e-10,5.30831459105091e-19,6.209212766249417e-7,0.00854909437135832,8.578271554257566e-18,310.66083973035745
1e-10,5.312821317416331e-19,6.209212766249417e-7,0.008556352499779875,8.578271554257566e-18,310.66083973035745
1e-10,5.320438007169809e-19,6.209212766249417e-7,0.008568619255712092,8.57827155425756e-18,310.6608397303572
1e-10,5.323528379843495e-19,6.209212766249417e-7,0.008573596332178988,8.578271554257555e-18,310.66083973035705
1e-10,5.325536343921913e-19,6.209212766249417e-7,0.008576830178648758,8.578271554257555e-18,310.66083973035705
1e-10,5.329555972242825e-19,6.209212766249417e-7,0.008583303830739988,8.578271554257555e-18,310.66083973035705
1e-10,5.334660656480113e-19,6.209212766249417e-7,0.008591524976365781,8.578271554257558e-18,310.66083973035717
1e-10,5.338359946013271e-19,6.209212766249417e-7,0.008597482719597364,8.578271554257555e-18,310.66083973035705
1e-10,5.34209766719203e-19,6.209212766249417e-7,0.008603502357383132,8.57827155425756e-18,310.6608397303572
1e-10,5.345974783407061e-19,6.209212766249417e-7,0.008609746492285556,8.578271554257558e-18,310.66083973035717
1e-10,5.352642383868977e-19,6.209212766249417e-7,0.008620484730308511,8.578271554257558e-18,310.66083973035717
1e-10,5.355955207081884e-19,6.209212766249417e-7,0.008625820065620122,8.578271554257567e-18,310.6608397303575
1e-10,5.3599368104796345e-19,6.209212766249417e-7,0.00863223247818777,8.578271554257567e-18,310.6608397303575
1e-10,5.365469314905883e-19,6.209212766249417e-7,0.008641142632557613,8.578271554257567e-18,310.6608397303575
1e-10,5.3682967043179615e-19,6.209212766249417e-7,0.008645696171820186,8.578271554257566e-18,310.66083973035745
1e-10,5.370118893631403e-19,6.209212766249417e-7,0.00864863082615084,8.578271554257567e-18,310.6608397303575
1e-10,5.374510428698979e-19,6.209212766249417e-7,0.00865570343782143,8.578271554257569e-18,310.66083973035757
1e-10,5.378400363069525e-19,6.209212766249417e-7,0.008661968216493036,8.578271554257578e-18,310.6608397303579
1e-10,5.381029438641506e-19,6.209212766249417e-7,0.008666202369309109,8.57827155425758e-18,310.66083973035796
1e-10,5.384902483638283e-19,6.209212766249417e-7,0.008672439947473331,8.578271554257577e-18,310.66083973035785
1e-10,5.388271438997179e-19,6.209212766249417e-7,0.008677865684174139,8.578271554257577e-18,310.66083973035785
1e-10,5.391062566453625e-19,6.209212766249417e-7,0.008682360823190178,8.578271554257581e-18,310.660839730358
1e-10,5.3977976011740465e-19,6.209212766249417e-7,0.008693207664768922,8.578271554257581e-18,310.660839730358
1e-10,5.400746183233829e-19,6.209212766249417e-7,0.008697956386017143,8.578271554257586e-18,310.6608397303582
1e-10,5.405589168120282e-19,6.209212766249417e-7,0.008705756062189906,8.578271554257584e-18,310.66083973035813
1e-10,5.409826637224731e-19,6.209212766249417e-7,0.008712580549067666,8.578271554257581e-18,310.660839730358
1e-10,5.413469330276857e-19,6.209212766249417e-7,0.008718447143093767,8.578271554257584e-18,310.66083973035813
1e-10,5.415793414241541e-19,6.209212766249417e-7,0.008722190103839638,8.578271554257586e-18,310.6608397303582
1e-10,5.419562310000947e-19,6.209212766249417e-7,0.008728259948603038,8.578271554257586e-18,310.6608397303582
1e-10,5.424419510540123e-19,6.209212766249417e-7,0.008736082519228382,8.578271554257589e-18,310.6608397303583
1e-10,5.429520393176727e-19,6.209212766249417e-7,0.0087442975423378,8.578271554257581e-18,310.660839730358
1e-10,5.436219535221112e-19,6.209212766249417e-7,0.008755086578398536,8.578271554257589e-18,310.6608397303583
1e-10,5.439973404568865e-19,6.209212766249417e-7,0.008761132222973898,8.578271554257589e-18,310.6608397303583
1e-10,5.445984006875371e-19,6.209212766249417e-7,0.008770812358818453,8.578271554257578e-18,310.6608397303579
1e-10,5.4511688962748255e-19,6.209212766249417e-7,0.00877916267566963,8.578271554257573e-18,310.66083973035774
1e-10,5.456045833760874e-19,6.209212766249417e-7,0.008787017032847656,8.578271554257569e-18,310.66083973035757
1e-10,5.458763750284074e-19,6.209212766249417e-7,0.008791394264914777,8.578271554257566e-18,310.66083973035745
1e-10,5.461776032422615e-19,6.209212766249417e-7,0.008796245575784513,8.578271554257563e-18,310.66083973035734
1e-10,5.465709377918965e-19,6.209212766249417e-7,0.008802580268513566,8.578271554257558e-18,310.66083973035717
1e-10,5.471844009265993e-19,6.209212766249417e-7,0.008812460154383112,8.578271554257561e-18,310.6608397303573
1e-10,5.476133870730588e-19,6.209212766249417e-7,0.008819369019687122,8.578271554257563e-18,310.66083973035734
1e-10,5.479566637509474e-19,6.209212766249417e-7,0.008824897525325621,8.578271554257561e-18,310.6608397303573
1e-10,5.484098592769948e-19,6.209212766249417e-7,0.00883219628513799,8.57827155425756e-18,310.6608397303572
1e-10,5.488030297390408e-19,6.209212766249417e-7,0.008838528335219815,8.578271554257561e-18,310.6608397303573
1e-10,5.492004990110243e-19,6.209212766249417e-7,0.008844929618070742,8.578271554257561e-18,310.6608397303573
1e-10,5.498333518752348e-19,6.209212766249417e-7,0.008855121777496337,8.578271554257557e-18,310.6608397303571
1e-10,5.502400312830011e-19,6.209212766249417e-7,0.008861671390516152,8.578271554257561e-18,310.6608397303573
1e-10,5.5080570251729565e-19,6.209212766249417e-7,0.008870781582992874,8.578271554257566e-18,310.66083973035745
1e-10,5.508713499337903e-19,6.209212766249417e-7,0.008871838841279327,8.578271554257569e-18,310.66083973035757
1e-10,5.512107172488951e-19,6.209212766249417e-7,0.008877304386234549,8.578271554257572e-18,310.6608397303577
1e-10,5.519294625435584e-19,6.209212766249417e-7,0.008888879851945277,8.578271554257564e-18,310.6608397303574
1e-10,5.522232792486388e-19,6.209212766249417e-7,0.008893611799716135,8.57827155425756e-18,310.6608397303572
1e-10,5.525235324028737e-19,6.209212766249417e-7,0.008898447407152024,8.578271554257569e-18,310.66083973035757
1e-10,5.528685192172532e-19,6.209212766249417e-7,0.008904003454711784,8.578271554257567e-18,310.6608397303575
1e-10,5.53443449680375e-19,6.209212766249417e-7,0.008913262768005845,8.57827155425757e-18,310.6608397303576
1e-10,5.53847324085347e-19,6.209212766249417e-7,0.00891976720617178,8.578271554257569e-18,310.66083973035757
1e-10,5.545772811875158e-19,6.209212766249417e-7,0.008931523239177066,8.578271554257569e-18,310.66083973035757
1e-10,5.548454790579494e-19,6.209212766249417e-7,0.0089358425930232,8.578271554257572e-18,310.6608397303577
1e-10,5.552013877572822e-19,6.209212766249417e-7,0.008941574538645474,8.578271554257577e-18,310.66083973035785
1e-10,5.556954717778613e-19,6.209212766249417e-7,0.00894953181180037,8.57827155425758e-18,310.66083973035796
1e-10,5.560995464132663e-19,6.209212766249417e-7,0.008956039474697692,8.578271554257581e-18,310.660839730358
1e-10,5.566472886095352e-19,6.209212766249417e-7,0.008964860918202514,8.578271554257577e-18,310.66083973035785
1e-10,5.56987029190041e-19,6.209212766249417e-7,0.008970332474634796,8.578271554257577e-18,310.66083973035785
1e-10,5.572719537460708e-19,6.209212766249417e-7,0.00897492121344527,8.578271554257577e-18,310.66083973035785
1e-10,5.578419674881892e-19,6.209212766249417e-7,0.008984101342449976,8.578271554257577e-18,310.66083973035785
1e-10,5.581563067064246e-19,6.209212766249417e-7,0.008989163807372164,8.578271554257575e-18,310.6608397303578
1e-10,5.587213485376002e-19,6.209212766249417e-7,0.008998263863247959,8.578271554257575e-18,310.6608397303578
1e-10,5.591014633754772e-19,6.209212766249417e-7,0.009004385651181255,8.578271554257577e-18,310.66083973035785
1e-10,5.59519551452631e-19,6.209212766249417e-7,0.009011119001976164,8.578271554257567e-18,310.6608397303575
1e-10,5.5970126625732e-19,6.209212766249417e-7,0.009014045537296015,8.578271554257567e-18,310.6608397303575
1e-10,5.599582691392521e-19,6.209212766249417e-7,0.009018184594719349,8.578271554257572e-18,310.6608397303577
1e-10,5.602148964276369e-19,6.209212766249417e-7,0.009022317603170594,8.578271554257566e-18,310.66083973035745
1e-10,5.604467186241002e-19,6.209212766249417e-7,0.009026051123106059,8.578271554257563e-18,310.66083973035734
1e-10,5.6089583623746815e-19,6.209212766249417e-7,0.00903328420772202,8.578271554257564e-18,310.6608397303574
1e-10,5.614316645620609e-19,6.209212766249417e-7,0.009041913777117763,8.578271554257561e-18,310.6608397303573
1e-10,5.621182849967101e-19,6.209212766249417e-7,0.009052971868706785,8.578271554257564e-18,310.6608397303574
1e-10,5.623106409335369e-19,6.209212766249417e-7,0.009056069780536644,8.578271554257563e-18,310.66083973035734
1e-10,5.626439144173527e-19,6.209212766249417e-7,0.009061437183722237,8.578271554257567e-18,310.6608397303575
1e-10,5.634198146220556e-19,6.209212766249417e-7,0.009073933135043477,8.578271554257564e-18,310.6608397303574
1e-10,5.637772791352954e-19,6.209212766249417e-7,0.009079690137206182,8.57827155425757e-18,310.6608397303576
1e-10,5.641500588240117e-19,6.209212766249417e-7,0.009085693791819895,8.57827155425756e-18,310.6608397303572
1e-10,5.647586863858666e-19,6.209212766249417e-7,0.009095495800299346,8.578271554257563e-18,310.66083973035734
1e-10,5.652026176595104e-19,6.209212766249417e-7,0.00910264535838917,8.578271554257563e-18,310.66083973035734
1e-10,5.655125029518581e-19,6.209212766249417e-7,0.00910763609238418,8.57827155425756e-18,310.6608397303572
1e-10,5.657797415682359e-19,6.209212766249417e-7,0.009111939997346665,8.578271554257558e-18,310.66083973035717
1e-10,5.66032161298722e-19,6.209212766249417e-7,0.009116005242652127,8.578271554257553e-18,310.660839730357
1e-10,5.665661333983884e-19,6.209212766249417e-7,0.009124604917357572,8.578271554257557e-18,310.6608397303571
1e-10,5.667640858603042e-19,6.209212766249417e-7,0.009127792961790383,8.578271554257555e-18,310.66083973035705
1e-10,5.672589855790753e-19,6.209212766249417e-7,0.009135763371847213,8.578271554257557e-18,310.6608397303571
1e-10,5.676679922242563e-19,6.209212766249417e-7,0.009142350465261118,8.578271554257558e-18,310.66083973035717
1e-10,5.679228675196739e-19,6.209212766249417e-7,0.009146455257688316,8.578271554257563e-18,310.66083973035734
1e-10,5.68363100340732e-19,6.209212766249417e-7,0.009153545251824949,8.578271554257569e-18,310.66083973035757
1e-10,5.688263496061453e-19,6.209212766249417e-7,0.009161005928127287,8.578271554257569e-18,310.66083973035757
1e-10,5.691442866805313e-19,6.209212766249417e-7,0.009166126336886899,8.578271554257566e-18,310.66083973035745
1e-10,5.693663485144316e-19,6.209212766249417e-7,0.009169702665195494,8.57827155425757e-18,310.6608397303576
1e-10,5.698003521656402e-19,6.209212766249417e-7,0.00917669233792128,8.578271554257567e-18,310.6608397303575
1e-10,5.704477527648439e-19,6.209212766249417e-7,0.009187118790091235,8.578271554257567e-18,310.6608397303575
1e-10,5.706215235247809e-19,6.209212766249417e-7,0.009189917385766383,8.578271554257572e-18,310.6608397303577
1e-10,5.712142599422224e-19,6.209212766249417e-7,0.009199463465756803,8.578271554257572e-18,310.6608397303577
1e-10,5.715956994747356e-19,6.209212766249417e-7,0.00920560658803128,8.578271554257567e-18,310.6608397303575
1e-10,5.721081768686641e-19,6.209212766249417e-7,0.009213860088325457,8.578271554257563e-18,310.66083973035734
1e-10,5.726317767989603e-19,6.209212766249417e-7,0.009222292718193486,8.578271554257567e-18,310.6608397303575
1e-10,5.730206976068387e-19,6.209212766249417e-7,0.009228556327164858,8.578271554257569e-18,310.66083973035757
1e-10,5.7339887334196685e-19,6.209212766249417e-7,0.00923464688565214,8.578271554257567e-18,310.6608397303575
1e-10,5.738322657085281e-19,6.209212766249417e-7,0.009241626713576817,8.578271554257564e-18,310.6608397303574
1e-10,5.741818084439759e-19,6.209212766249417e-7,0.00924725613470646,8.578271554257569e-18,310.66083973035757
1e-10,5.744307777251819e-19,6.209212766249417e-7,0.009251265810177066,8.578271554257566e-18,310.66083973035745
1e-10,5.74839703555576e-19,6.209212766249417e-7,0.00925785160206065,8.578271554257566e-18,310.66083973035745
1e-10,5.75358598273532e-19,6.209212766249417e-7,0.009266208454007751,8.57827155425756e-18,310.6608397303572
1e-10,5.757661112066452e-19,6.209212766249417e-7,0.009272771491037635,8.578271554257561e-18,310.6608397303573
1e-10,5.763617669550262e-19,6.209212766249417e-7,0.009282364587148284,8.578271554257555e-18,310.66083973035705
1e-10,5.77146967778475e-19,6.209212766249417e-7,0.009295010325875692,8.578271554257555e-18,310.66083973035705
1e-10,5.773801618879862e-19,6.209212766249417e-7,0.009298765940609636,8.578271554257553e-18,310.660839730357
1e-10,5.775312465039079e-19,6.209212766249417e-7,0.00930119917363948,8.578271554257549e-18,310.6608397303568
1e-10,5.777960697621118e-19,6.209212766249417e-7,0.00930546417901413,8.578271554257552e-18,310.66083973035694
1e-10,5.783329267249824e-19,6.209212766249417e-7,0.00931411031473344,8.578271554257553e-18,310.660839730357
1e-10,5.788452814799461e-19,6.209212766249417e-7,0.009322361839914675,8.578271554257552e-18,310.66083973035694
1e-10,5.793134199090148e-19,6.209212766249417e-7,0.009329901256692488,8.578271554257558e-18,310.66083973035717
1e-10,5.795729824615866e-19,6.209212766249417e-7,0.009334081537870527,8.578271554257553e-18,310.660839730357
1e-10,5.799819935978161e-19,6.209212766249417e-7,0.009340668703613221,8.578271554257553e-18,310.660839730357
1e-10,5.8035620807292765e-19,6.209212766249417e-7,0.00934669546560704,8.578271554257552e-18,310.66083973035694
1e-10,5.807509891919237e-19,6.209212766249417e-7,0.00935305345548205,8.578271554257553e-18,310.660839730357
1e-10,5.814105581724583e-19,6.209212766249417e-7,0.009363675880664833,8.578271554257552e-18,310.66083973035694
1e-10,5.816324158151313e-19,6.209212766249417e-7,0.009367248920453049,8.57827155425755e-18,310.6608397303569
1e-10,5.820226039737049e-19,6.209212766249417e-7,0.009373532940235628,8.578271554257549e-18,310.6608397303568
1e-10,5.825103947855287e-19,6.209212766249417e-7,0.00938138886062662,8.578271554257555e-18,310.66083973035705
1e-10,5.828304778747316e-19,6.209212766249417e-7,0.009386543831172042,8.578271554257555e-18,310.66083973035705
1e-10,5.83216710434439e-19,6.209212766249417e-7,0.00939276414563456,8.578271554257555e-18,310.66083973035705
1e-10,5.839094771470944e-19,6.209212766249417e-7,0.009403921223652903,8.578271554257553e-18,310.660839730357
1e-10,5.842890666407724e-19,6.209212766249417e-7,0.009410034550864707,8.578271554257552e-18,310.66083973035694
1e-10,5.846424542510921e-19,6.209212766249417e-7,0.009415725894093282,8.578271554257547e-18,310.66083973035677
1e-10,5.850732310151531e-19,6.209212766249417e-7,0.009422663597474982,8.578271554257557e-18,310.6608397303571
1e-10,5.853927800702948e-19,6.209212766249417e-7,0.009427809967347803,8.578271554257561e-18,310.6608397303573
1e-10,5.85598910377806e-19,6.209212766249417e-7,0.009431129716811561,8.578271554257561e-18,310.6608397303573
1e-10,5.860562422214211e-19,6.209212766249417e-7,0.009438495092436971,8.578271554257557e-18,310.6608397303571
1e-10,5.86462512189871e-19,6.209212766249417e-7,0.009445038111395158,8.578271554257561e-18,310.6608397303573
1e-10,5.870828204563538e-19,6.209212766249417e-7,0.00945502823880478,8.578271554257564e-18,310.6608397303574
1e-10,5.875473618071173e-19,6.209212766249417e-7,0.009462509724272448,8.578271554257563e-18,310.66083973035734
1e-10,5.878666521302852e-19,6.209212766249417e-7,0.009467651927240646,8.578271554257566e-18,310.66083973035745
1e-10,5.883357556155711e-19,6.209212766249417e-7,0.009475206886346507,8.578271554257564e-18,310.6608397303574
1e-10,5.885970737100444e-19,6.209212766249417e-7,0.009479415440704535,8.578271554257567e-18,310.6608397303575
1e-10,5.891956545394793e-19,6.209212766249417e-7,0.009489055645541589,8.578271554257573e-18,310.66083973035774
1e-10,5.896374096155462e-19,6.209212766249417e-7,0.009496170155749196,8.578271554257567e-18,310.6608397303575
1e-10,5.899844190337574e-19,6.209212766249417e-7,0.009501758777548362,8.578271554257566e-18,310.66083973035745
1e-10,5.902569893033012e-19,6.209212766249417e-7,0.00950614854932467,8.578271554257567e-18,310.6608397303575
1e-10,5.909023931855308e-19,6.209212766249417e-7,0.009516542844165681,8.578271554257575e-18,310.6608397303578
1e-10,5.91130771472855e-19,6.209212766249417e-7,0.009520220899595921,8.578271554257584e-18,310.66083973035813
1e-10,5.912299276273521e-19,6.209212766249417e-7,0.009521817819499135,8.578271554257583e-18,310.6608397303581
1e-10,5.917986286594511e-19,6.209212766249417e-7,0.009530976807176126,8.578271554257586e-18,310.6608397303582
1e-10,5.922370501665684e-19,6.209212766249417e-7,0.009538037629918429,8.578271554257586e-18,310.6608397303582
1e-10,5.925226410173497e-19,6.209212766249417e-7,0.009542637099473308,8.578271554257583e-18,310.6608397303581
1e-10,5.927348950845639e-19,6.209212766249417e-7,0.009546055472706835,8.578271554257581e-18,310.660839730358
1e-10,5.930737102117315e-19,6.209212766249417e-7,0.009551512124619445,8.578271554257581e-18,310.660839730358
1e-10,5.934969441431088e-19,6.209212766249417e-7,0.009558328349917407,8.578271554257581e-18,310.660839730358
1e-10,5.940148400428365e-19,6.209212766249417e-7,0.009566669115795855,8.57827155425758e-18,310.66083973035796
1e-10,5.94354048765686e-19,6.209212766249417e-7,0.009572132106606757,8.578271554257577e-18,310.66083973035785
1e-10,5.944970054419971e-19,6.209212766249417e-7,0.00957443443834659,8.57827155425758e-18,310.66083973035796
1e-10,5.947579493843308e-19,6.209212766249417e-7,0.009578636966946545,8.57827155425759e-18,310.6608397303583
1e-10,5.954077331015421e-19,6.209212766249417e-7,0.009589101799473193,8.578271554257589e-18,310.6608397303583
1e-10,5.956412191005422e-19,6.209212766249417e-7,0.009592862115116896,8.578271554257589e-18,310.6608397303583
1e-10,5.96247308820955e-19,6.209212766249417e-7,0.009602623251403082,8.578271554257586e-18,310.6608397303582
1e-10,5.965407728447279e-19,6.209212766249417e-7,0.00960734951920579,8.578271554257589e-18,310.6608397303583
1e-10,5.969539114492191e-19,6.209212766249417e-7,0.009614003158242559,8.578271554257594e-18,310.6608397303584
1e-10,5.973019141476045e-19,6.209212766249417e-7,0.009619607776919455,8.578271554257601e-18,310.6608397303587
1e-10,5.976044238013746e-19,6.209212766249417e-7,0.009624479725508724,8.578271554257595e-18,310.6608397303585
1e-10,5.978843124588602e-19,6.209212766249417e-7,0.009628987360663489,8.578271554257594e-18,310.6608397303584
1e-10,5.987234292947986e-19,6.209212766249417e-7,0.009642501422228581,8.578271554257598e-18,310.6608397303586
1e-10,5.9922840962182985e-19,6.209212766249417e-7,0.009650634181501642,8.578271554257598e-18,310.6608397303586
1e-10,5.994209059604976e-19,6.209212766249417e-7,0.009653734354517359,8.578271554257598e-18,310.6608397303586
1e-10,6.000416023280172e-19,6.209212766249417e-7,0.009663730732333457,8.578271554257598e-18,310.6608397303586
1e-10,6.002308962181128e-19,6.209212766249417e-7,0.009666779329590817,8.578271554257587e-18,310.66083973035825
1e-10,6.003368961948193e-19,6.209212766249417e-7,0.009668486469943336,8.578271554257578e-18,310.6608397303579
1e-10,6.006474731879959e-19,6.209212766249417e-7,0.0096734883438502,8.578271554257581e-18,310.660839730358
1e-10,6.009625931003925e-19,6.209212766249417e-7,0.009678563381930865,8.578271554257581e-18,310.660839730358
1e-10,6.015720574408798e-19,6.209212766249417e-7,0.009688378866814874,8.578271554257573e-18,310.66083973035774
1e-10,6.019656828978934e-19,6.209212766249417e-7,0.009694718244636701,8.578271554257573e-18,310.66083973035774
1e-10,6.025764526004215e-19,6.209212766249417e-7,0.009704554752508487,8.578271554257573e-18,310.66083973035774
1e-10,6.027910754299285e-19,6.209212766249417e-7,0.00970801127489847,8.578271554257577e-18,310.66083973035785
1e-10,6.029177696292164e-19,6.209212766249417e-7,0.009710051697800008,8.578271554257573e-18,310.66083973035774
1e-10,6.034318530739153e-19,6.209212766249417e-7,0.009718331063704382,8.578271554257577e-18,310.66083973035785
1e-10,6.03998499435758e-19,6.209212766249417e-7,0.009727456960708956,8.578271554257577e-18,310.66083973035785
1e-10,6.0421035418314975e-19,6.209212766249417e-7,0.00973086890285633,8.578271554257575e-18,310.6608397303578
1e-10,6.04667027986139e-19,6.209212766249417e-7,0.00973822368067086,8.57827155425758e-18,310.66083973035796
1e-10,6.053336160331386e-19,6.209212766249417e-7,0.009748959148629423,8.57827155425758e-18,310.66083973035796
1e-10,6.057820412444552e-19,6.209212766249417e-7,0.009756181082040275,8.578271554257577e-18,310.66083973035785
1e-10,6.062501457594632e-19,6.209212766249417e-7,0.009763719952628707,8.578271554257573e-18,310.66083973035774
1e-10,6.064969308424316e-19,6.209212766249417e-7,0.009767694451365645,8.578271554257573e-18,310.66083973035774
1e-10,6.067518224807052e-19,6.209212766249417e-7,0.009771799506996193,8.578271554257572e-18,310.6608397303577
1e-10,6.073591240350329e-19,6.209212766249417e-7,0.00978158015999022,8.578271554257569e-18,310.66083973035757
1e-10,6.0763606937806125e-19,6.209212766249417e-7,0.009786040392767774,8.578271554257564e-18,310.6608397303574
1e-10,6.080036526929919e-19,6.209212766249417e-7,0.009791960359255775,8.578271554257567e-18,310.6608397303575
1e-10,6.08431807893599e-19,6.209212766249417e-7,0.009798855842092738,8.578271554257573e-18,310.66083973035774
1e-10,6.087397847655293e-19,6.209212766249417e-7,0.009803815840783783,8.578271554257572e-18,310.6608397303577
1e-10,6.092395651540442e-19,6.209212766249417e-7,0.009811864854520782,8.57827155425757e-18,310.6608397303576
1e-10,6.096572195035016e-19,6.209212766249417e-7,0.009818591220087245,8.578271554257563e-18,310.66083973035734
1e-10,6.100534231393286e-19,6.209212766249417e-7,0.009824972119739785,8.578271554257569e-18,310.66083973035757
1e-10,6.104411024436918e-19,6.209212766249417e-7,0.0098312157341714,8.578271554257564e-18,310.6608397303574
1e-10,6.108040605852891e-19,6.209212766249417e-7,0.009837061211774778,8.578271554257569e-18,310.66083973035757
1e-10,6.115223118691119e-19,6.209212766249417e-7,0.009848628721390924,8.578271554257572e-18,310.6608397303577
1e-10,6.1183370718484995e-19,6.209212766249417e-7,0.009853643774465456,8.578271554257573e-18,310.66083973035774
1e-10,6.1243493654494145e-19,6.209212766249417e-7,0.009863326634156776,8.578271554257567e-18,310.6608397303575
1e-10,6.12756566437449e-19,6.209212766249417e-7,0.009868506516125966,8.578271554257564e-18,310.6608397303574
1e-10,6.131125304025856e-19,6.209212766249417e-7,0.009874239351809604,8.57827155425757e-18,310.6608397303576
1e-10,6.134961496950177e-19,6.209212766249417e-7,0.009880417579338179,8.578271554257569e-18,310.66083973035757
1e-10,6.140204469524608e-19,6.209212766249417e-7,0.00988886143973048,8.57827155425757e-18,310.6608397303576
1e-10,6.143304727242639e-19,6.209212766249417e-7,0.009893854436161335,8.578271554257569e-18,310.66083973035757
1e-10,6.149814172562485e-19,6.209212766249417e-7,0.009904337963727387,8.578271554257566e-18,310.66083973035745
1e-10,6.153303976404512e-19,6.209212766249417e-7,0.009909958328133317,8.578271554257555e-18,310.66083973035705
1e-10,6.157366718662456e-19,6.209212766249417e-7,0.009916501415656469,8.578271554257563e-18,310.66083973035734
1e-10,6.161178153662025e-19,6.209212766249417e-7,0.009922639770296667,8.578271554257564e-18,310.6608397303574
1e-10,6.164938829154119e-19,6.209212766249417e-7,0.00992869637623637,8.578271554257561e-18,310.6608397303573
1e-10,6.167147016492261e-19,6.209212766249417e-7,0.009932252684292271,8.578271554257567e-18,310.6608397303575
1e-10,6.17141649920694e-19,6.209212766249417e-7,0.009939128729413299,8.578271554257566e-18,310.66083973035745
1e-10,6.177188174204777e-19,6.209212766249417e-7,0.009948424070409197,8.578271554257563e-18,310.66083973035734
1e-10,6.180777445829369e-19,6.209212766249417e-7,0.009954204628685605,8.578271554257566e-18,310.66083973035745
1e-10,6.183526372517351e-19,6.209212766249417e-7,0.009958631802936943,8.578271554257558e-18,310.66083973035717
1e-10,6.187156872512715e-19,6.209212766249417e-7,0.009964478759921729,8.578271554257557e-18,310.6608397303571
1e-10,6.18916768942035e-19,6.209212766249417e-7,0.009967717200901822,8.578271554257557e-18,310.6608397303571
1e-10,6.193169326178502e-19,6.209212766249417e-7,0.009974161877399145,8.578271554257558e-18,310.66083973035717
1e-10,6.197356219276427e-19,6.209212766249417e-7,0.009980904911106547,8.578271554257557e-18,310.6608397303571
1e-10,6.201601382382539e-19,6.209212766249417e-7,0.009987741789251851,8.578271554257564e-18,310.6608397303574
1e-10,6.20718136666408e-19,6.209212766249417e-7,0.009996728410409161,8.578271554257564e-18,310.6608397303574
1e-10,6.208673704185338e-19,6.209212766249417e-7,0.009999131835090255,8.578271554257566e-18,310.66083973035745
1e-10,6.213320962948686e-19,6.209212766249417e-7,0.010006616292360925,8.578271554257563e-18,310.66083973035734
1e-10,6.218173870555802e-19,6.209212766249417e-7,0.010014431949175737,8.578271554257558e-18,310.66083973035717
1e-10,6.221344851741569e-19,6.209212766249417e-7,0.010019538846467134,8.578271554257558e-18,310.66083973035717
1e-10,6.227411780324808e-19,6.209212766249417e-7,0.010029309696350418,8.578271554257558e-18,310.66083973035717
1e-10,6.234370139360833e-19,6.209212766249417e-7,0.01004051620399958,8.578271554257561e-18,310.6608397303573
1e-10,6.236985395245806e-19,6.209212766249417e-7,0.010044728100069867,8.578271554257566e-18,310.66083973035745
1e-10,6.242486763740692e-19,6.209212766249417e-7,0.010053588109707141,8.578271554257564e-18,310.6608397303574
1e-10,6.248613743925068e-19,6.209212766249417e-7,0.010063455673301804,8.578271554257566e-18,310.66083973035745
1e-10,6.252302062850702e-19,6.209212766249417e-7,0.010069395748258941,8.578271554257564e-18,310.6608397303574
1e-10,6.256983122487765e-19,6.209212766249417e-7,0.010076934642178808,8.578271554257567e-18,310.6608397303575
1e-10,6.261260046019669e-19,6.209212766249417e-7,0.01008382267081128,8.578271554257564e-18,310.6608397303574
1e-10,6.265435951985213e-19,6.209212766249417e-7,0.010090548009630789,8.57827155425757e-18,310.6608397303576
1e-10,6.270220816726316e-19,6.209212766249417e-7,0.010098254082721263,8.57827155425757e-18,310.6608397303576
1e-10,6.273711048378728e-19,6.209212766249417e-7,0.010103875136120146,8.578271554257569e-18,310.66083973035757
1e-10,6.276104047900825e-19,6.209212766249417e-7,0.010107729086068688,8.57827155425757e-18,310.6608397303576
1e-10,6.278733384670103e-19,6.209212766249417e-7,0.01011196365954565,8.57827155425757e-18,310.6608397303576
1e-10,6.283485167551766e-19,6.209212766249417e-7,0.010119616453966696,8.578271554257569e-18,310.66083973035757
1e-10,6.290607886580105e-19,6.209212766249417e-7,0.010131087665046874,8.578271554257572e-18,310.6608397303577
1e-10,6.2942150375316e-19,6.209212766249417e-7,0.010136897018160207,8.578271554257572e-18,310.6608397303577
1e-10,6.297922319873972e-19,6.209212766249417e-7,0.01014286763389192,8.578271554257563e-18,310.66083973035734
1e-10,6.301873693198615e-19,6.209212766249417e-7,0.010149231360620887,8.57827155425756e-18,310.6608397303572
1e-10,6.307430382781481e-19,6.209212766249417e-7,0.010158180465430228,8.578271554257557e-18,310.6608397303571
1e-10,6.309233349226719e-19,6.209212766249417e-7,0.010161084161137094,8.578271554257558e-18,310.66083973035717
1e-10,6.31258232939561e-19,6.209212766249417e-7,0.01016647772759224,8.578271554257553e-18,310.660839730357
1e-10,6.315755262439602e-19,6.209212766249417e-7,0.010171587768371062,8.57827155425755e-18,310.6608397303569
1e-10,6.318984921518197e-19,6.209212766249417e-7,0.010176789167002707,8.578271554257553e-18,310.660839730357
1e-10,6.321912924889305e-19,6.209212766249417e-7,0.010181504746064553,8.578271554257558e-18,310.66083973035717
1e-10,6.32503354870602e-19,6.209212766249417e-7,0.010186530542303453,8.578271554257555e-18,310.66083973035705
1e-10,6.331764790370677e-19,6.209212766249417e-7,0.0101973712751275,8.578271554257557e-18,310.6608397303571
1e-10,6.335588386678553e-19,6.209212766249417e-7,0.010203529215677807,8.578271554257555e-18,310.66083973035705
1e-10,6.339766164033387e-19,6.209212766249417e-7,0.010210257568388705,8.578271554257546e-18,310.6608397303567
1e-10,6.34312747220477e-19,6.209212766249417e-7,0.010215670989216628,8.578271554257544e-18,310.66083973035666
1e-10,6.347415366001918e-19,6.209212766249417e-7,0.010222576685572301,8.578271554257544e-18,310.66083973035666
1e-10,6.35131043095314e-19,6.209212766249417e-7,0.010228849727096008,8.57827155425754e-18,310.6608397303565
1e-10,6.357678285050292e-19,6.209212766249417e-7,0.010239105220564947,8.578271554257546e-18,310.6608397303567
1e-10,6.361075757013166e-19,6.209212766249417e-7,0.01024457688354506,8.578271554257547e-18,310.66083973035677
1e-10,6.3637090739867425e-19,6.209212766249417e-7,0.010248817867181329,8.578271554257544e-18,310.66083973035666
1e-10,6.3674518977981345e-19,6.209212766249417e-7,0.010254845722808593,8.578271554257544e-18,310.66083973035666
1e-10,6.371296610895019e-19,6.209212766249417e-7,0.010261037672161308,8.578271554257549e-18,310.6608397303568
1e-10,6.373919412737645e-19,6.209212766249417e-7,0.010265261721072762,8.578271554257553e-18,310.660839730357
1e-10,6.375809087332196e-19,6.209212766249417e-7,0.010268305061131622,8.578271554257558e-18,310.66083973035717
1e-10,6.37832799816233e-19,6.209212766249417e-7,0.010272361792516033,8.578271554257558e-18,310.66083973035717
1e-10,6.384540908337645e-19,6.209212766249417e-7,0.010282367747230754,8.578271554257557e-18,310.6608397303571
1e-10,6.389782377178895e-19,6.209212766249417e-7,0.010290809185845549,8.578271554257553e-18,310.660839730357
1e-10,6.392706118445671e-19,6.209212766249417e-7,0.010295517900745236,8.578271554257561e-18,310.6608397303573
1e-10,6.395599325651516e-19,6.209212766249417e-7,0.010300177440230774,8.57827155425756e-18,310.6608397303572
1e-10,6.39929750624448e-19,6.209212766249417e-7,0.010306133397502951,8.57827155425756e-18,310.6608397303572
1e-10,6.402069946137441e-19,6.209212766249417e-7,0.010310598440008872,8.578271554257558e-18,310.66083973035717
1e-10,6.409228906144325e-19,6.209212766249417e-7,0.010322128017551772,8.57827155425756e-18,310.6608397303572
1e-10,6.413963443533079e-19,6.209212766249417e-7,0.010329753037931955,8.578271554257555e-18,310.66083973035705
1e-10,6.417783586076126e-19,6.209212766249417e-7,0.01033590541615905,8.578271554257553e-18,310.660839730357
1e-10,6.424382548961859e-19,6.209212766249417e-7,0.01034653311267092,8.578271554257552e-18,310.66083973035694
1e-10,6.427982455654813e-19,6.209212766249417e-7,0.010352330798832556,8.578271554257546e-18,310.6608397303567
1e-10,6.431309037356563e-19,6.209212766249417e-7,0.01035768829232969,8.57827155425755e-18,310.6608397303569
1e-10,6.4326554206565125e-19,6.209212766249417e-7,0.010359856656260248,8.578271554257546e-18,310.6608397303567
1e-10,6.436174889883366e-19,6.209212766249417e-7,0.010365524797068666,8.578271554257549e-18,310.6608397303568
1e-10,6.439724914404331e-19,6.209212766249417e-7,0.010371242147487485,8.578271554257552e-18,310.66083973035694
1e-10,6.442050844170579e-19,6.209212766249417e-7,0.010374988080915457,8.578271554257549e-18,310.6608397303568
1e-10,6.444934617640042e-19,6.209212766249417e-7,0.010379632427273078,8.578271554257549e-18,310.6608397303568
1e-10,6.449151208130262e-19,6.209212766249417e-7,0.010386423288931322,8.578271554257544e-18,310.66083973035666
1e-10,6.4540628643334955e-19,6.209212766249417e-7,0.010394333560954743,8.57827155425754e-18,310.6608397303565
1e-10,6.459405747305385e-19,6.209212766249417e-7,0.01040293832805329,8.578271554257544e-18,310.66083973035666
1e-10,6.463779956192744e-19,6.209212766249417e-7,0.010409983035735293,8.578271554257547e-18,310.66083973035677
1e-10,6.46653967059344e-19,6.209212766249417e-7,0.010414427583707135,8.57827155425755e-18,310.6608397303569
1e-10,6.472066102752425e-19,6.209212766249417e-7,0.010423327958629094,8.578271554257553e-18,310.660839730357
1e-10,6.478211314517234e-19,6.209212766249417e-7,0.010433224884368557,8.578271554257555e-18,310.66083973035705
1e-10,6.481292977102525e-19,6.209212766249417e-7,0.010438187933149944,8.578271554257553e-18,310.660839730357
1e-10,6.486833441502782e-19,6.209212766249417e-7,0.010447110907138487,8.578271554257557e-18,310.6608397303571
1e-10,6.491228607477254e-19,6.209212766249417e-7,0.01045418936642138,8.57827155425756e-18,310.6608397303572
1e-10,6.495208302847634e-19,6.209212766249417e-7,0.01046059870609164,8.578271554257566e-18,310.66083973035745
1e-10,6.498619375399385e-19,6.209212766249417e-7,0.010466092272957785,8.578271554257561e-18,310.6608397303573
1e-10,6.5012234091936055e-19,6.209212766249417e-7,0.01047028609573734,8.57827155425756e-18,310.6608397303572
1e-10,6.506133378260851e-19,6.209212766249417e-7,0.010478193650611178,8.578271554257563e-18,310.66083973035734
1e-10,6.510998842853855e-19,6.209212766249417e-7,0.010486029530578846,8.578271554257561e-18,310.6608397303573
1e-10,6.515128148342072e-19,6.209212766249417e-7,0.010492679818858002,8.578271554257561e-18,310.6608397303573
1e-10,6.518569065575963e-19,6.209212766249417e-7,0.010498221450886774,8.57827155425756e-18,310.6608397303572
1e-10,6.521703449085596e-19,6.209212766249417e-7,0.010503269407250373,8.57827155425756e-18,310.6608397303572
1e-10,6.524977674363456e-19,6.209212766249417e-7,0.010508542580196963,8.578271554257552e-18,310.66083973035694
1e-10,6.528198353792294e-19,6.209212766249417e-7,0.010513729517011792,8.578271554257552e-18,310.66083973035694
1e-10,6.533467390775747e-19,6.209212766249417e-7,0.010522215354398609,8.578271554257553e-18,310.660839730357
1e-10,6.536016613299333e-19,6.209212766249417e-7,0.010526320903072093,8.578271554257552e-18,310.66083973035694
1e-10,6.54144209888684e-19,6.209212766249417e-7,0.010535058702519065,8.578271554257553e-18,310.660839730357
1e-10,6.547077578205622e-19,6.209212766249417e-7,0.010544134698995487,8.578271554257553e-18,310.660839730357
1e-10,6.549528061717698e-19,6.209212766249417e-7,0.010548081227491651,8.578271554257555e-18,310.66083973035705
1e-10,6.556002979061448e-19,6.209212766249417e-7,0.010558509147402764,8.578271554257555e-18,310.66083973035705
1e-10,6.559621219385437e-19,6.209212766249417e-7,0.010564336360062725,8.578271554257547e-18,310.66083973035677
1e-10,6.561888321853839e-19,6.209212766249417e-7,0.010567987551532158,8.578271554257547e-18,310.66083973035677
1e-10,6.568974366070427e-19,6.209212766249417e-7,0.010579399697456847,8.578271554257547e-18,310.66083973035677
1e-10,6.572246145658577e-19,6.209212766249417e-7,0.010584668931595407,8.578271554257546e-18,310.6608397303567
1e-10,6.578278460557777e-19,6.209212766249417e-7,0.01059438403579024,8.578271554257547e-18,310.66083973035677
1e-10,6.580139544659912e-19,6.209212766249417e-7,0.010597381330571714,8.578271554257549e-18,310.6608397303568
1e-10,6.584738585067975e-19,6.209212766249417e-7,0.010604788131693204,8.578271554257553e-18,310.660839730357
1e-10,6.588900993451726e-19,6.209212766249417e-7,0.010611491732520633,8.578271554257553e-18,310.660839730357
1e-10,6.589633181035775e-19,6.209212766249417e-7,0.010612670928034805,8.57827155425755e-18,310.6608397303569
1e-10,6.596363403803085e-19,6.209212766249417e-7,0.010623510019914361,8.578271554257549e-18,310.6608397303568
1e-10,6.60200092123813e-19,6.209212766249417e-7,0.01063258929879765,8.578271554257552e-18,310.66083973035694
1e-10,6.606590316174635e-19,6.209212766249417e-7,0.010639980565789579,8.578271554257553e-18,310.660839730357
1e-10,6.609508969309299e-19,6.209212766249417e-7,0.010644681086201006,8.578271554257558e-18,310.66083973035717
1e-10,6.613063978319618e-19,6.209212766249417e-7,0.010650406464190373,8.578271554257555e-18,310.66083973035705
1e-10,6.615305563525542e-19,6.209212766249417e-7,0.01065401655985034,8.578271554257563e-18,310.66083973035734
1e-10,6.619173570244951e-19,6.209212766249417e-7,0.010660246023817871,8.578271554257564e-18,310.6608397303574
1e-10,6.623440783178748e-19,6.209212766249417e-7,0.010667118413433816,8.578271554257558e-18,310.66083973035717
1e-10,6.6325761758517265e-19,6.209212766249417e-7,0.010681831055787827,8.578271554257557e-18,310.6608397303571
1e-10,6.634181004742708e-19,6.209212766249417e-7,0.010684415648958326,8.57827155425756e-18,310.6608397303572
1e-10,6.636785262387148e-19,6.209212766249417e-7,0.010688609832250924,8.57827155425756e-18,310.6608397303572
1e-10,6.64227505462315e-19,6.209212766249417e-7,0.01069745119820611,8.578271554257566e-18,310.66083973035745
1e-10,6.644944977826951e-19,6.209212766249417e-7,0.010701751136546625,8.57827155425756e-18,310.6608397303572
1e-10,6.648983409944347e-19,6.209212766249417e-7,0.010708255072342396,8.57827155425756e-18,310.6608397303572
1e-10,6.653495366388188e-19,6.209212766249417e-7,0.010715521623858177,8.57827155425757e-18,310.6608397303576
1e-10,6.656841986159778e-19,6.209212766249417e-7,0.010720911388869584,8.578271554257572e-18,310.6608397303577
1e-10,6.660489421121593e-19,6.209212766249417e-7,0.010726785619789228,8.57827155425757e-18,310.6608397303576
1e-10,6.665436806177393e-19,6.209212766249417e-7,0.010734753433491298,8.578271554257573e-18,310.66083973035774
1e-10,6.668649285334685e-19,6.209212766249417e-7,0.010739927163685815,8.578271554257578e-18,310.6608397303579
1e-10,6.672906381724385e-19,6.209212766249417e-7,0.01074678326050511,8.578271554257573e-18,310.66083973035774
1e-10,6.677638800145946e-19,6.209212766249417e-7,0.01075440486826718,8.57827155425758e-18,310.66083973035796
1e-10,6.680942969792949e-19,6.209212766249417e-7,0.010759726266923324,8.578271554257578e-18,310.6608397303579
1e-10,6.683267435148708e-19,6.209212766249417e-7,0.010763469841903383,8.578271554257583e-18,310.6608397303581
1e-10,6.685358940296548e-19,6.209212766249417e-7,0.010766838232110928,8.578271554257583e-18,310.6608397303581
1e-10,6.690315957385741e-19,6.209212766249417e-7,0.01077482155830026,8.578271554257577e-18,310.66083973035785
1e-10,6.697032909047555e-19,6.209212766249417e-7,0.010785639276930109,8.578271554257583e-18,310.6608397303581
1e-10,6.700923308698239e-19,6.209212766249417e-7,0.010791904804940085,8.578271554257581e-18,310.660839730358
1e-10,6.704320034152736e-19,6.209212766249417e-7,0.010797375265660903,8.578271554257577e-18,310.66083973035785
1e-10,6.707041597581189e-19,6.209212766249417e-7,0.01080175837110584,8.57827155425758e-18,310.66083973035796
1e-10,6.711928973146989e-19,6.209212766249417e-7,0.010809629538916943,8.578271554257575e-18,310.6608397303578
1e-10,6.720640713065851e-19,6.209212766249417e-7,0.010823659884222899,8.578271554257569e-18,310.66083973035757
1e-10,6.723907965978285e-19,6.209212766249417e-7,0.010828921828104406,8.578271554257566e-18,310.66083973035745
1e-10,6.729361765933224e-19,6.209212766249417e-7,0.010837705228126682,8.578271554257566e-18,310.66083973035745
1e-10,6.734537850937334e-19,6.209212766249417e-7,0.01084604136541005,8.578271554257563e-18,310.66083973035734
1e-10,6.739596538161046e-19,6.209212766249417e-7,0.010854188432379971,8.57827155425756e-18,310.6608397303572
1e-10,6.743176726475854e-19,6.209212766249417e-7,0.010859954361894044,8.578271554257563e-18,310.66083973035734
1e-10,6.750237440528237e-19,6.209212766249417e-7,0.010871325713332929,8.578271554257564e-18,310.6608397303574
1e-10,6.754575222323682e-19,6.209212766249417e-7,0.010878311754814747,8.578271554257557e-18,310.6608397303571
1e-10,6.758008839649867e-19,6.209212766249417e-7,0.01088384163026828,8.578271554257555e-18,310.66083973035705
1e-10,6.763841559354188e-19,6.209212766249417e-7,0.01089323528438177,8.578271554257555e-18,310.66083973035705
1e-10,6.768059319848005e-19,6.209212766249417e-7,0.010900028030342648,8.578271554257557e-18,310.6608397303571
1e-10,6.770931665506466e-19,6.209212766249417e-7,0.010904653972094995,8.57827155425755e-18,310.6608397303569
1e-10,6.775052512560522e-19,6.209212766249417e-7,0.010911290637980332,8.578271554257558e-18,310.66083973035717
1e-10,6.776468014619053e-19,6.209212766249417e-7,0.010913570318371098,8.57827155425756e-18,310.6608397303572
1e-10,6.779502831719876e-19,6.209212766249417e-7,0.010918457922025651,8.57827155425756e-18,310.6608397303572
1e-10,6.784035576303885e-19,6.209212766249417e-7,0.01092575795305156,8.578271554257561e-18,310.6608397303573
1e-10,6.788017328949117e-19,6.209212766249417e-7,0.010932170605983789,8.578271554257564e-18,310.6608397303574
1e-10,6.791641517001119e-19,6.209212766249417e-7,0.01093800739751991,8.57827155425756e-18,310.6608397303572
1e-10,6.796312963338275e-19,6.209212766249417e-7,0.010945530809122986,8.578271554257561e-18,310.6608397303573
1e-10,6.8000550043480705e-19,6.209212766249417e-7,0.010951557404040357,8.578271554257567e-18,310.6608397303575
1e-10,6.807063506424169e-19,6.209212766249417e-7,0.010962844667563027,8.578271554257566e-18,310.66083973035745
1e-10,6.813294230696873e-19,6.209212766249417e-7,0.010972879312061878,8.57827155425756e-18,310.6608397303572
1e-10,6.81941438008814e-19,6.209212766249417e-7,0.010982735874595109,8.578271554257561e-18,310.6608397303573
1e-10,6.823531434374578e-19,6.209212766249417e-7,0.010989366432189812,8.578271554257558e-18,310.66083973035717
1e-10,6.825652218299515e-19,6.209212766249417e-7,0.010992781976164186,8.578271554257557e-18,310.6608397303571
1e-10,6.828920980049921e-19,6.209212766249417e-7,0.010998046350044515,8.578271554257563e-18,310.66083973035734
1e-10,6.833331165468863e-19,6.209212766249417e-7,0.011005148998294733,8.578271554257564e-18,310.6608397303574
1e-10,6.838245389822794e-19,6.209212766249417e-7,0.011013063406350842,8.578271554257569e-18,310.66083973035757
1e-10,6.843098880474842e-19,6.209212766249417e-7,0.01102088000216542,8.578271554257569e-18,310.66083973035757
1e-10,6.848334976514544e-19,6.209212766249417e-7,0.011029312787828947,8.578271554257567e-18,310.6608397303575
1e-10,6.851906699624288e-19,6.209212766249417e-7,0.011035065084044593,8.578271554257564e-18,310.6608397303574
1e-10,6.856224557361894e-19,6.209212766249417e-7,0.01104201903762962,8.578271554257561e-18,310.6608397303573
1e-10,6.861947770336888e-19,6.209212766249417e-7,0.011051236330047273,8.578271554257553e-18,310.660839730357
1e-10,6.866156324656307e-19,6.209212766249417e-7,0.011058014249371112,8.578271554257558e-18,310.66083973035717
1e-10,6.8704209870598175e-19,6.209212766249417e-7,0.01106488253133222,8.578271554257553e-18,310.660839730357
1e-10,6.874684231086648e-19,6.209212766249417e-7,0.011071748528983329,8.578271554257558e-18,310.66083973035717
1e-10,6.877275466979836e-19,6.209212766249417e-7,0.01107592174061375,8.578271554257561e-18,310.6608397303573
1e-10,6.881665261802902e-19,6.209212766249417e-7,0.011082991549602947,8.578271554257561e-18,310.6608397303573
1e-10,6.887057697310908e-19,6.209212766249417e-7,0.0110916761215624,8.578271554257567e-18,310.6608397303575
1e-10,6.890931641496067e-19,6.209212766249417e-7,0.011097915147878612,8.578271554257567e-18,310.6608397303575
1e-10,6.896207450182063e-19,6.209212766249417e-7,0.011106411891160907,8.57827155425757e-18,310.6608397303576
1e-10,6.90107112229685e-19,6.209212766249417e-7,0.011114244884324265,8.578271554257569e-18,310.66083973035757
1e-10,6.903420396930327e-19,6.209212766249417e-7,0.011118028414897169,8.578271554257567e-18,310.6608397303575
1e-10,6.904538752859132e-19,6.209212766249417e-7,0.011119829538438762,8.578271554257563e-18,310.66083973035734
1e-10,6.908387570477569e-19,6.209212766249417e-7,0.011126028098164976,8.578271554257564e-18,310.6608397303574
1e-10,6.914137683033996e-19,6.209212766249417e-7,0.011135288712630762,8.578271554257563e-18,310.66083973035734
1e-10,6.918174267693172e-19,6.209212766249417e-7,0.011141789673076372,8.578271554257564e-18,310.6608397303574
1e-10,6.922597002199076e-19,6.209212766249417e-7,0.011148912531758143,8.578271554257563e-18,310.66083973035734
1e-10,6.925654583845926e-19,6.209212766249417e-7,0.01115383679794446,8.578271554257563e-18,310.66083973035734
1e-10,6.928181030532426e-19,6.209212766249417e-7,0.011157905665901817,8.578271554257566e-18,310.66083973035745
1e-10,6.934142468228279e-19,6.209212766249417e-7,0.011167506621643352,8.578271554257561e-18,310.6608397303573
1e-10,6.942270623660207e-19,6.209212766249417e-7,0.011180597098226967,8.578271554257555e-18,310.66083973035705
1e-10,6.946004179980089e-19,6.209212766249417e-7,0.011186610028465365,8.578271554257555e-18,310.66083973035705
1e-10,6.949553890877482e-19,6.209212766249417e-7,0.011192326873790246,8.578271554257552e-18,310.66083973035694
1e-10,6.955538882405738e-19,6.209212766249417e-7,0.01120196576321724,8.578271554257549e-18,310.6608397303568
1e-10,6.961219339915487e-19,6.209212766249417e-7,0.011211114197525412,8.578271554257549e-18,310.6608397303568
1e-10,6.963641237428881e-19,6.209212766249417e-7,0.011215014687981398,8.578271554257553e-18,310.660839730357
1e-10,6.968995986244739e-19,6.209212766249417e-7,0.011223638565141742,8.578271554257558e-18,310.66083973035717
1e-10,6.974447324013818e-19,6.209212766249417e-7,0.01123241799978877,8.578271554257555e-18,310.66083973035705
1e-10,6.978081612686905e-19,6.209212766249417e-7,0.011238271058477373,8.578271554257558e-18,310.66083973035717
1e-10,6.981342602140768e-19,6.209212766249417e-7,0.011243522914995462,8.57827155425756e-18,310.6608397303572
1e-10,6.983576857042745e-19,6.209212766249417e-7,0.011247121205126736,8.578271554257566e-18,310.66083973035745
1e-10,6.987423521357469e-19,6.209212766249417e-7,0.011253316296935528,8.578271554257564e-18,310.6608397303574
1e-10,6.9892064014220755e-19,6.209212766249417e-7,0.011256187643323104,8.578271554257569e-18,310.66083973035757
1e-10,6.9931159225223845e-19,6.209212766249417e-7,0.011262483966621219,8.578271554257569e-18,310.66083973035757
1e-10,6.998194387112038e-19,6.209212766249417e-7,0.011270662885239145,8.578271554257566e-18,310.66083973035745
1e-10,7.001643997112668e-19,6.209212766249417e-7,0.011276218517056725,8.578271554257569e-18,310.66083973035757
1e-10,7.005190880655472e-19,6.209212766249417e-7,0.011281930808898426,8.578271554257564e-18,310.6608397303574
1e-10,7.010784437202176e-19,6.209212766249417e-7,0.011290939288326139,8.578271554257563e-18,310.66083973035734
1e-10,7.015717611726581e-19,6.209212766249417e-7,0.011298884215823582,8.578271554257561e-18,310.6608397303573
1e-10,7.021378647774259e-19,6.209212766249417e-7,0.011308001371670533,8.57827155425756e-18,310.6608397303572
1e-10,7.026144933112706e-19,6.209212766249417e-7,0.011315677522444998,8.578271554257557e-18,310.6608397303571
1e-10,7.031949599715444e-19,6.209212766249417e-7,0.01132502599675448,8.578271554257558e-18,310.66083973035717
1e-10,7.03377546952943e-19,6.209212766249417e-7,0.011327966578568506,8.578271554257563e-18,310.66083973035734
1e-10,7.039696179495906e-19,6.209212766249417e-7,0.011337501941889696,8.578271554257558e-18,310.66083973035717
1e-10,7.042302072774342e-19,6.209212766249417e-7,0.011341698759387401,8.578271554257555e-18,310.66083973035705
1e-10,7.045280182114067e-19,6.209212766249417e-7,0.0113464950346188,8.578271554257553e-18,310.660839730357
1e-10,7.0492237171057565e-19,6.209212766249417e-7,0.011352846137633219,8.57827155425755e-18,310.6608397303569
1e-10,7.052488245565326e-19,6.209212766249417e-7,0.011358103693755815,8.578271554257558e-18,310.66083973035717
1e-10,7.054959837000487e-19,6.209212766249417e-7,0.01136208421677573,8.578271554257555e-18,310.66083973035705
1e-10,7.05791625523337e-19,6.209212766249417e-7,0.011366845558260036,8.578271554257557e-18,310.6608397303571
1e-10,7.060783816388219e-19,6.209212766249417e-7,0.011371463794520897,8.578271554257563e-18,310.66083973035734
1e-10,7.064518727864498e-19,6.209212766249417e-7,0.011377478907252386,8.578271554257563e-18,310.66083973035734
1e-10,7.065516558160203e-19,6.209212766249417e-7,0.0113790859230421,8.578271554257561e-18,310.6608397303573
1e-10,7.071553989772826e-19,6.209212766249417e-7,0.011388809267755684,8.578271554257558e-18,310.66083973035717
1e-10,7.073344469911345e-19,6.209212766249417e-7,0.011391692854139211,8.578271554257558e-18,310.66083973035717
1e-10,7.076792049093736e-19,6.209212766249417e-7,0.011397245215303465,8.578271554257567e-18,310.6608397303575
1e-10,7.081615960435332e-19,6.209212766249417e-7,0.011405014173339204,8.578271554257566e-18,310.66083973035745
1e-10,7.083998201791938e-19,6.209212766249417e-7,0.011408850797153345,8.578271554257561e-18,310.6608397303573
1e-10,7.0855862792554325e-19,6.209212766249417e-7,0.011411408411980342,8.578271554257564e-18,310.6608397303574
1e-10,7.088905002412556e-19,6.209212766249417e-7,0.011416753249211823,8.578271554257567e-18,310.6608397303575
1e-10,7.093219856398134e-19,6.209212766249417e-7,0.01142370236522381,8.578271554257567e-18,310.6608397303575
1e-10,7.096600108400759e-19,6.209212766249417e-7,0.01142914629528367,8.578271554257569e-18,310.66083973035757
1e-10,7.102106410655076e-19,6.209212766249417e-7,0.01143801425079044,8.578271554257567e-18,310.6608397303575
1e-10,7.110125223838995e-19,6.209212766249417e-7,0.011450928630577046,8.578271554257566e-18,310.66083973035745
1e-10,7.1153559219823e-19,6.209212766249417e-7,0.011459352722873798,8.578271554257563e-18,310.66083973035734
1e-10,7.119051341848044e-19,6.209212766249417e-7,0.011465304233966848,8.578271554257566e-18,310.66083973035745
1e-10,7.122158324292277e-19,6.209212766249417e-7,0.011470308060637308,8.57827155425757e-18,310.6608397303576
1e-10,7.127670414344962e-19,6.209212766249417e-7,0.011479185337451927,8.578271554257569e-18,310.66083973035757
1e-10,7.132528243231702e-19,6.209212766249417e-7,0.01148700892003738,8.578271554257564e-18,310.6608397303574
1e-10,7.136260123733654e-19,6.209212766249417e-7,0.011493019151354039,8.578271554257564e-18,310.6608397303574
1e-10,7.138808021679801e-19,6.209212766249417e-7,0.011497122566782154,8.578271554257577e-18,310.66083973035785
1e-10,7.143497193049539e-19,6.209212766249417e-7,0.011504674524729586,8.57827155425757e-18,310.6608397303576
1e-10,7.146468494431911e-19,6.209212766249417e-7,0.011509459835676769,8.578271554257575e-18,310.6608397303578
1e-10,7.149093502866834e-19,6.209212766249417e-7,0.011513687438327449,8.578271554257577e-18,310.66083973035785
1e-10,7.153756878687363e-19,6.209212766249417e-7,0.011521197852281818,8.578271554257575e-18,310.6608397303578
1e-10,7.159615155722972e-19,6.209212766249417e-7,0.011530632666735999,8.578271554257577e-18,310.66083973035785
1e-10,7.163612733390083e-19,6.209212766249417e-7,0.01153707080602612,8.57827155425757e-18,310.6608397303576
1e-10,7.169236175333478e-19,6.209212766249417e-7,0.011546127416187655,8.578271554257573e-18,310.66083973035774
1e-10,7.173085159877543e-19,6.209212766249417e-7,0.011552326244749283,8.578271554257577e-18,310.66083973035785
1e-10,7.177725397897222e-19,6.209212766249417e-7,0.011559799395041218,8.578271554257578e-18,310.6608397303579
1e-10,7.183679255738486e-19,6.209212766249417e-7,0.011569388143350226,8.578271554257578e-18,310.6608397303579
1e-10,7.189973714556802e-19,6.209212766249417e-7,0.011579525432979807,8.578271554257573e-18,310.66083973035774
1e-10,7.193621925149504e-19,6.209212766249417e-7,0.011585400913060845,8.578271554257573e-18,310.66083973035774
1e-10,7.197879960031123e-19,6.209212766249417e-7,0.01159225852133087,8.578271554257575e-18,310.6608397303578
1e-10,7.201870807455274e-19,6.209212766249417e-7,0.01159868582149659,8.578271554257577e-18,310.66083973035785
1e-10,7.2076440609549915e-19,6.209212766249417e-7,0.011607983704685743,8.578271554257572e-18,310.6608397303577
1e-10,7.212414042215997e-19,6.209212766249417e-7,0.011615665807780895,8.578271554257575e-18,310.6608397303578
1e-10,7.213551226797375e-19,6.209212766249417e-7,0.011617497255058009,8.578271554257575e-18,310.6608397303578
1e-10,7.217475747626396e-19,6.209212766249417e-7,0.011623817735571019,8.578271554257575e-18,310.6608397303578
1e-10,7.222450544449376e-19,6.209212766249417e-7,0.011631829696201553,8.578271554257577e-18,310.66083973035785
1e-10,7.225616773786259e-19,6.209212766249417e-7,0.011636928940592232,8.57827155425758e-18,310.66083973035796
1e-10,7.227774192295888e-19,6.209212766249417e-7,0.01164040348493601,8.578271554257572e-18,310.6608397303577
1e-10,7.230903743500658e-19,6.209212766249417e-7,0.011645443658823723,8.578271554257573e-18,310.66083973035774
1e-10,7.234721131997142e-19,6.209212766249417e-7,0.011651591601630954,8.57827155425757e-18,310.6608397303576
1e-10,7.240233101680153e-19,6.209212766249417e-7,0.011660468684588995,8.578271554257573e-18,310.66083973035774
1e-10,7.242926537787055e-19,6.209212766249417e-7,0.011664806490697914,8.57827155425758e-18,310.66083973035796
1e-10,7.246975586804786e-19,6.209212766249417e-7,0.011671327525119122,8.578271554257583e-18,310.6608397303581
1e-10,7.250592419020708e-19,6.209212766249417e-7,0.011677152470006792,8.578271554257583e-18,310.6608397303581
1e-10,7.25388022414024e-19,6.209212766249417e-7,0.011682447513425826,8.578271554257586e-18,310.6608397303582
1e-10,7.256107680110191e-19,6.209212766249417e-7,0.011686034853808263,8.578271554257578e-18,310.6608397303579
1e-10,7.2608964457125e-19,6.209212766249417e-7,0.01169374720927519,8.578271554257577e-18,310.66083973035785
1e-10,7.265410430032762e-19,6.209212766249417e-7,0.011701017026706471,8.578271554257578e-18,310.6608397303579
1e-10,7.269331746466527e-19,6.209212766249417e-7,0.011707332346508493,8.578271554257569e-18,310.66083973035757
1e-10,7.274074638044585e-19,6.209212766249417e-7,0.011714970821395096,8.578271554257564e-18,310.6608397303574
1e-10,7.277579077065279e-19,6.209212766249417e-7,0.011720614755904383,8.57827155425757e-18,310.6608397303576
1e-10,7.280666458342423e-19,6.209212766249417e-7,0.011725587014696875,8.578271554257567e-18,310.6608397303575
1e-10,7.286115374630497e-19,6.209212766249417e-7,0.011734362549524242,8.57827155425757e-18,310.6608397303576
1e-10,7.289635576197092e-19,6.209212766249417e-7,0.011740031869773225,8.57827155425757e-18,310.6608397303576
1e-10,7.291316327487736e-19,6.209212766249417e-7,0.011742738736736747,8.578271554257566e-18,310.66083973035745
1e-10,7.297672930669353e-19,6.209212766249417e-7,0.011752976110492351,8.578271554257575e-18,310.6608397303578
1e-10,7.30201447503615e-19,6.209212766249417e-7,0.011759968211633411,8.578271554257573e-18,310.66083973035774
1e-10,7.307693766806011e-19,6.209212766249417e-7,0.011769114768505694,8.578271554257575e-18,310.6608397303578
1e-10,7.309819257409251e-19,6.209212766249417e-7,0.01177253789263311,8.578271554257578e-18,310.6608397303579
1e-10,7.316218251184706e-19,6.209212766249417e-7,0.011782843536869102,8.578271554257577e-18,310.66083973035785
1e-10,7.320451947122887e-19,6.209212766249417e-7,0.011789661947024401,8.578271554257578e-18,310.6608397303579
1e-10,7.323247190365893e-19,6.209212766249417e-7,0.01179416371455635,8.578271554257573e-18,310.66083973035774
1e-10,7.326088643275258e-19,6.209212766249417e-7,0.011798739903223632,8.578271554257573e-18,310.66083973035774
1e-10,7.329384114022435e-19,6.209212766249417e-7,0.011804047292213569,8.578271554257578e-18,310.6608397303579
1e-10,7.332818251200297e-19,6.209212766249417e-7,0.01180957800489349,8.578271554257578e-18,310.6608397303579
1e-10,7.33782594227695e-19,6.209212766249417e-7,0.011817642942052469,8.578271554257578e-18,310.6608397303579
1e-10,7.340712305105554e-19,6.209212766249417e-7,0.011822291458599192,8.578271554257573e-18,310.66083973035774
1e-10,7.343722043863152e-19,6.209212766249417e-7,0.01182713867332818,8.578271554257573e-18,310.66083973035774
1e-10,7.350065452600546e-19,6.209212766249417e-7,0.01183735479729783,8.57827155425757e-18,310.6608397303576
1e-10,7.353260257745071e-19,6.209212766249417e-7,0.011842500063315916,8.578271554257573e-18,310.66083973035774
1e-10,7.356914036512685e-19,6.209212766249417e-7,0.011848384510999,8.578271554257572e-18,310.6608397303577
1e-10,7.36105201529738e-19,6.209212766249417e-7,0.011855048767709913,8.578271554257567e-18,310.6608397303575
1e-10,7.363614631405485e-19,6.209212766249417e-7,0.011859175886886812,8.578271554257566e-18,310.66083973035745
1e-10,7.3677957539502895e-19,6.209212766249417e-7,0.011865909627060014,8.57827155425757e-18,310.6608397303576
1e-10,7.3713073658734905e-19,6.209212766249417e-7,0.01187156511360138,8.57827155425757e-18,310.6608397303576
1e-10,7.379021684910494e-19,6.209212766249417e-7,0.011883989102482766,8.578271554257573e-18,310.66083973035774
1e-10,7.386096683957116e-19,6.209212766249417e-7,0.011895383460049442,8.578271554257575e-18,310.6608397303578
1e-10,7.391836914278972e-19,6.209212766249417e-7,0.01190462815907644,8.57827155425757e-18,310.6608397303576
1e-10,7.395382213407405e-19,6.209212766249417e-7,0.011910337899202763,8.57827155425757e-18,310.6608397303576
1e-10,7.398587185113454e-19,6.209212766249417e-7,0.011915499538571073,8.57827155425757e-18,310.6608397303576
1e-10,7.402528242972741e-19,6.209212766249417e-7,0.011921846652138688,8.57827155425757e-18,310.6608397303576
1e-10,7.403184481201264e-19,6.209212766249417e-7,0.011922903530447143,8.578271554257573e-18,310.66083973035774
1e-10,7.40797975689456e-19,6.209212766249417e-7,0.011930626370481489,8.578271554257572e-18,310.6608397303577
1e-10,7.41126265455612e-19,6.209212766249417e-7,0.011935913510389794,8.57827155425757e-18,310.6608397303576
1e-10,7.414754296702797e-19,6.209212766249417e-7,0.011941536835403967,8.578271554257573e-18,310.66083973035774
1e-10,7.419405789697209e-19,6.209212766249417e-7,0.011949028111946616,8.57827155425758e-18,310.66083973035796
1e-10,7.42508042813471e-19,6.209212766249417e-7,0.01195816717458004,8.57827155425758e-18,310.66083973035796
1e-10,7.431688086842551e-19,6.209212766249417e-7,0.01196880887580142,8.578271554257586e-18,310.6608397303582
1e-10,7.43421421277413e-19,6.209212766249417e-7,0.01197287722717973,8.578271554257586e-18,310.6608397303582
1e-10,7.437414573062848e-19,6.209212766249417e-7,0.011978031439813758,8.578271554257587e-18,310.66083973035825
1e-10,7.442682455724772e-19,6.209212766249417e-7,0.01198651541815407,8.578271554257586e-18,310.6608397303582
1e-10,7.446179375823482e-19,6.209212766249417e-7,0.011992147243363407,8.578271554257583e-18,310.6608397303581
1e-10,7.450010780193111e-19,6.209212766249417e-7,0.011998317758876187,8.578271554257584e-18,310.66083973035813
1e-10,7.453800868391139e-19,6.209212766249417e-7,0.012004421734276464,8.578271554257583e-18,310.6608397303581
1e-10,7.4608666534142225e-19,6.209212766249417e-7,0.012015801252564982,8.57827155425758e-18,310.66083973035796
1e-10,7.465097946369061e-19,6.209212766249417e-7,0.01202261579269129,8.578271554257583e-18,310.6608397303581
1e-10,7.469210833358764e-19,6.209212766249417e-7,0.012029239638812425,8.578271554257578e-18,310.6608397303579
1e-10,7.473099429442239e-19,6.209212766249417e-7,0.012035502262159159,8.578271554257578e-18,310.6608397303579
1e-10,7.477422452457659e-19,6.209212766249417e-7,0.012042464534476383,8.578271554257581e-18,310.660839730358
1e-10,7.482615468133363e-19,6.209212766249417e-7,0.012050827938777698,8.578271554257575e-18,310.6608397303578
1e-10,7.48782689027863e-19,6.209212766249417e-7,0.012059220986884528,8.57827155425757e-18,310.6608397303576
1e-10,7.493305387145404e-19,6.209212766249417e-7,0.012068044161533257,8.578271554257569e-18,310.66083973035757
1e-10,7.497028973672853e-19,6.209212766249417e-7,0.012074041035320043,8.57827155425757e-18,310.6608397303576
1e-10,7.501885089788022e-19,6.209212766249417e-7,0.012081861859469545,8.578271554257569e-18,310.66083973035757
1e-10,7.506380937258031e-19,6.209212766249417e-7,0.012089102467319942,8.578271554257575e-18,310.6608397303578
1e-10,7.510107620039915e-19,6.209212766249417e-7,0.01209510432765583,8.578271554257575e-18,310.6608397303578
1e-10,7.51424366531284e-19,6.209212766249417e-7,0.012101765470426467,8.578271554257572e-18,310.6608397303577
1e-10,7.518364904348183e-19,6.209212766249417e-7,0.012108402767601632,8.578271554257584e-18,310.66083973035813
1e-10,7.522940486090571e-19,6.209212766249417e-7,0.012115771788304641,8.578271554257583e-18,310.6608397303581
1e-10,7.530160866779101e-19,6.209212766249417e-7,0.012127400284476937,8.578271554257577e-18,310.66083973035785
1e-10,7.532875571901819e-19,6.209212766249417e-7,0.012131772344551081,8.57827155425758e-18,310.66083973035796
1e-10,7.535913834918852e-19,6.209212766249417e-7,0.012136665497888567,8.578271554257583e-18,310.6608397303581
1e-10,7.537902047524649e-19,6.209212766249417e-7,0.012139867534411786,8.578271554257584e-18,310.66083973035813
1e-10,7.54002131675708e-19,6.209212766249417e-7,0.012143280638958549,8.578271554257584e-18,310.66083973035813
1e-10,7.544038501498806e-19,6.209212766249417e-7,0.01214975035564077,8.578271554257586e-18,310.6608397303582
1e-10,7.546904081926253e-19,6.209212766249417e-7,0.012154365401920103,8.578271554257584e-18,310.66083973035813
1e-10,7.550083390409437e-19,6.209212766249417e-7,0.012159485710408266,8.578271554257586e-18,310.6608397303582
1e-10,7.5541665322431e-19,6.209212766249417e-7,0.012166061651654566,8.578271554257583e-18,310.6608397303581
1e-10,7.560440554130574e-19,6.209212766249417e-7,0.012176166027400195,8.578271554257584e-18,310.66083973035813
1e-10,7.564106018711829e-19,6.209212766249417e-7,0.012182069295204415,8.578271554257592e-18,310.66083973035836
1e-10,7.573256030436063e-19,6.209212766249417e-7,0.012196805481688425,8.578271554257589e-18,310.6608397303583
1e-10,7.577593039160577e-19,6.209212766249417e-7,0.012203790278131683,8.578271554257583e-18,310.6608397303581
1e-10,7.580393442916182e-19,6.209212766249417e-7,0.012208300356721399,8.578271554257573e-18,310.66083973035774
1e-10,7.584653186279562e-19,6.209212766249417e-7,0.012215160716518592,8.578271554257578e-18,310.6608397303579
1e-10,7.587389410022318e-19,6.209212766249417e-7,0.012219567432548085,8.578271554257575e-18,310.6608397303578
1e-10,7.592094998749746e-19,6.209212766249417e-7,0.012227145830816228,8.57827155425758e-18,310.66083973035796
1e-10,7.594438070209472e-19,6.209212766249417e-7,0.012230919371115027,8.578271554257581e-18,310.660839730358
1e-10,7.599752983637203e-19,6.209212766249417e-7,0.012239479092979642,8.578271554257578e-18,310.6608397303579
1e-10,7.602429250757172e-19,6.209212766249417e-7,0.01224378924826135,8.578271554257587e-18,310.66083973035825
1e-10,7.60490585386171e-19,6.209212766249417e-7,0.012247777842625518,8.578271554257573e-18,310.66083973035774
1e-10,7.608269844660322e-19,6.209212766249417e-7,0.012253195583851743,8.578271554257573e-18,310.66083973035774
1e-10,7.612529711226133e-19,6.209212766249417e-7,0.0122600561420677,8.578271554257578e-18,310.6608397303579
1e-10,7.616293587617036e-19,6.209212766249417e-7,0.012266117903087329,8.578271554257575e-18,310.6608397303578
1e-10,7.621949132979602e-19,6.209212766249417e-7,0.012275226216130338,8.578271554257572e-18,310.6608397303577
1e-10,7.626000266477344e-19,6.209212766249417e-7,0.0122817506076277,8.578271554257567e-18,310.6608397303575
1e-10,7.629192746529304e-19,6.209212766249417e-7,0.01228689212906068,8.578271554257564e-18,310.6608397303574
1e-10,7.632953472081056e-19,6.209212766249417e-7,0.012292948815621966,8.578271554257561e-18,310.6608397303573
1e-10,7.636754660806823e-19,6.209212766249417e-7,0.01229907066853451,8.578271554257555e-18,310.66083973035705
1e-10,7.642651138832089e-19,6.209212766249417e-7,0.012308567006069145,8.578271554257557e-18,310.6608397303571
1e-10,7.645661220072092e-19,6.209212766249417e-7,0.01231341477236951,8.578271554257557e-18,310.6608397303571
1e-10,7.649954581499289e-19,6.209212766249417e-7,0.012320329274398712,8.578271554257558e-18,310.66083973035717
1e-10,7.654710629620844e-19,6.209212766249417e-7,0.012327988938031767,8.578271554257555e-18,310.66083973035705
1e-10,7.657260347005245e-19,6.209212766249417e-7,0.012332095283683604,8.578271554257557e-18,310.6608397303571
1e-10,7.662823653534505e-19,6.209212766249417e-7,0.012341055045152077,8.578271554257555e-18,310.66083973035705
1e-10,7.663306680753362e-19,6.209212766249417e-7,0.012341832965376495,8.578271554257553e-18,310.660839730357
1e-10,7.668737905214561e-19,6.209212766249417e-7,0.012350580007337627,8.578271554257553e-18,310.660839730357
1e-10,7.671727519701553e-19,6.209212766249417e-7,0.012355394811725137,8.578271554257552e-18,310.66083973035694
1e-10,7.674839225051224e-19,6.209212766249417e-7,0.012360406244682605,8.578271554257557e-18,310.6608397303571
1e-10,7.678826972169707e-19,6.209212766249417e-7,0.01236682855177467,8.57827155425756e-18,310.6608397303572
1e-10,7.684975208218144e-19,6.209212766249417e-7,0.012376730348153522,8.578271554257564e-18,310.6608397303574
1e-10,7.688346085060911e-19,6.209212766249417e-7,0.012382159179423551,8.578271554257566e-18,310.66083973035745
1e-10,7.68935937697342e-19,6.209212766249417e-7,0.012383791096303606,8.578271554257563e-18,310.66083973035734
1e-10,7.693978963025628e-19,6.209212766249417e-7,0.012391230986392922,8.57827155425756e-18,310.6608397303572
1e-10,7.697739376728288e-19,6.209212766249417e-7,0.01239728717071809,8.578271554257557e-18,310.6608397303571
1e-10,7.699818945825213e-19,6.209212766249417e-7,0.012400636337794839,8.578271554257558e-18,310.66083973035717
1e-10,7.700899301635929e-19,6.209212766249417e-7,0.012402376261761671,8.57827155425756e-18,310.6608397303572
1e-10,7.704497666807136e-19,6.209212766249417e-7,0.012408171465286933,8.578271554257561e-18,310.6608397303573
1e-10,7.708196503570845e-19,6.209212766249417e-7,0.012414128479328736,8.578271554257563e-18,310.66083973035734
1e-10,7.714377036590757e-19,6.209212766249417e-7,0.012424082290307009,8.57827155425756e-18,310.6608397303572
1e-10,7.718385446184827e-19,6.209212766249417e-7,0.012430537874525121,8.578271554257558e-18,310.66083973035717
1e-10,7.723109757417608e-19,6.209212766249417e-7,0.012438146425577615,8.578271554257558e-18,310.66083973035717
1e-10,7.728063324917764e-19,6.209212766249417e-7,0.012446124196168891,8.578271554257558e-18,310.66083973035717
1e-10,7.73153411802887e-19,6.209212766249417e-7,0.012451713943600276,8.57827155425756e-18,310.6608397303572
1e-10,7.736663496282103e-19,6.209212766249417e-7,0.012459974859188663,8.57827155425756e-18,310.6608397303572
1e-10,7.739238313571295e-19,6.209212766249417e-7,0.012464121628491186,8.578271554257557e-18,310.6608397303571
1e-10,7.745602457260008e-19,6.209212766249417e-7,0.012474371146309783,8.57827155425756e-18,310.6608397303572
1e-10,7.7496063688583975e-19,6.209212766249417e-7,0.012480819486460331,8.578271554257561e-18,310.6608397303573
1e-10,7.750761444994262e-19,6.209212766249417e-7,0.012482679748267018,8.578271554257561e-18,310.6608397303573
1e-10,7.757675699977721e-19,6.209212766249417e-7,0.012493815225893169,8.578271554257558e-18,310.66083973035717
1e-10,7.761160599767415e-19,6.209212766249417e-7,0.012499427692273187,8.578271554257558e-18,310.66083973035717
1e-10,7.763291024113773e-19,6.209212766249417e-7,0.012502858762243824,8.578271554257561e-18,310.6608397303573
1e-10,7.769364714749809e-19,6.209212766249417e-7,0.01251264050248157,8.578271554257561e-18,310.6608397303573
1e-10,7.771998670970126e-19,6.209212766249417e-7,0.012516882515631184,8.578271554257564e-18,310.6608397303574
1e-10,7.773150411431916e-19,6.209212766249417e-7,0.012518737405301015,8.578271554257558e-18,310.66083973035717
1e-10,7.778390414299839e-19,6.209212766249417e-7,0.01252717648295093,8.578271554257563e-18,310.66083973035734
1e-10,7.784730025359958e-19,6.209212766249417e-7,0.012537386490722896,8.578271554257558e-18,310.66083973035717
1e-10,7.789186753957267e-19,6.209212766249417e-7,0.01254456409723291,8.578271554257563e-18,310.66083973035734
1e-10,7.792651148359841e-19,6.209212766249417e-7,0.012550143539479445,8.578271554257563e-18,310.66083973035734
1e-10,7.794936257658507e-19,6.209212766249417e-7,0.012553823731131253,8.578271554257561e-18,310.6608397303573
1e-10,7.797264278751101e-19,6.209212766249417e-7,0.012557573032661471,8.578271554257566e-18,310.66083973035745
1e-10,7.800584982255308e-19,6.209212766249417e-7,0.012562921059261972,8.578271554257563e-18,310.66083973035734
1e-10,7.80404510516496e-19,6.209212766249417e-7,0.012568493622225927,8.578271554257564e-18,310.6608397303574
1e-10,7.808697482584901e-19,6.209212766249417e-7,0.012575986323144842,8.578271554257569e-18,310.66083973035757
1e-10,7.811445209067958e-19,6.209212766249417e-7,0.012580411564454002,8.578271554257572e-18,310.6608397303577
1e-10,7.814953823086493e-19,6.209212766249417e-7,0.012586062222839565,8.578271554257572e-18,310.6608397303577
1e-10,7.820282421318293e-19,6.209212766249417e-7,0.012594643984219629,8.578271554257575e-18,310.6608397303578
1e-10,7.826970396922698e-19,6.209212766249417e-7,0.012605415036615768,8.57827155425758e-18,310.66083973035796
1e-10,7.829302941079048e-19,6.209212766249417e-7,0.012609171622585938,8.57827155425758e-18,310.66083973035796
1e-10,7.831674675470447e-19,6.209212766249417e-7,0.01261299132482628,8.578271554257577e-18,310.66083973035785
1e-10,7.83283522321031e-19,6.209212766249417e-7,0.01261486039870658,8.578271554257581e-18,310.660839730358
1e-10,7.836328368505862e-19,6.209212766249417e-7,0.012620486144557228,8.578271554257575e-18,310.6608397303578
1e-10,7.839878382123356e-19,6.209212766249417e-7,0.012626203477415896,8.578271554257575e-18,310.6608397303578
1e-10,7.841444559882127e-19,6.209212766249417e-7,0.012628725822546802,8.578271554257577e-18,310.66083973035785
1e-10,7.845130037743044e-19,6.209212766249417e-7,0.01263466132194046,8.57827155425757e-18,310.6608397303576
1e-10,7.84962029049636e-19,6.209212766249417e-7,0.012641892919443003,8.578271554257573e-18,310.66083973035774
1e-10,7.851316237454551e-19,6.209212766249417e-7,0.012644624259182896,8.578271554257569e-18,310.66083973035757
1e-10,7.855250398053579e-19,6.209212766249417e-7,0.01265096026464306,8.578271554257564e-18,310.6608397303574
1e-10,7.85818807970458e-19,6.209212766249417e-7,0.012655691430672623,8.578271554257564e-18,310.6608397303574
1e-10,7.863782551465996e-19,6.209212766249417e-7,0.01266470138406289,8.578271554257561e-18,310.6608397303573
1e-10,7.8670247477964785e-19,6.209212766249417e-7,0.012669922974065582,8.57827155425756e-18,310.6608397303572
1e-10,7.869291562219304e-19,6.209212766249417e-7,0.012673573701634699,8.578271554257553e-18,310.660839730357
1e-10,7.873880168587738e-19,6.209212766249417e-7,0.012680963698629769,8.578271554257553e-18,310.660839730357
1e-10,7.877129640174919e-19,6.209212766249417e-7,0.012686197005507,8.578271554257549e-18,310.6608397303568
1e-10,7.880773916858689e-19,6.209212766249417e-7,0.01269206614998789,8.578271554257553e-18,310.660839730357
1e-10,7.884182657674957e-19,6.209212766249417e-7,0.012697555961570442,8.578271554257563e-18,310.66083973035734
1e-10,7.88679603588844e-19,6.209212766249417e-7,0.01270176483363179,8.578271554257564e-18,310.6608397303574
1e-10,7.890915026315331e-19,6.209212766249417e-7,0.012708398509400285,8.578271554257566e-18,310.66083973035745
1e-10,7.894886994623227e-19,6.209212766249417e-7,0.012714795404558213,8.57827155425757e-18,310.6608397303576
1e-10,7.900736207309418e-19,6.209212766249417e-7,0.01272421562078592,8.578271554257564e-18,310.6608397303574
1e-10,7.907187231504325e-19,6.209212766249417e-7,0.01273460506053901,8.57827155425757e-18,310.6608397303576
1e-10,7.913475980614811e-19,6.209212766249417e-7,0.012744733154626348,8.578271554257566e-18,310.66083973035745
1e-10,7.915847497946603e-19,6.209212766249417e-7,0.012748552507289991,8.578271554257572e-18,310.6608397303577
1e-10,7.921564365750641e-19,6.209212766249417e-7,0.012757759580745605,8.578271554257567e-18,310.6608397303575
1e-10,7.928266295734084e-19,6.209212766249417e-7,0.012768553106810408,8.578271554257569e-18,310.66083973035757
1e-10,7.935489192906938e-19,6.209212766249417e-7,0.012780185655806176,8.578271554257563e-18,310.66083973035734
1e-10,7.941384071949476e-19,6.209212766249417e-7,0.012789679418162943,8.578271554257564e-18,310.6608397303574
1e-10,7.947158644683154e-19,6.209212766249417e-7,0.01279897942599174,8.578271554257564e-18,310.6608397303574
1e-10,7.95053945634968e-19,6.209212766249417e-7,0.012804424257395976,8.578271554257569e-18,310.66083973035757
1e-10,7.956552087818852e-19,6.209212766249417e-7,0.012814107661227543,8.57827155425757e-18,310.6608397303576
1e-10,7.963872903063013e-19,6.209212766249417e-7,0.012825897908268125,8.578271554257569e-18,310.66083973035757
1e-10,7.971212528482871e-19,6.209212766249417e-7,0.012837718449287033,8.578271554257567e-18,310.6608397303575
1e-10,7.976772676917226e-19,6.209212766249417e-7,0.0128466731246117,8.578271554257561e-18,310.6608397303573
1e-10,7.98237065856182e-19,6.209212766249417e-7,0.012855688730704348,8.578271554257563e-18,310.66083973035734
1e-10,7.985012830835903e-19,6.209212766249417e-7,0.012859943975891701,8.578271554257564e-18,310.6608397303574
1e-10,7.98818035901138e-19,6.209212766249417e-7,0.01286504531207508,8.578271554257563e-18,310.66083973035734
1e-10,7.9933457554667915e-19,6.209212766249417e-7,0.012873364235342598,8.578271554257564e-18,310.6608397303574
1e-10,8.00009922487577e-19,6.209212766249417e-7,0.012884240766173827,8.578271554257567e-18,310.6608397303575
1e-10,8.005245901424258e-19,6.209212766249417e-7,0.012892529540841791,8.578271554257564e-18,310.6608397303574
1e-10,8.010824309041197e-19,6.209212766249417e-7,0.012901513622764803,8.578271554257569e-18,310.66083973035757
1e-10,8.015306533558916e-19,6.209212766249417e-7,0.012908732290712667,8.578271554257572e-18,310.6608397303577
1e-10,8.020338108271103e-19,6.209212766249417e-7,0.012916835692708385,8.578271554257572e-18,310.6608397303577
1e-10,8.025538080022866e-19,6.209212766249417e-7,0.012925210299840593,8.578271554257575e-18,310.6608397303578
1e-10,8.029055558955314e-19,6.209212766249417e-7,0.012930875235259728,8.578271554257572e-18,310.6608397303577
1e-10,8.032712525350153e-19,6.209212766249417e-7,0.01293676481664872,8.578271554257572e-18,310.6608397303577
1e-10,8.036050191771107e-19,6.209212766249417e-7,0.012942140162198315,8.578271554257572e-18,310.6608397303577
1e-10,8.040546862881674e-19,6.209212766249417e-7,0.012949382096530166,8.578271554257563e-18,310.66083973035734
1e-10,8.044029107972561e-19,6.209212766249417e-7,0.012954990287490887,8.578271554257569e-18,310.66083973035757
1e-10,8.044164115806385e-19,6.209212766249417e-7,0.012955207718973598,8.578271554257566e-18,310.66083973035745
1e-10,8.046835521064064e-19,6.209212766249417e-7,0.012959510044176881,8.578271554257569e-18,310.66083973035757
1e-10,8.051166234288986e-19,6.209212766249417e-7,0.012966484701654336,8.578271554257573e-18,310.66083973035774
1e-10,8.053753282388971e-19,6.209212766249417e-7,0.012970651168801422,8.578271554257572e-18,310.6608397303577
1e-10,8.058604444095235e-19,6.209212766249417e-7,0.012978464013825243,8.578271554257569e-18,310.66083973035757
1e-10,8.062094971331265e-19,6.209212766249417e-7,0.012984085543264537,8.578271554257572e-18,310.6608397303577
1e-10,8.06431306002629e-19,6.209212766249417e-7,0.012987657797555905,8.578271554257575e-18,310.6608397303578
1e-10,8.06852216180776e-19,6.209212766249417e-7,0.012994436598572917,8.578271554257575e-18,310.6608397303578
1e-10,8.074987205823707e-19,6.209212766249417e-7,0.013004848617389679,8.578271554257573e-18,310.66083973035774
1e-10,8.078413803522828e-19,6.209212766249417e-7,0.013010367187662785,8.578271554257573e-18,310.66083973035774
1e-10,8.081323816550834e-19,6.209212766249417e-7,0.013015053793094996,8.57827155425758e-18,310.66083973035796
1e-10,8.085903022165632e-19,6.209212766249417e-7,0.013022428650081196,8.578271554257577e-18,310.66083973035785
1e-10,8.088129317268594e-19,6.209212766249417e-7,0.013026014120875598,8.578271554257577e-18,310.66083973035785
1e-10,8.091990580213538e-19,6.209212766249417e-7,0.013032232723926104,8.578271554257573e-18,310.66083973035774
1e-10,8.096234831073753e-19,6.209212766249417e-7,0.013039068132890162,8.578271554257572e-18,310.6608397303577
1e-10,8.10171654233128e-19,6.209212766249417e-7,0.013047896484347728,8.578271554257567e-18,310.6608397303575
1e-10,8.105065148455475e-19,6.209212766249417e-7,0.013053289448400106,8.578271554257572e-18,310.6608397303577
1e-10,8.109305664037595e-19,6.209212766249417e-7,0.013060118841660988,8.578271554257572e-18,310.6608397303577
1e-10,8.114700906804448e-19,6.209212766249417e-7,0.013068807934739225,8.578271554257573e-18,310.66083973035774
1e-10,8.117706606209349e-19,6.209212766249417e-7,0.013073648644049815,8.57827155425757e-18,310.6608397303576
1e-10,8.12277171115879e-19,6.209212766249417e-7,0.013081806046831972,8.578271554257566e-18,310.66083973035745
1e-10,8.126027483245719e-19,6.209212766249417e-7,0.013087049500727813,8.578271554257566e-18,310.66083973035745
1e-10,8.129806179965515e-19,6.209212766249417e-7,0.013093135130037112,8.578271554257563e-18,310.66083973035734
1e-10,8.134402608048794e-19,6.209212766249417e-7,0.0131005377239831,8.578271554257561e-18,310.6608397303573
1e-10,8.140603583298958e-19,6.209212766249417e-7,0.013110524457380077,8.578271554257564e-18,310.6608397303574
1e-10,8.148701483278684e-19,6.209212766249417e-7,0.013123566207251722,8.578271554257564e-18,310.6608397303574
1e-10,8.152475580080672e-19,6.209212766249417e-7,0.01312964442834684,8.578271554257573e-18,310.66083973035774
1e-10,8.156072981898749e-19,6.209212766249417e-7,0.013135438080382136,8.578271554257577e-18,310.66083973035785
1e-10,8.158241909706917e-19,6.209212766249417e-7,0.01313893116056769,8.578271554257575e-18,310.6608397303578
1e-10,8.16344735186646e-19,6.209212766249417e-7,0.013147314577846993,8.57827155425757e-18,310.6608397303576
1e-10,8.168328217008696e-19,6.209212766249417e-7,0.013155175260555057,8.578271554257573e-18,310.66083973035774
1e-10,8.173358150074202e-19,6.209212766249417e-7,0.013163276018662183,8.578271554257572e-18,310.6608397303577
1e-10,8.175311182007893e-19,6.209212766249417e-7,0.013166421396356931,8.578271554257564e-18,310.6608397303574
1e-10,8.176403322247817e-19,6.209212766249417e-7,0.013168180299266268,8.578271554257573e-18,310.66083973035774
1e-10,8.1811281661712545e-19,6.209212766249417e-7,0.013175789708222455,8.578271554257564e-18,310.6608397303574
1e-10,8.185829155688851e-19,6.209212766249417e-7,0.013183360699416618,8.578271554257567e-18,310.6608397303575
1e-10,8.188179892324981e-19,6.209212766249417e-7,0.01318714658455959,8.578271554257564e-18,310.6608397303574
1e-10,8.193755847826523e-19,6.209212766249417e-7,0.013196126717325939,8.578271554257566e-18,310.66083973035745
1e-10,8.198271680228268e-19,6.209212766249417e-7,0.013203399511111153,8.578271554257572e-18,310.6608397303577
1e-10,8.203316517670429e-19,6.209212766249417e-7,0.01321152427286772,8.578271554257573e-18,310.66083973035774
1e-10,8.210022195290825e-19,6.209212766249417e-7,0.013222323834539765,8.578271554257573e-18,310.66083973035774
1e-10,8.212393915005575e-19,6.209212766249417e-7,0.013226143513143213,8.578271554257573e-18,310.66083973035774
1e-10,8.2142691430625425e-19,6.209212766249417e-7,0.01322916358690709,8.57827155425757e-18,310.6608397303576
1e-10,8.217800186199884e-19,6.209212766249417e-7,0.013234850367615483,8.578271554257573e-18,310.66083973035774
1e-10,8.221817975496744e-19,6.209212766249417e-7,0.013241321057939865,8.57827155425757e-18,310.6608397303576
1e-10,8.226612551979294e-19,6.209212766249417e-7,0.013249042771888228,8.578271554257572e-18,310.6608397303577
1e-10,8.227401113920378e-19,6.209212766249417e-7,0.013250312758874935,8.578271554257569e-18,310.66083973035757
1e-10,8.231591043296274e-19,6.209212766249417e-7,0.013257060682538738,8.57827155425757e-18,310.6608397303576
1e-10,8.237997366347329e-19,6.209212766249417e-7,0.01326737813064726,8.578271554257567e-18,310.6608397303575
1e-10,8.2423098747613315e-19,6.209212766249417e-7,0.013274323469092486,8.578271554257566e-18,310.66083973035745
1e-10,8.245497109502837e-19,6.209212766249417e-7,0.013279456542899894,8.578271554257566e-18,310.66083973035745
1e-10,8.249088426053727e-19,6.209212766249417e-7,0.0132852403945508,8.578271554257566e-18,310.66083973035745
1e-10,8.252367592578129e-19,6.209212766249417e-7,0.013290521525424953,8.57827155425757e-18,310.6608397303576
1e-10,8.256080776617928e-19,6.209212766249417e-7,0.0132965016459001,8.578271554257573e-18,310.66083973035774
1e-10,8.258843630330774e-19,6.209212766249417e-7,0.013300951249765929,8.578271554257572e-18,310.6608397303577
1e-10,8.261436716978859e-19,6.209212766249417e-7,0.013305127442055843,8.578271554257563e-18,310.66083973035734
1e-10,8.266110880154309e-19,6.209212766249417e-7,0.013312655229154487,8.578271554257567e-18,310.6608397303575
1e-10,8.269250344529006e-19,6.209212766249417e-7,0.013317711368302692,8.57827155425757e-18,310.6608397303576
1e-10,8.273226503969539e-19,6.209212766249417e-7,0.013324115013322146,8.578271554257566e-18,310.66083973035745
1e-10,8.276811512230142e-19,6.209212766249417e-7,0.013329888705407703,8.57827155425757e-18,310.6608397303576
1e-10,8.278679499841042e-19,6.209212766249417e-7,0.01333289711835991,8.578271554257572e-18,310.6608397303577
1e-10,8.283516942366622e-19,6.209212766249417e-7,0.013340687868504396,8.578271554257572e-18,310.6608397303577
1e-10,8.287275003047868e-19,6.209212766249417e-7,0.013346740263264765,8.578271554257577e-18,310.66083973035785
1e-10,8.291167453428874e-19,6.209212766249417e-7,0.01335300909399668,8.578271554257566e-18,310.66083973035745
1e-10,8.295399043520412e-19,6.209212766249417e-7,0.013359824112664648,8.578271554257572e-18,310.6608397303577
1e-10,8.29898815144785e-19,6.209212766249417e-7,0.013365604407305134,8.57827155425757e-18,310.6608397303576
1e-10,8.3043749668122e-19,6.209212766249417e-7,0.013374279927966352,8.57827155425757e-18,310.6608397303576
1e-10,8.30692240499483e-19,6.209212766249417e-7,0.013378382602940667,8.578271554257575e-18,310.6608397303578
1e-10,8.312911780985169e-19,6.209212766249417e-7,0.01338802855358822,8.578271554257567e-18,310.6608397303575
1e-10,8.315090833940835e-19,6.209212766249417e-7,0.013391537940426293,8.578271554257566e-18,310.66083973035745
1e-10,8.318063564150474e-19,6.209212766249417e-7,0.013396325552514248,8.578271554257564e-18,310.6608397303574
1e-10,8.323037481952104e-19,6.209212766249417e-7,0.013404336097472002,8.578271554257563e-18,310.66083973035734
1e-10,8.327134324641497e-19,6.209212766249417e-7,0.013410934104085113,8.578271554257567e-18,310.6608397303575
1e-10,8.332787748148945e-19,6.209212766249417e-7,0.013420038999858984,8.578271554257567e-18,310.6608397303575
1e-10,8.337594986285725e-19,6.209212766249417e-7,0.013427781105529625,8.57827155425757e-18,310.6608397303576
1e-10,8.343870119823871e-19,6.209212766249417e-7,0.01343788727159991,8.578271554257569e-18,310.66083973035757
1e-10,8.34739630862052e-19,6.209212766249417e-7,0.01344356623434349,8.578271554257564e-18,310.6608397303574
1e-10,8.352877001945891e-19,6.209212766249417e-7,0.01345239294641102,8.578271554257566e-18,310.66083973035745
1e-10,8.357638729921369e-19,6.209212766249417e-7,0.013460061757506301,8.578271554257563e-18,310.66083973035734
1e-10,8.366583846354539e-19,6.209212766249417e-7,0.013474467958050422,8.57827155425757e-18,310.6608397303576
1e-10,8.369655981299072e-19,6.209212766249417e-7,0.013479415662469945,8.578271554257567e-18,310.6608397303575
1e-10,8.37261586173959e-19,6.209212766249417e-7,0.013484182579874686,8.578271554257561e-18,310.6608397303573
1e-10,8.376806621590634e-19,6.209212766249417e-7,0.013490931841027119,8.578271554257561e-18,310.6608397303573
1e-10,8.378823475989992e-19,6.209212766249417e-7,0.013494180005448737,8.578271554257557e-18,310.6608397303571
1e-10,8.380377330080732e-19,6.209212766249417e-7,0.013496682503187557,8.578271554257552e-18,310.66083973035694
1e-10,8.383922461767242e-19,6.209212766249417e-7,0.01350239197364697,8.578271554257553e-18,310.660839730357
1e-10,8.385928124859182e-19,6.209212766249417e-7,0.013505622114354729,8.578271554257549e-18,310.6608397303568
1e-10,8.389244093025234e-19,6.209212766249417e-7,0.013510962514645206,8.578271554257547e-18,310.66083973035677
1e-10,8.392885688334947e-19,6.209212766249417e-7,0.013516827340746041,8.578271554257546e-18,310.6608397303567
1e-10,8.398873252052474e-19,6.209212766249417e-7,0.013526470372709886,8.578271554257547e-18,310.66083973035677
1e-10,8.402278376749924e-19,6.209212766249417e-7,0.013531954360496486,8.578271554257547e-18,310.66083973035677
1e-10,8.404955042598421e-19,6.209212766249417e-7,0.013536265157934522,8.578271554257543e-18,310.6608397303566
1e-10,8.4104892896401375e-19,6.209212766249417e-7,0.013545178118804213,8.57827155425754e-18,310.6608397303565
1e-10,8.413777580843296e-19,6.209212766249417e-7,0.013550473945065849,8.578271554257544e-18,310.66083973035666
1e-10,8.41485649263469e-19,6.209212766249417e-7,0.013552211543424949,8.57827155425755e-18,310.6608397303569
1e-10,8.417876489203216e-19,6.209212766249417e-7,0.013557075278462248,8.578271554257558e-18,310.66083973035717
1e-10,8.419915027450616e-19,6.209212766249417e-7,0.013560358364940586,8.578271554257558e-18,310.66083973035717
1e-10,8.423026373183076e-19,6.209212766249417e-7,0.013565369218730897,8.578271554257555e-18,310.66083973035705
1e-10,8.426606864401763e-19,6.209212766249417e-7,0.013571135636074733,8.578271554257564e-18,310.6608397303574
1e-10,8.431750337030569e-19,6.209212766249417e-7,0.013579419250797623,8.57827155425757e-18,310.6608397303576
1e-10,8.436902623921321e-19,6.209212766249417e-7,0.01358771706097858,8.578271554257573e-18,310.66083973035774
1e-10,8.440040244989371e-19,6.209212766249417e-7,0.013592770231462777,8.578271554257578e-18,310.6608397303579
1e-10,8.443074090193096e-19,6.209212766249417e-7,0.013597656269867218,8.578271554257572e-18,310.6608397303577
1e-10,8.446128670713711e-19,6.209212766249417e-7,0.013602575702709363,8.57827155425757e-18,310.6608397303576
1e-10,8.450049842831966e-19,6.209212766249417e-7,0.013608890790089794,8.578271554257572e-18,310.6608397303577
1e-10,8.454081062948777e-19,6.209212766249417e-7,0.013615383110885632,8.57827155425757e-18,310.6608397303576
1e-10,8.458948814945384e-19,6.209212766249417e-7,0.013623222674739952,8.578271554257569e-18,310.66083973035757
1e-10,8.46160437651233e-19,6.209212766249417e-7,0.013627499483518966,8.578271554257564e-18,310.6608397303574
1e-10,8.467572944249342e-19,6.209212766249417e-7,0.013637111922263946,8.578271554257563e-18,310.66083973035734
1e-10,8.471715338078521e-19,6.209212766249417e-7,0.013643783289448682,8.57827155425757e-18,310.6608397303576
1e-10,8.479651757569176e-19,6.209212766249417e-7,0.013656564973358425,8.578271554257567e-18,310.6608397303575
1e-10,8.484281998034114e-19,6.209212766249417e-7,0.01366402202248727,8.578271554257563e-18,310.66083973035734
1e-10,8.490147652757e-19,6.209212766249417e-7,0.013673468718781476,8.578271554257564e-18,310.6608397303574
1e-10,8.495593099114242e-19,6.209212766249417e-7,0.01368223866525012,8.578271554257561e-18,310.6608397303573
1e-10,8.500751006484848e-19,6.209212766249417e-7,0.013690545527270764,8.57827155425756e-18,310.6608397303572
1e-10,8.504983278759529e-19,6.209212766249417e-7,0.013697361644601589,8.578271554257558e-18,310.66083973035717
1e-10,8.507529458774385e-19,6.209212766249417e-7,0.013701462293283971,8.57827155425756e-18,310.6608397303572
1e-10,8.511708159913794e-19,6.209212766249417e-7,0.013708192133759277,8.57827155425756e-18,310.6608397303572
1e-10,8.516804075545934e-19,6.209212766249417e-7,0.01371639915745774,8.578271554257561e-18,310.6608397303573
1e-10,8.52022893133863e-19,6.209212766249417e-7,0.013721914922372918,8.578271554257563e-18,310.66083973035734
1e-10,8.524309266886707e-19,6.209212766249417e-7,0.013728486344067882,8.578271554257566e-18,310.66083973035745
1e-10,8.529208897517607e-19,6.209212766249417e-7,0.013736377248785354,8.578271554257563e-18,310.66083973035734
1e-10,8.532189731812593e-19,6.209212766249417e-7,0.01374117791258478,8.578271554257561e-18,310.6608397303573
1e-10,8.53560710815615e-19,6.209212766249417e-7,0.013746681631771425,8.578271554257563e-18,310.66083973035734
1e-10,8.539713793992478e-19,6.209212766249417e-7,0.013753295490872293,8.578271554257558e-18,310.66083973035717
1e-10,8.543774330936651e-19,6.209212766249417e-7,0.013759835026715296,8.578271554257563e-18,310.66083973035734
1e-10,8.547868074307612e-19,6.209212766249417e-7,0.013766428041844707,8.578271554257563e-18,310.66083973035734
1e-10,8.549964671599588e-19,6.209212766249417e-7,0.013769804633001918,8.578271554257563e-18,310.66083973035734
1e-10,8.554198857625815e-19,6.209212766249417e-7,0.013776623832448976,8.578271554257563e-18,310.66083973035734
1e-10,8.558176133625766e-19,6.209212766249417e-7,0.013783029275698674,8.578271554257558e-18,310.66083973035717
1e-10,8.561871109857643e-19,6.209212766249417e-7,0.013788980072314893,8.578271554257558e-18,310.66083973035717
1e-10,8.565711217103822e-19,6.209212766249417e-7,0.013795164603898432,8.578271554257557e-18,310.6608397303571
1e-10,8.57108920426248e-19,6.209212766249417e-7,0.013803825906645037,8.578271554257555e-18,310.66083973035705
1e-10,8.574080712125611e-19,6.209212766249417e-7,0.013808643760333982,8.578271554257555e-18,310.66083973035705
1e-10,8.578870813251948e-19,6.209212766249417e-7,0.01381635826667587,8.578271554257561e-18,310.6608397303573
1e-10,8.583432177768137e-19,6.209212766249417e-7,0.0138237043903922,8.578271554257566e-18,310.66083973035745
1e-10,8.588149296616016e-19,6.209212766249417e-7,0.013831301358036022,8.578271554257564e-18,310.6608397303574
1e-10,8.593910693414945e-19,6.209212766249417e-7,0.013840580145888558,8.578271554257564e-18,310.6608397303574
1e-10,8.60053548147918e-19,6.209212766249417e-7,0.013851249434111769,8.578271554257564e-18,310.6608397303574
1e-10,8.602855527827016e-19,6.209212766249417e-7,0.013854985892234844,8.578271554257561e-18,310.6608397303573
1e-10,8.607157610690992e-19,6.209212766249417e-7,0.013861914440226242,8.57827155425756e-18,310.6608397303572
1e-10,8.613417928132886e-19,6.209212766249417e-7,0.01387199674482357,8.578271554257563e-18,310.66083973035734
1e-10,8.615584023791724e-19,6.209212766249417e-7,0.013875485263803966,8.578271554257564e-18,310.6608397303574
1e-10,8.62108161397596e-19,6.209212766249417e-7,0.013884339188433702,8.578271554257564e-18,310.6608397303574
1e-10,8.6227118039069725e-19,6.209212766249417e-7,0.013886964625815833,8.578271554257563e-18,310.66083973035734
1e-10,8.625832972681614e-19,6.209212766249417e-7,0.01389199129971499,8.578271554257561e-18,310.6608397303573
1e-10,8.63434480185768e-19,6.209212766249417e-7,0.013905699686746487,8.578271554257561e-18,310.6608397303573
1e-10,8.637176473633436e-19,6.209212766249417e-7,0.013910260122799101,8.578271554257561e-18,310.6608397303573
1e-10,8.639806330549676e-19,6.209212766249417e-7,0.013914495533978012,8.578271554257563e-18,310.66083973035734
1e-10,8.644785556442902e-19,6.209212766249417e-7,0.013922514627670999,8.578271554257564e-18,310.6608397303574
1e-10,8.649904589903985e-19,6.209212766249417e-7,0.013930758882866937,8.578271554257564e-18,310.6608397303574
1e-10,8.654259856359604e-19,6.209212766249417e-7,0.013937773083570918,8.578271554257561e-18,310.6608397303573
1e-10,8.65859985934185e-19,6.209212766249417e-7,0.013944762702296559,8.578271554257564e-18,310.6608397303574
1e-10,8.660481650482572e-19,6.209212766249417e-7,0.013947793345973243,8.578271554257564e-18,310.6608397303574
1e-10,8.664344788629036e-19,6.209212766249417e-7,0.013954014969054775,8.57827155425756e-18,310.6608397303572
1e-10,8.668470812195442e-19,6.209212766249417e-7,0.013960659971765639,8.578271554257557e-18,310.6608397303571
1e-10,8.673198495589744e-19,6.209212766249417e-7,0.013968273953718389,8.578271554257558e-18,310.66083973035717
1e-10,8.67560875095664e-19,6.209212766249417e-7,0.013972155694379616,8.578271554257557e-18,310.6608397303571
1e-10,8.681958830633676e-19,6.209212766249417e-7,0.013982382561965073,8.57827155425755e-18,310.6608397303569
1e-10,8.686654874689321e-19,6.209212766249417e-7,0.013989945588442715,8.578271554257552e-18,310.66083973035694
1e-10,8.690136097781254e-19,6.209212766249417e-7,0.013995552133463776,8.578271554257552e-18,310.66083973035694
1e-10,8.69588696479182e-19,6.209212766249417e-7,0.014004813962985587,8.578271554257553e-18,310.660839730357
1e-10,8.698736002665849e-19,6.209212766249417e-7,0.014009402367315224,8.57827155425756e-18,310.6608397303572
1e-10,8.704799975361758e-19,6.209212766249417e-7,0.014019168456712047,8.578271554257561e-18,310.6608397303573
1e-10,8.707758321169783e-19,6.209212766249417e-7,0.014023932902575628,8.578271554257561e-18,310.6608397303573
1e-10,8.710969137017043e-19,6.209212766249417e-7,0.014029103953992504,8.578271554257557e-18,310.6608397303571
1e-10,8.714338900233127e-19,6.209212766249417e-7,0.014034530991755488,8.578271554257552e-18,310.66083973035694
1e-10,8.716362960340267e-19,6.209212766249417e-7,0.014037790761042414,8.578271554257555e-18,310.66083973035705
1e-10,8.719770885520382e-19,6.209212766249417e-7,0.014043279259034685,8.578271554257558e-18,310.66083973035717
1e-10,8.725102326839571e-19,6.209212766249417e-7,0.014051865599235764,8.578271554257557e-18,310.6608397303571
1e-10,8.728140509358587e-19,6.209212766249417e-7,0.014056758622930376,8.578271554257557e-18,310.6608397303571
1e-10,8.732624157374636e-19,6.209212766249417e-7,0.014063979583436708,8.578271554257555e-18,310.66083973035705
1e-10,8.740638411480961e-19,6.209212766249417e-7,0.014076886620782708,8.578271554257561e-18,310.6608397303573
1e-10,8.74582135538944e-19,6.209212766249417e-7,0.01408523380440098,8.578271554257553e-18,310.660839730357
1e-10,8.747005680424794e-19,6.209212766249417e-7,0.014087141171856304,8.578271554257553e-18,310.660839730357
1e-10,8.751688105846926e-19,6.209212766249417e-7,0.014094682265386847,8.578271554257555e-18,310.66083973035705
1e-10,8.755936633599075e-19,6.209212766249417e-7,0.014101524562328646,8.578271554257555e-18,310.66083973035705
1e-10,8.760733765523252e-19,6.209212766249417e-7,0.014109250391841612,8.57827155425756e-18,310.6608397303572
1e-10,8.76308009594092e-19,6.209212766249417e-7,0.014113029180725156,8.57827155425756e-18,310.6608397303572
1e-10,8.768135659169345e-19,6.209212766249417e-7,0.014121171216469053,8.578271554257563e-18,310.66083973035734
1e-10,8.773073826993134e-19,6.209212766249417e-7,0.01412912418572569,8.578271554257566e-18,310.66083973035745
1e-10,8.777033417533233e-19,6.209212766249417e-7,0.01413550114636331,8.578271554257572e-18,310.6608397303577
1e-10,8.778666747566893e-19,6.209212766249417e-7,0.014138131640912535,8.578271554257567e-18,310.6608397303575
1e-10,8.781480382844162e-19,6.209212766249417e-7,0.0141426630290018,8.57827155425757e-18,310.6608397303576
1e-10,8.782013599859266e-19,6.209212766249417e-7,0.014143521780401016,8.578271554257567e-18,310.6608397303575
1e-10,8.784419843375658e-19,6.209212766249417e-7,0.014147397059936402,8.578271554257566e-18,310.66083973035745
1e-10,8.79152655551029e-19,6.209212766249417e-7,0.01415884249175227,8.57827155425757e-18,310.6608397303576
1e-10,8.794189491088237e-19,6.209212766249417e-7,0.01416313117645063,8.578271554257572e-18,310.6608397303577
1e-10,8.79618597025887e-19,6.209212766249417e-7,0.01416634652636018,8.578271554257569e-18,310.66083973035757
1e-10,8.802921814013954e-19,6.209212766249417e-7,0.014177194670897434,8.578271554257572e-18,310.6608397303577
1e-10,8.80758509875111e-19,6.209212766249417e-7,0.014184704938161109,8.57827155425757e-18,310.6608397303576
1e-10,8.810492507835401e-19,6.209212766249417e-7,0.014189387349915615,8.578271554257567e-18,310.6608397303575
1e-10,8.814809145395711e-19,6.209212766249417e-7,0.014196339338392759,8.578271554257563e-18,310.66083973035734
1e-10,8.82074772227585e-19,6.209212766249417e-7,0.014205903476559223,8.57827155425757e-18,310.6608397303576
1e-10,8.824135646105643e-19,6.209212766249417e-7,0.014211359762174379,8.578271554257566e-18,310.66083973035745
1e-10,8.827441397675352e-19,6.209212766249417e-7,0.01421668370853305,8.578271554257566e-18,310.66083973035745
1e-10,8.833119075563097e-19,6.209212766249417e-7,0.014225827666231854,8.578271554257572e-18,310.6608397303577
1e-10,8.834737927844565e-19,6.209212766249417e-7,0.014228434844214653,8.578271554257567e-18,310.6608397303575
1e-10,8.84194436046102e-19,6.209212766249417e-7,0.01424004087687571,8.578271554257569e-18,310.66083973035757
1e-10,8.84572776719357e-19,6.209212766249417e-7,0.014246134091708218,8.57827155425757e-18,310.6608397303576
1e-10,8.849434764044858e-19,6.209212766249417e-7,0.01425210424765365,8.57827155425757e-18,310.6608397303576
1e-10,8.853674622269692e-19,6.209212766249417e-7,0.01425893258223397,8.578271554257566e-18,310.66083973035745
1e-10,8.858059677148345e-19,6.209212766249417e-7,0.014265994757494717,8.578271554257558e-18,310.66083973035717
1e-10,8.863283273624526e-19,6.209212766249417e-7,0.014274407412484693,8.57827155425756e-18,310.6608397303572
1e-10,8.866664710539195e-19,6.209212766249417e-7,0.014279853250857392,8.578271554257563e-18,310.66083973035734
1e-10,8.871989397356087e-19,6.209212766249417e-7,0.01428842871286416,8.578271554257558e-18,310.66083973035717
1e-10,8.875905918713001e-19,6.209212766249417e-7,0.014294736310146385,8.578271554257553e-18,310.660839730357
1e-10,8.883390978417674e-19,6.209212766249417e-7,0.014306791074552846,8.578271554257552e-18,310.66083973035694
1e-10,8.887488575377958e-19,6.209212766249417e-7,0.01431339029592686,8.578271554257553e-18,310.660839730357
1e-10,8.893026561376365e-19,6.209212766249417e-7,0.014322309278424141,8.578271554257553e-18,310.660839730357
1e-10,8.89685592242838e-19,6.209212766249417e-7,0.014328476503153224,8.578271554257557e-18,310.6608397303571
1e-10,8.899188107675582e-19,6.209212766249417e-7,0.01433223251109658,8.578271554257555e-18,310.66083973035705
1e-10,8.903322481348827e-19,6.209212766249417e-7,0.014338890961739015,8.578271554257557e-18,310.6608397303571
1e-10,8.908750707973137e-19,6.209212766249417e-7,0.014347633175653499,8.578271554257555e-18,310.66083973035705
1e-10,8.911272132230477e-19,6.209212766249417e-7,0.014351693954937864,8.578271554257552e-18,310.66083973035694
1e-10,8.914468630888312e-19,6.209212766249417e-7,0.014356841948376275,8.578271554257553e-18,310.660839730357
1e-10,8.919605268991783e-19,6.209212766249417e-7,0.014365114556026945,8.578271554257546e-18,310.6608397303567
1e-10,8.924533376501786e-19,6.209212766249417e-7,0.014373051323046414,8.578271554257546e-18,310.6608397303567
1e-10,8.926665385607552e-19,6.209212766249417e-7,0.014376484945288117,8.578271554257552e-18,310.66083973035694
1e-10,8.931500669994134e-19,6.209212766249417e-7,0.014384272219727904,8.57827155425755e-18,310.6608397303569
1e-10,8.936688126825741e-19,6.209212766249417e-7,0.014392626671454545,8.578271554257549e-18,310.6608397303568
1e-10,8.941503339142942e-19,6.209212766249417e-7,0.014400381619623457,8.578271554257552e-18,310.66083973035694
1e-10,8.946736006135641e-19,6.209212766249417e-7,0.014408808882772083,8.57827155425755e-18,310.6608397303569
1e-10,8.951436880432859e-19,6.209212766249417e-7,0.01441637968840266,8.578271554257553e-18,310.660839730357
1e-10,8.957029962573383e-19,6.209212766249417e-7,0.014425387403794418,8.578271554257555e-18,310.66083973035705
1e-10,8.960728928133836e-19,6.209212766249417e-7,0.01443134462526468,8.578271554257555e-18,310.66083973035705
1e-10,8.963614260261101e-19,6.209212766249417e-7,0.014435991481856468,8.578271554257552e-18,310.66083973035694
1e-10,8.966349202769365e-19,6.209212766249417e-7,0.014440396134444844,8.578271554257552e-18,310.66083973035694
1e-10,8.968746322712752e-19,6.209212766249417e-7,0.014444256720373572,8.578271554257555e-18,310.66083973035705
1e-10,8.973542695524667e-19,6.209212766249417e-7,0.014451981327328558,8.578271554257555e-18,310.66083973035705
1e-10,8.978541412767983e-19,6.209212766249417e-7,0.014460031812038128,8.578271554257555e-18,310.66083973035705
1e-10,8.982104757435052e-19,6.209212766249417e-7,0.014465770614687052,8.578271554257557e-18,310.6608397303571
1e-10,8.988276877160853e-19,6.209212766249417e-7,0.014475710875970013,8.578271554257549e-18,310.6608397303568
1e-10,8.99259911770527e-19,6.209212766249417e-7,0.014482671888109767,8.57827155425754e-18,310.6608397303565
1e-10,8.99859537179037e-19,6.209212766249417e-7,0.01449232891599854,8.578271554257544e-18,310.66083973035666
1e-10,9.003874477059148e-19,6.209212766249417e-7,0.014500830968460766,8.578271554257541e-18,310.66083973035654
1e-10,9.00798106217873e-19,6.209212766249417e-7,0.014507444665356294,8.57827155425754e-18,310.6608397303565
1e-10,9.012954101073566e-19,6.209212766249417e-7,0.014515453794825762,8.578271554257541e-18,310.66083973035654
1e-10,9.018622787134926e-19,6.209212766249417e-7,0.01452458327109717,8.578271554257543e-18,310.6608397303566
1e-10,9.024237897542548e-19,6.209212766249417e-7,0.014533626463236023,8.578271554257543e-18,310.6608397303566
1e-10,9.031098886369056e-19,6.209212766249417e-7,0.01454467615517733,8.578271554257543e-18,310.6608397303566
1e-10,9.034060929740646e-19,6.209212766249417e-7,0.014549446556004453,8.57827155425754e-18,310.6608397303565
1e-10,9.039595371095567e-19,6.209212766249417e-7,0.014558359829817525,8.578271554257538e-18,310.66083973035643
1e-10,9.047256434185146e-19,6.209212766249417e-7,0.01457069804945661,8.578271554257535e-18,310.6608397303563
1e-10,9.052315727407272e-19,6.209212766249417e-7,0.01457884609239311,8.57827155425754e-18,310.6608397303565
1e-10,9.054639634370574e-19,6.209212766249417e-7,0.014582588768076464,8.578271554257547e-18,310.66083973035677
1e-10,9.058564911584683e-19,6.209212766249417e-7,0.014588910466755313,8.578271554257549e-18,310.6608397303568
1e-10,9.062265419290418e-19,6.209212766249417e-7,0.01459487017186616,8.57827155425755e-18,310.6608397303569
1e-10,9.067176534321504e-19,6.209212766249417e-7,0.014602779572326361,8.578271554257555e-18,310.66083973035705
1e-10,9.071081739367502e-19,6.209212766249417e-7,0.014609068944575327,8.578271554257555e-18,310.66083973035705
1e-10,9.075988919478845e-19,6.209212766249417e-7,0.01461697200780746,8.578271554257553e-18,310.660839730357
1e-10,9.081033092614373e-19,6.209212766249417e-7,0.01462509569969147,8.578271554257557e-18,310.6608397303571
1e-10,9.083480453717302e-19,6.209212766249417e-7,0.014629037199516106,8.578271554257558e-18,310.66083973035717
1e-10,9.087397786596526e-19,6.209212766249417e-7,0.014635346103763222,8.578271554257558e-18,310.66083973035717
1e-10,9.090853478447424e-19,6.209212766249417e-7,0.01464091153046221,8.578271554257558e-18,310.66083973035717
1e-10,9.09374975214733e-19,6.209212766249417e-7,0.014645576008567468,8.578271554257563e-18,310.66083973035734
1e-10,9.097212850857076e-19,6.209212766249417e-7,0.014651153364087592,8.578271554257569e-18,310.66083973035757
1e-10,9.100059002478395e-19,6.209212766249417e-7,0.014655737120078028,8.578271554257572e-18,310.6608397303577
1e-10,9.1026997915094e-19,6.209212766249417e-7,0.014659990137538404,8.578271554257577e-18,310.66083973035785
1e-10,9.104880487729062e-19,6.209212766249417e-7,0.014663502170869772,8.578271554257575e-18,310.6608397303578
1e-10,9.109907793360535e-19,6.209212766249417e-7,0.014671598697467796,8.57827155425757e-18,310.6608397303576
1e-10,9.11183406086182e-19,6.209212766249417e-7,0.014674700970773287,8.578271554257575e-18,310.6608397303578
1e-10,9.119335997991917e-19,6.209212766249417e-7,0.0146867829164442,8.578271554257566e-18,310.66083973035745
1e-10,9.124063970744677e-19,6.209212766249417e-7,0.014694397364411678,8.578271554257563e-18,310.66083973035734
1e-10,9.127848430583624e-19,6.209212766249417e-7,0.014700492275282695,8.578271554257566e-18,310.66083973035745
1e-10,9.130561513742388e-19,6.209212766249417e-7,0.014704861723167473,8.578271554257563e-18,310.66083973035734
1e-10,9.1327838785225e-19,6.209212766249417e-7,0.014708440864137152,8.578271554257567e-18,310.6608397303575
1e-10,9.139347072341838e-19,6.209212766249417e-7,0.014719010954205594,8.578271554257563e-18,310.66083973035734
1e-10,9.145552795706956e-19,6.209212766249417e-7,0.014729005334489757,8.578271554257561e-18,310.6608397303573
1e-10,9.151456587831286e-19,6.209212766249417e-7,0.014738513451454955,8.578271554257563e-18,310.66083973035734
1e-10,9.155393999962032e-19,6.209212766249417e-7,0.01474485469353986,8.57827155425756e-18,310.6608397303572
1e-10,9.157818524753183e-19,6.209212766249417e-7,0.01474875941525326,8.57827155425756e-18,310.6608397303572
1e-10,9.162477173027587e-19,6.209212766249417e-7,0.014756262215446752,8.578271554257561e-18,310.6608397303573
1e-10,9.16504075667645e-19,6.209212766249417e-7,0.014760390892857835,8.578271554257563e-18,310.66083973035734
1e-10,9.167147798996175e-19,6.209212766249417e-7,0.014763784305837946,8.578271554257564e-18,310.6608397303574
1e-10,9.171580160703085e-19,6.209212766249417e-7,0.014770922669224367,8.578271554257569e-18,310.66083973035757
1e-10,9.175974413970619e-19,6.209212766249417e-7,0.0147779996585835,8.57827155425757e-18,310.6608397303576
1e-10,9.177717700104342e-19,6.209212766249417e-7,0.01478080723854468,8.578271554257575e-18,310.6608397303578
1e-10,9.184801515117856e-19,6.209212766249417e-7,0.014792215794315259,8.578271554257575e-18,310.6608397303578
1e-10,9.187879150852751e-19,6.209212766249417e-7,0.01479717235781333,8.578271554257583e-18,310.6608397303581
1e-10,9.191774720360743e-19,6.209212766249417e-7,0.014803446211930821,8.57827155425758e-18,310.66083973035796
1e-10,9.195937912320767e-19,6.209212766249417e-7,0.014810151074715769,8.57827155425758e-18,310.66083973035796
1e-10,9.199307031569568e-19,6.209212766249417e-7,0.014815577075362928,8.57827155425758e-18,310.66083973035796
1e-10,9.205712765782143e-19,6.209212766249417e-7,0.014825893575141117,8.578271554257584e-18,310.66083973035813
1e-10,9.211518960782715e-19,6.209212766249417e-7,0.014835244510950777,8.578271554257587e-18,310.66083973035825
1e-10,9.215599979700774e-19,6.209212766249417e-7,0.014841817033220012,8.578271554257581e-18,310.660839730358
1e-10,9.21819593393534e-19,6.209212766249417e-7,0.014845997843786976,8.578271554257583e-18,310.6608397303581
1e-10,9.22267151879267e-19,6.209212766249417e-7,0.014853205818494586,8.578271554257587e-18,310.66083973035825
1e-10,9.226890186464272e-19,6.209212766249417e-7,0.014860000025474468,8.578271554257589e-18,310.6608397303583
1e-10,9.232043425598766e-19,6.209212766249417e-7,0.014868299369253608,8.578271554257586e-18,310.6608397303582
1e-10,9.236408949717557e-19,6.209212766249417e-7,0.01487533009002794,8.57827155425758e-18,310.66083973035796
1e-10,9.23874526502082e-19,6.209212766249417e-7,0.014879092749468381,8.578271554257583e-18,310.6608397303581
1e-10,9.24440302295977e-19,6.209212766249417e-7,0.01488820462588805,8.578271554257584e-18,310.66083973035813
1e-10,9.247273567877067e-19,6.209212766249417e-7,0.014892827667528528,8.57827155425758e-18,310.66083973035796
1e-10,9.249094604428114e-19,6.209212766249417e-7,0.014895760465323678,8.578271554257586e-18,310.6608397303582
1e-10,9.252770268676114e-19,6.209212766249417e-7,0.014901680159794416,8.578271554257584e-18,310.66083973035813
1e-10,9.255901909955193e-19,6.209212766249417e-7,0.014906723699767956,8.578271554257586e-18,310.6608397303582
1e-10,9.259059355737919e-19,6.209212766249417e-7,0.014911808798155771,8.578271554257587e-18,310.66083973035825
1e-10,9.262875469122386e-19,6.209212766249417e-7,0.014917954687382195,8.578271554257583e-18,310.6608397303581
1e-10,9.264353170389095e-19,6.209212766249417e-7,0.014920334540227216,8.578271554257583e-18,310.6608397303581
1e-10,9.26595120260468e-19,6.209212766249417e-7,0.014922908187283203,8.578271554257581e-18,310.660839730358
1e-10,9.269707449294544e-19,6.209212766249417e-7,0.014928957660592091,8.57827155425758e-18,310.66083973035796
1e-10,9.27334300730803e-19,6.209212766249417e-7,0.014934812763566252,8.578271554257577e-18,310.66083973035785
1e-10,9.27589133955633e-19,6.209212766249417e-7,0.01493891687844238,8.578271554257581e-18,310.660839730358
1e-10,9.28110099221223e-19,6.209212766249417e-7,0.014947307076768673,8.578271554257581e-18,310.660839730358
1e-10,9.286838730185198e-19,6.209212766249417e-7,0.014956547761842562,8.578271554257581e-18,310.660839730358
1e-10,9.292916477828478e-19,6.209212766249417e-7,0.014966336035931536,8.578271554257584e-18,310.66083973035813
1e-10,9.296445821472036e-19,6.209212766249417e-7,0.014972020079587992,8.578271554257581e-18,310.660839730358
1e-10,9.300102127382802e-19,6.209212766249417e-7,0.014977908597260697,8.57827155425758e-18,310.66083973035796
1e-10,9.30424026427503e-19,6.209212766249417e-7,0.01498457310860539,8.578271554257578e-18,310.6608397303579
1e-10,9.309792815446766e-19,6.209212766249417e-7,0.014993515548461723,8.578271554257577e-18,310.66083973035785
1e-10,9.313436967999172e-19,6.209212766249417e-7,0.014999384493027795,8.578271554257575e-18,310.6608397303578
1e-10,9.317217448474928e-19,6.209212766249417e-7,0.015005472995094119,8.578271554257573e-18,310.66083973035774
1e-10,9.322409359917075e-19,6.209212766249417e-7,0.015013834621016117,8.578271554257584e-18,310.66083973035813
1e-10,9.326881661836284e-19,6.209212766249417e-7,0.01502103730851866,8.578271554257584e-18,310.66083973035813
1e-10,9.32983619514268e-19,6.209212766249417e-7,0.015025795614309783,8.578271554257584e-18,310.66083973035813
1e-10,9.334531785816718e-19,6.209212766249417e-7,0.015033357910611757,8.578271554257584e-18,310.66083973035813
1e-10,9.336477023146592e-19,6.209212766249417e-7,0.015036490735018174,8.578271554257586e-18,310.6608397303582
1e-10,9.337228554218577e-19,6.209212766249417e-7,0.01503770108341543,8.578271554257586e-18,310.6608397303582
1e-10,9.343517770449198e-19,6.209212766249417e-7,0.01504782992980447,8.578271554257584e-18,310.66083973035813
1e-10,9.34849588922131e-19,6.209212766249417e-7,0.015055847240467702,8.578271554257583e-18,310.6608397303581
1e-10,9.354917375189144e-19,6.209212766249417e-7,0.015066189108607152,8.578271554257577e-18,310.66083973035785
1e-10,9.360391684460805e-19,6.209212766249417e-7,0.01507500553909157,8.578271554257575e-18,310.6608397303578
1e-10,9.363848988239793e-19,6.209212766249417e-7,0.01508057356181706,8.578271554257572e-18,310.6608397303577
1e-10,9.368941341228095e-19,6.209212766249417e-7,0.015088774847841565,8.57827155425757e-18,310.6608397303576
1e-10,9.3749960703645e-19,6.209212766249417e-7,0.01509852605039226,8.578271554257569e-18,310.66083973035757
1e-10,9.37958569658637e-19,6.209212766249417e-7,0.01510591768987161,8.57827155425757e-18,310.6608397303576
1e-10,9.381038674284532e-19,6.209212766249417e-7,0.015108257725159271,8.578271554257563e-18,310.66083973035734
1e-10,9.382148482072255e-19,6.209212766249417e-7,0.01511004508183314,8.578271554257567e-18,310.6608397303575
1e-10,9.385737814618146e-19,6.209212766249417e-7,0.015115825738223917,8.578271554257561e-18,310.6608397303573
1e-10,9.389120308880521e-19,6.209212766249417e-7,0.015121273279465797,8.578271554257563e-18,310.66083973035734
1e-10,9.392844306216701e-19,6.209212766249417e-7,0.0151272708148642,8.578271554257558e-18,310.66083973035717
1e-10,9.396077202029803e-19,6.209212766249417e-7,0.015132477426289525,8.578271554257557e-18,310.6608397303571
1e-10,9.401985062295095e-19,6.209212766249417e-7,0.015141992095036914,8.578271554257553e-18,310.660839730357
1e-10,9.406534684060812e-19,6.209212766249417e-7,0.015149319306934765,8.578271554257555e-18,310.66083973035705
1e-10,9.413635137519727e-19,6.209212766249417e-7,0.015160754659090052,8.578271554257558e-18,310.66083973035717
1e-10,9.416664489689266e-19,6.209212766249417e-7,0.015165633461417465,8.57827155425756e-18,310.6608397303572
1e-10,9.418552071186681e-19,6.209212766249417e-7,0.015168673430522205,8.578271554257564e-18,310.6608397303574
1e-10,9.422726016155798e-19,6.209212766249417e-7,0.01517539561113712,8.578271554257564e-18,310.6608397303574
1e-10,9.425120372704552e-19,6.209212766249417e-7,0.015179251746590827,8.578271554257567e-18,310.6608397303575
1e-10,9.432544295620823e-19,6.209212766249417e-7,0.015191208049580837,8.57827155425756e-18,310.6608397303572
1e-10,9.437260617299184e-19,6.209212766249417e-7,0.01519880373337508,8.578271554257563e-18,310.66083973035734
1e-10,9.44354136646666e-19,6.209212766249417e-7,0.015208918943473234,8.578271554257567e-18,310.6608397303575
1e-10,9.450870883917197e-19,6.209212766249417e-7,0.015220723205505254,8.578271554257575e-18,310.6608397303578
1e-10,9.451920249101008e-19,6.209212766249417e-7,0.015222413218753818,8.578271554257575e-18,310.6608397303578
1e-10,9.458373468580947e-19,6.209212766249417e-7,0.01523280619403567,8.578271554257575e-18,310.6608397303578
1e-10,9.461402620307749e-19,6.209212766249417e-7,0.015237684673548028,8.578271554257577e-18,310.66083973035785
1e-10,9.465617201610071e-19,6.209212766249417e-7,0.015244472299388828,8.578271554257572e-18,310.6608397303577
1e-10,9.471417493395168e-19,6.209212766249417e-7,0.015253813728010221,8.578271554257573e-18,310.66083973035774
1e-10,9.47561406987911e-19,6.209212766249417e-7,0.015260572356908806,8.578271554257573e-18,310.66083973035774
1e-10,9.478021109971098e-19,6.209212766249417e-7,0.015264448919337252,8.578271554257572e-18,310.6608397303577
1e-10,9.482566433531453e-19,6.209212766249417e-7,0.015271769208931871,8.578271554257567e-18,310.6608397303575
1e-10,9.485616820854595e-19,6.209212766249417e-7,0.015276681888587048,8.578271554257564e-18,310.6608397303574
1e-10,9.49068082430157e-19,6.209212766249417e-7,0.015284837517388336,8.578271554257567e-18,310.6608397303575
1e-10,9.49414773041811e-19,6.209212766249417e-7,0.015290421004775635,8.578271554257572e-18,310.6608397303577
1e-10,9.496981411660774e-19,6.209212766249417e-7,0.01529498467709504,8.578271554257572e-18,310.6608397303577
1e-10,9.498114859592388e-19,6.209212766249417e-7,0.015296810106459894,8.578271554257564e-18,310.6608397303574
1e-10,9.501103967685913e-19,6.209212766249417e-7,0.015301624095295601,8.578271554257567e-18,310.6608397303575
1e-10,9.507450794582911e-19,6.209212766249417e-7,0.015311845724245888,8.578271554257569e-18,310.66083973035757
1e-10,9.509968562262677e-19,6.209212766249417e-7,0.015315900614575063,8.57827155425757e-18,310.6608397303576
1e-10,9.51150284749939e-19,6.209212766249417e-7,0.015318371596476428,8.57827155425757e-18,310.6608397303576
1e-10,9.515607186164195e-19,6.209212766249417e-7,0.015324981675433804,8.578271554257569e-18,310.66083973035757
1e-10,9.519665951478743e-19,6.209212766249417e-7,0.015331518358049369,8.578271554257566e-18,310.66083973035745
1e-10,9.525707177184384e-19,6.209212766249417e-7,0.015341247813188156,8.578271554257563e-18,310.66083973035734
1e-10,9.529947621832511e-19,6.209212766249417e-7,0.015348077092209122,8.578271554257561e-18,310.6608397303573
1e-10,9.53571954953084e-19,6.209212766249417e-7,0.015357372840181719,8.578271554257566e-18,310.66083973035745
1e-10,9.538415589978404e-19,6.209212766249417e-7,0.015361714840607632,8.578271554257572e-18,310.6608397303577
1e-10,9.541312683549035e-19,6.209212766249417e-7,0.015366380639122991,8.578271554257577e-18,310.66083973035785
1e-10,9.545643144545598e-19,6.209212766249417e-7,0.01537335489038412,8.578271554257573e-18,310.66083973035774
1e-10,9.549810529651469e-19,6.209212766249417e-7,0.01538006650627289,8.578271554257569e-18,310.66083973035757
1e-10,9.55341276943085e-19,6.209212766249417e-7,0.015385867949893828,8.578271554257575e-18,310.6608397303578
1e-10,9.555525484327491e-19,6.209212766249417e-7,0.01538927049861647,8.578271554257578e-18,310.6608397303579
1e-10,9.559183849613765e-19,6.209212766249417e-7,0.015395162332934274,8.57827155425758e-18,310.66083973035796
1e-10,9.56450068095888e-19,6.209212766249417e-7,0.015403725143624246,8.578271554257583e-18,310.6608397303581
1e-10,9.570124298297612e-19,6.209212766249417e-7,0.015412782036261747,8.578271554257577e-18,310.66083973035785
1e-10,9.57188649783988e-19,6.209212766249417e-7,0.0154156200764588,8.578271554257581e-18,310.660839730358
1e-10,9.576626514006447e-19,6.209212766249417e-7,0.015423253920466099,8.578271554257581e-18,310.660839730358
1e-10,9.5802883934977e-19,6.209212766249417e-7,0.015429151414446588,8.578271554257577e-18,310.66083973035785
1e-10,9.583945806728364e-19,6.209212766249417e-7,0.015435041715469198,8.578271554257584e-18,310.66083973035813
1e-10,9.585855405237539e-19,6.209212766249417e-7,0.015438117143194197,8.578271554257581e-18,310.660839730358
1e-10,9.591138947654472e-19,6.209212766249417e-7,0.015446626341728435,8.578271554257575e-18,310.6608397303578
1e-10,9.595176573717822e-19,6.209212766249417e-7,0.015453128979366007,8.578271554257572e-18,310.6608397303577
1e-10,9.596428528367e-19,6.209212766249417e-7,0.015455145264998835,8.578271554257577e-18,310.66083973035785
1e-10,9.600875899571075e-19,6.209212766249417e-7,0.015462307801332346,8.578271554257575e-18,310.6608397303578
1e-10,9.603216315697783e-19,6.209212766249417e-7,0.015466077065190447,8.578271554257573e-18,310.66083973035774
1e-10,9.607962635962038e-19,6.209212766249417e-7,0.01547372106201087,8.578271554257573e-18,310.66083973035774
1e-10,9.613133727396509e-19,6.209212766249417e-7,0.015482049157099798,8.578271554257578e-18,310.6608397303579
1e-10,9.617692082327748e-19,6.209212766249417e-7,0.015489390433849108,8.57827155425757e-18,310.6608397303576
1e-10,9.62338238310399e-19,6.209212766249417e-7,0.015498554720837585,8.578271554257573e-18,310.66083973035774
1e-10,9.628984826564393e-19,6.209212766249417e-7,0.015507577512729749,8.578271554257567e-18,310.6608397303575
1e-10,9.632754404180102e-19,6.209212766249417e-7,0.015513648455629626,8.57827155425757e-18,310.6608397303576
1e-10,9.638393653779699e-19,6.209212766249417e-7,0.015522730524181455,8.578271554257567e-18,310.6608397303575
1e-10,9.644920452627809e-19,6.209212766249417e-7,0.015533241999780402,8.578271554257567e-18,310.6608397303575
1e-10,9.649750799943422e-19,6.209212766249417e-7,0.015541021323017429,8.57827155425757e-18,310.6608397303576
1e-10,9.655138670328623e-19,6.209212766249417e-7,0.015549698542800404,8.578271554257577e-18,310.66083973035785
1e-10,9.661208927353458e-19,6.209212766249417e-7,0.015559474753172564,8.57827155425757e-18,310.6608397303576
1e-10,9.667446457517249e-19,6.209212766249417e-7,0.01556952035862789,8.578271554257578e-18,310.6608397303579
1e-10,9.672473397530578e-19,6.209212766249417e-7,0.015577616296394193,8.578271554257572e-18,310.6608397303577
1e-10,9.67603057131681e-19,6.209212766249417e-7,0.01558334516077708,8.57827155425757e-18,310.6608397303576
1e-10,9.682259337161943e-19,6.209212766249417e-7,0.015593376651208506,8.578271554257573e-18,310.66083973035774
1e-10,9.686743558385537e-19,6.209212766249417e-7,0.015600598534871387,8.578271554257575e-18,310.6608397303578
1e-10,9.689991478889257e-19,6.209212766249417e-7,0.01560582934371301,8.57827155425757e-18,310.6608397303576
1e-10,9.69369892298643e-19,6.209212766249417e-7,0.015611800219952465,8.578271554257573e-18,310.66083973035774
1e-10,9.697637401868689e-19,6.209212766249417e-7,0.015618143180051476,8.57827155425757e-18,310.6608397303576
1e-10,9.702269858642643e-19,6.209212766249417e-7,0.01562560379856842,8.578271554257569e-18,310.66083973035757
1e-10,9.707615148572645e-19,6.209212766249417e-7,0.015634212442097367,8.578271554257566e-18,310.66083973035745
1e-10,9.709475030507975e-19,6.209212766249417e-7,0.01563720780077704,8.578271554257564e-18,310.6608397303574
1e-10,9.714452485795282e-19,6.209212766249417e-7,0.015645224042891277,8.578271554257573e-18,310.66083973035774
1e-10,9.717522830830244e-19,6.209212766249417e-7,0.015650168864643318,8.578271554257566e-18,310.66083973035745
1e-10,9.722355232896383e-19,6.209212766249417e-7,0.015657951497076862,8.578271554257561e-18,310.6608397303573
1e-10,9.72441269009637e-19,6.209212766249417e-7,0.015661265052719812,8.578271554257564e-18,310.6608397303574
1e-10,9.728988069776903e-19,6.209212766249417e-7,0.01566863374800016,8.578271554257558e-18,310.66083973035717
1e-10,9.734002194621702e-19,6.209212766249417e-7,0.01567670904680785,8.578271554257558e-18,310.66083973035717
1e-10,9.738513570642438e-19,6.209212766249417e-7,0.015683974663546346,8.578271554257563e-18,310.66083973035734
1e-10,9.742538751348352e-19,6.209212766249417e-7,0.015690457257809817,8.578271554257569e-18,310.66083973035757
1e-10,9.744567684527512e-19,6.209212766249417e-7,0.015693724875228545,8.578271554257569e-18,310.66083973035757
1e-10,9.74730024268479e-19,6.209212766249417e-7,0.01569812568779553,8.578271554257564e-18,310.6608397303574
1e-10,9.750579230674617e-19,6.209212766249417e-7,0.01570340653113794,8.578271554257558e-18,310.66083973035717
1e-10,9.753678945555636e-19,6.209212766249417e-7,0.015708398653324296,8.578271554257564e-18,310.6608397303574
1e-10,9.759695304372323e-19,6.209212766249417e-7,0.015718088060086757,8.57827155425756e-18,310.6608397303572
1e-10,9.762349588241756e-19,6.209212766249417e-7,0.015722362811120997,8.578271554257566e-18,310.66083973035745
1e-10,9.766428835347302e-19,6.209212766249417e-7,0.015728932479868247,8.578271554257557e-18,310.6608397303571
1e-10,9.771453772610219e-19,6.209212766249417e-7,0.015737025192184742,8.578271554257558e-18,310.66083973035717
1e-10,9.775982619715701e-19,6.209212766249417e-7,0.01574431894628204,8.578271554257563e-18,310.66083973035734
1e-10,9.778432063113404e-19,6.209212766249417e-7,0.015748263799663483,8.578271554257555e-18,310.66083973035705
1e-10,9.780433419772255e-19,6.209212766249417e-7,0.01575148700481717,8.57827155425756e-18,310.6608397303572
1e-10,9.784095919505732e-19,6.209212766249417e-7,0.015757385497704036,8.578271554257564e-18,310.6608397303574
1e-10,9.787838587265877e-19,6.209212766249417e-7,0.01576341310200919,8.578271554257558e-18,310.66083973035717
1e-10,9.791766473597085e-19,6.209212766249417e-7,0.01576973900269753,8.578271554257549e-18,310.6608397303568
1e-10,9.793775290436539e-19,6.209212766249417e-7,0.015772974222547576,8.578271554257547e-18,310.66083973035677
1e-10,9.798203388487589e-19,6.209212766249417e-7,0.015780105719273088,8.578271554257549e-18,310.6608397303568
1e-10,9.8010448035678e-19,6.209212766249417e-7,0.015784681847016133,8.578271554257555e-18,310.66083973035705
1e-10,9.806622058908656e-19,6.209212766249417e-7,0.01579366407318685,8.57827155425756e-18,310.6608397303572
1e-10,9.810926443989504e-19,6.209212766249417e-7,0.01580059632892182,8.57827155425755e-18,310.6608397303569
1e-10,9.813030756792548e-19,6.209212766249417e-7,0.015803985345987693,8.578271554257555e-18,310.66083973035705
1e-10,9.8164146630556e-19,6.209212766249417e-7,0.01580943516127095,8.578271554257564e-18,310.6608397303574
1e-10,9.817426419389503e-19,6.209212766249417e-7,0.01581106460508612,8.578271554257561e-18,310.6608397303573
1e-10,9.825199754578973e-19,6.209212766249417e-7,0.015823583640078322,8.578271554257564e-18,310.6608397303574
1e-10,9.830606328860154e-19,6.209212766249417e-7,0.015832290982675065,8.578271554257564e-18,310.6608397303574
1e-10,9.833187229116783e-19,6.209212766249417e-7,0.01583644754865821,8.578271554257564e-18,310.6608397303574
1e-10,9.837572487268546e-19,6.209212766249417e-7,0.015843510051292357,8.578271554257558e-18,310.66083973035717
1e-10,9.843718859179954e-19,6.209212766249417e-7,0.015853408845459657,8.578271554257566e-18,310.66083973035745
1e-10,9.846750297592298e-19,6.209212766249417e-7,0.015858291007702224,8.578271554257567e-18,310.6608397303575
1e-10,9.850988521709197e-19,6.209212766249417e-7,0.015865116710535178,8.578271554257569e-18,310.66083973035757
1e-10,9.854567167048363e-19,6.209212766249417e-7,0.015870880155071362,8.578271554257569e-18,310.66083973035757
1e-10,9.85913501750492e-19,6.209212766249417e-7,0.015878236724460298,8.578271554257569e-18,310.66083973035757
1e-10,9.862344574725253e-19,6.209212766249417e-7,0.01588340574884577,8.578271554257561e-18,310.6608397303573
1e-10,9.866007687840599e-19,6.209212766249417e-7,0.015889305229590346,8.578271554257561e-18,310.6608397303573
1e-10,9.870643849066225e-19,6.209212766249417e-7,0.0158967718141642,8.57827155425756e-18,310.6608397303572
1e-10,9.873698890612316e-19,6.209212766249417e-7,0.01590169198949254,8.578271554257563e-18,310.66083973035734
1e-10,9.876720500105144e-19,6.209212766249417e-7,0.01590655832216075,8.578271554257566e-18,310.66083973035745
1e-10,9.881761145027433e-19,6.209212766249417e-7,0.015914676331821635,8.578271554257561e-18,310.6608397303573
1e-10,9.885869570116554e-19,6.209212766249417e-7,0.015921292992006727,8.578271554257566e-18,310.66083973035745
1e-10,9.889994220890405e-19,6.209212766249417e-7,0.015927935783821286,8.578271554257557e-18,310.6608397303571
1e-10,9.896421899608435e-19,6.209212766249417e-7,0.015938287625447602,8.578271554257558e-18,310.66083973035717
1e-10,9.899365919502549e-19,6.209212766249417e-7,0.015943028999281843,8.578271554257558e-18,310.66083973035717
1e-10,9.904812624058844e-19,6.209212766249417e-7,0.015951800972092797,8.578271554257563e-18,310.66083973035734
1e-10,9.908746205230321e-19,6.209212766249417e-7,0.015958136044379026,8.57827155425757e-18,310.6608397303576
1e-10,9.914540642168083e-19,6.209212766249417e-7,0.01596746804370953,8.578271554257563e-18,310.66083973035734
1e-10,9.918335511310132e-19,6.209212766249417e-7,0.015973579718868543,8.578271554257563e-18,310.66083973035734
1e-10,9.924256028428688e-19,6.209212766249417e-7,0.015983114771606206,8.578271554257561e-18,310.6608397303573
1e-10,9.927799566138202e-19,6.209212766249417e-7,0.01598882167494953,8.578271554257564e-18,310.6608397303574
1e-10,9.933596142731545e-19,6.209212766249417e-7,0.015998157120217005,8.578271554257566e-18,310.66083973035745
1e-10,9.936036127060082e-19,6.209212766249417e-7,0.01600208673967183,8.578271554257569e-18,310.66083973035757
1e-10,9.938776446046267e-19,6.209212766249417e-7,0.016006500051132307,8.578271554257566e-18,310.66083973035745
1e-10,9.943136792935017e-19,6.209212766249417e-7,0.016013522433925263,8.578271554257569e-18,310.66083973035757
1e-10,9.946692650557998e-19,6.209212766249417e-7,0.01601924917861391,8.57827155425757e-18,310.6608397303576
1e-10,9.950798732980524e-19,6.209212766249417e-7,0.016025862065910744,8.578271554257564e-18,310.6608397303574
1e-10,9.956010337299813e-19,6.209212766249417e-7,0.01603425540741068,8.578271554257566e-18,310.66083973035745
1e-10,9.960945176049176e-19,6.209212766249417e-7,0.016042203015159257,8.578271554257569e-18,310.66083973035757
1e-10,9.966134521054762e-19,6.209212766249417e-7,0.016050560507809203,8.578271554257569e-18,310.66083973035757
1e-10,9.968721360099924e-19,6.209212766249417e-7,0.016054726638271382,8.578271554257567e-18,310.6608397303575
1e-10,9.972314161124133e-19,6.209212766249417e-7,0.01606051288068159,8.578271554257566e-18,310.66083973035745
1e-10,9.978340151808134e-19,6.209212766249417e-7,0.016070217799663843,8.578271554257564e-18,310.6608397303574
1e-10,9.982250755393752e-19,6.209212766249417e-7,0.0160765158663155,8.578271554257569e-18,310.66083973035757
1e-10,9.986006190188596e-19,6.209212766249417e-7,0.016082564032059245,8.578271554257569e-18,310.66083973035757
1e-10,9.987344527685085e-19,6.209212766249417e-7,0.016084719438141902,8.578271554257569e-18,310.66083973035757
1e-10,9.989673653975195e-19,6.209212766249417e-7,0.016088470519603906,8.578271554257569e-18,310.66083973035757
1e-10,9.992000085442927e-19,6.209212766249417e-7,0.016092217261027192,8.578271554257569e-18,310.66083973035757
1e-10,1.0000349156288634e-18,6.209212766249417e-7,0.01610566352412046,8.578271554257563e-18,310.66083973035734
1e-10,1.0002786272435272e-18,6.209212766249417e-7,0.016109588524339306,8.578271554257563e-18,310.66083973035734
1e-10,1.0005694479448557e-18,6.209212766249417e-7,0.016114272221166532,8.578271554257563e-18,310.66083973035734
1e-10,1.0010146985911786e-18,6.209212766249417e-7,0.01612144302788688,8.578271554257561e-18,310.6608397303573
1e-10,1.0012451174304864e-18,6.209212766249417e-7,0.016125153946613326,8.57827155425756e-18,310.6608397303572
1e-10,1.0015364497604791e-18,6.209212766249417e-7,0.01612984588327197,8.578271554257561e-18,310.6608397303573
1e-10,1.0018044648597438e-18,6.209212766249417e-7,0.01613416229356993,8.578271554257555e-18,310.66083973035705
1e-10,1.0020739648015145e-18,6.209212766249417e-7,0.016138502617406722,8.57827155425755e-18,310.6608397303569
1e-10,1.002207336052377e-18,6.209212766249417e-7,0.016140650574899617,8.578271554257544e-18,310.66083973035666
1e-10,1.0023902852834105e-18,6.209212766249417e-7,0.016143596990780676,8.578271554257544e-18,310.66083973035666
1e-10,1.0029878136205454e-18,6.209212766249417e-7,0.016153220245122724,8.578271554257546e-18,310.6608397303567
1e-10,1.0032799167341751e-18,6.209212766249417e-7,0.016157924595329845,8.578271554257543e-18,310.6608397303566
1e-10,1.003490817068481e-18,6.209212766249417e-7,0.016161321166557878,8.578271554257543e-18,310.6608397303566
1e-10,1.0039216563555115e-18,6.209212766249417e-7,0.01616825987687833,8.578271554257544e-18,310.66083973035666
1e-10,1.0043184658663522e-18,6.209212766249417e-7,0.016174650534209283,8.578271554257546e-18,310.6608397303567
1e-10,1.0048225753372605e-18,6.209212766249417e-7,0.016182769268256347,8.578271554257544e-18,310.66083973035666
1e-10,1.0050658465520328e-18,6.209212766249417e-7,0.01618668717579037,8.578271554257546e-18,310.6608397303567
1e-10,1.005664871817517e-18,6.209212766249417e-7,0.016196334538314976,8.578271554257546e-18,310.6608397303567
1e-10,1.0061658171050902e-18,6.209212766249417e-7,0.016204402312869202,8.578271554257553e-18,310.660839730357
1e-10,1.0065658466727735e-18,6.209212766249417e-7,0.016210844829541486,8.578271554257553e-18,310.660839730357
1e-10,1.0067966276189277e-18,6.209212766249417e-7,0.016214561580035345,8.57827155425756e-18,310.6608397303572
1e-10,1.0071563826235532e-18,6.209212766249417e-7,0.01622035547079362,8.578271554257561e-18,310.6608397303573
1e-10,1.0075207590414023e-18,6.209212766249417e-7,0.01622622378987957,8.578271554257558e-18,310.66083973035717
1e-10,1.0081064952090555e-18,6.209212766249417e-7,0.016235657130138696,8.57827155425756e-18,310.6608397303572
1e-10,1.008714462792577e-18,6.209212766249417e-7,0.016245448509600295,8.578271554257564e-18,310.6608397303574
1e-10,1.0089530200867826e-18,6.209212766249417e-7,0.016249290498966517,8.578271554257563e-18,310.66083973035734
1e-10,1.009520999731096e-18,6.209212766249417e-7,0.016258437868620215,8.578271554257561e-18,310.6608397303573
1e-10,1.0100050094682145e-18,6.209212766249417e-7,0.016266232894420415,8.578271554257566e-18,310.66083973035745
1e-10,1.0101652232046925e-18,6.209212766249417e-7,0.016268813152860728,8.578271554257563e-18,310.66083973035734
1e-10,1.0106311602053073e-18,6.209212766249417e-7,0.016276317115410496,8.578271554257557e-18,310.6608397303571
1e-10,1.0109898740404722e-18,6.209212766249417e-7,0.01628209423802924,8.578271554257557e-18,310.6608397303571
1e-10,1.0112785878381548e-18,6.209212766249417e-7,0.01628674400296002,8.578271554257563e-18,310.66083973035734
1e-10,1.0117290548053602e-18,6.209212766249417e-7,0.016293998819056094,8.578271554257561e-18,310.6608397303573
1e-10,1.0122409993025342e-18,6.209212766249417e-7,0.01630224373699411,8.57827155425756e-18,310.6608397303572
1e-10,1.0129458932186644e-18,6.209212766249417e-7,0.01631359612485174,8.57827155425756e-18,310.6608397303572
1e-10,1.0137266825599543e-18,6.209212766249417e-7,0.01632617081621252,8.57827155425756e-18,310.6608397303572
1e-10,1.0142471426093126e-18,6.209212766249417e-7,0.01633455287798027,8.578271554257558e-18,310.66083973035717
1e-10,1.0145983803174338e-18,6.209212766249417e-7,0.01634020959681636,8.578271554257561e-18,310.6608397303573
1e-10,1.014990913048359e-18,6.209212766249417e-7,0.016346531376173944,8.578271554257564e-18,310.6608397303574
1e-10,1.0155428770239357e-18,6.209212766249417e-7,0.01635542081186178,8.578271554257566e-18,310.66083973035745
1e-10,1.0161045435733893e-18,6.209212766249417e-7,0.016364466508483846,8.578271554257573e-18,310.66083973035774
1e-10,1.0166257229254032e-18,6.209212766249417e-7,0.016372860154693667,8.57827155425757e-18,310.6608397303576
1e-10,1.0172859348795295e-18,6.209212766249417e-7,0.016383492935031215,8.578271554257566e-18,310.66083973035745
1e-10,1.0174238360717367e-18,6.209212766249417e-7,0.01638571384768792,8.578271554257567e-18,310.6608397303575
1e-10,1.017880960069941e-18,6.209212766249417e-7,0.01639307587594195,8.578271554257566e-18,310.66083973035745
1e-10,1.0181774617892573e-18,6.209212766249417e-7,0.016397851066138815,8.578271554257566e-18,310.66083973035745
1e-10,1.0183532579891025e-18,6.209212766249417e-7,0.016400682281728668,8.578271554257561e-18,310.6608397303573
1e-10,1.0185484095509953e-18,6.209212766249417e-7,0.016403825217383143,8.578271554257563e-18,310.66083973035734
1e-10,1.0189977856030952e-18,6.209212766249417e-7,0.016411062464181038,8.578271554257558e-18,310.66083973035717
1e-10,1.0194920230677867e-18,6.209212766249417e-7,0.016419022208568893,8.578271554257555e-18,310.66083973035705
1e-10,1.019895098896348e-18,6.209212766249417e-7,0.016425513785580916,8.578271554257557e-18,310.6608397303571
1e-10,1.0204297099888492e-18,6.209212766249417e-7,0.01643412375133063,8.578271554257553e-18,310.660839730357
1e-10,1.021057360522618e-18,6.209212766249417e-7,0.016444232126697964,8.578271554257557e-18,310.6608397303571
1e-10,1.0215064043524982e-18,6.209212766249417e-7,0.01645146402302339,8.578271554257561e-18,310.6608397303573
1e-10,1.0218728467495525e-18,6.209212766249417e-7,0.016457365614913528,8.578271554257564e-18,310.6608397303574
1e-10,1.0221265454105664e-18,6.209212766249417e-7,0.016461451457524572,8.578271554257553e-18,310.660839730357
1e-10,1.0224323197500573e-18,6.209212766249417e-7,0.016466375984207776,8.578271554257558e-18,310.66083973035717
1e-10,1.0227317011852277e-18,6.209212766249417e-7,0.01647119755251991,8.578271554257555e-18,310.66083973035705
1e-10,1.0232745662744408e-18,6.209212766249417e-7,0.01647994044972201,8.57827155425755e-18,310.6608397303569
1e-10,1.0237883528047871e-18,6.209212766249417e-7,0.01648821503379069,8.578271554257552e-18,310.66083973035694
1e-10,1.0242391622183305e-18,6.209212766249417e-7,0.016495475365019694,8.578271554257552e-18,310.66083973035694
1e-10,1.0246147593344012e-18,6.209212766249417e-7,0.01650152439458609,8.57827155425755e-18,310.6608397303569
1e-10,1.0249843642481242e-18,6.209212766249417e-7,0.016507476919127236,8.57827155425755e-18,310.6608397303569
1e-10,1.0252577089981011e-18,6.209212766249417e-7,0.0165118791639893,8.578271554257555e-18,310.66083973035705
1e-10,1.0260465559866458e-18,6.209212766249417e-7,0.016524583624574585,8.57827155425756e-18,310.6608397303572
1e-10,1.0265213484915076e-18,6.209212766249417e-7,0.01653223020591647,8.578271554257557e-18,310.6608397303571
1e-10,1.0267746363202883e-18,6.209212766249417e-7,0.016536309432032822,8.57827155425756e-18,310.6608397303572
1e-10,1.0271821523103519e-18,6.209212766249417e-7,0.0165428725182952,8.578271554257563e-18,310.66083973035734
1e-10,1.0275253222027228e-18,6.209212766249417e-7,0.01654839930414213,8.578271554257569e-18,310.66083973035757
1e-10,1.0281081210701053e-18,6.209212766249417e-7,0.016557785338883125,8.57827155425756e-18,310.6608397303572
1e-10,1.028564430594389e-18,6.209212766249417e-7,0.016565134249952238,8.578271554257553e-18,310.660839730357
1e-10,1.0290982870685438e-18,6.209212766249417e-7,0.016573732062497116,8.578271554257549e-18,310.6608397303568
1e-10,1.029519617494746e-18,6.209212766249417e-7,0.01658051763165159,8.578271554257552e-18,310.66083973035694
1e-10,1.030356123024761e-18,6.209212766249417e-7,0.01659398963787051,8.57827155425755e-18,310.6608397303569
1e-10,1.0307544127535641e-18,6.209212766249417e-7,0.01660040413426155,8.578271554257552e-18,310.66083973035694
1e-10,1.031245124107538e-18,6.209212766249417e-7,0.01660830709027944,8.578271554257549e-18,310.6608397303568
1e-10,1.0315720429879546e-18,6.209212766249417e-7,0.016613572151934174,8.578271554257553e-18,310.660839730357
1e-10,1.031869952491804e-18,6.209212766249417e-7,0.016618370014643415,8.578271554257552e-18,310.66083973035694
1e-10,1.032294172076022e-18,6.209212766249417e-7,0.01662520211398013,8.578271554257549e-18,310.6608397303568
1e-10,1.032578102512652e-18,6.209212766249417e-7,0.01662977484239706,8.578271554257546e-18,310.6608397303567
1e-10,1.0332168802853306e-18,6.209212766249417e-7,0.016640062423073157,8.578271554257544e-18,310.66083973035666
1e-10,1.0334476241272938e-18,6.209212766249417e-7,0.016643778576000266,8.57827155425754e-18,310.6608397303565
1e-10,1.0338085479527447e-18,6.209212766249417e-7,0.016649591290736225,8.578271554257544e-18,310.66083973035666
1e-10,1.0342632629609163e-18,6.209212766249417e-7,0.01665691452196198,8.578271554257544e-18,310.66083973035666
1e-10,1.0345539750279168e-18,6.209212766249417e-7,0.01666159646922236,8.57827155425755e-18,310.6608397303569
1e-10,1.0351644470722497e-18,6.209212766249417e-7,0.016671428183278787,8.578271554257547e-18,310.66083973035677
1e-10,1.0355854146123508e-18,6.209212766249417e-7,0.016678207908115878,8.578271554257546e-18,310.6608397303567
1e-10,1.0361173320098425e-18,6.209212766249417e-7,0.016686774491634852,8.578271554257544e-18,310.66083973035666
1e-10,1.0366621454719285e-18,6.209212766249417e-7,0.016695548767579258,8.578271554257544e-18,310.66083973035666
1e-10,1.0370727372603396e-18,6.209212766249417e-7,0.016702161389885308,8.57827155425755e-18,310.6608397303569
1e-10,1.0375242473237187e-18,6.209212766249417e-7,0.016709433005150827,8.578271554257549e-18,310.6608397303568
1e-10,1.038033803789954e-18,6.209212766249417e-7,0.016717639463608894,8.578271554257553e-18,310.660839730357
1e-10,1.038433207015803e-18,6.209212766249417e-7,0.01672407189298255,8.578271554257552e-18,310.66083973035694
1e-10,1.0386345387386515e-18,6.209212766249417e-7,0.01672731436075468,8.578271554257549e-18,310.6608397303568
1e-10,1.03900369582071e-18,6.209212766249417e-7,0.016733259672921545,8.578271554257543e-18,310.6608397303566
1e-10,1.0394251489470685e-18,6.209212766249417e-7,0.01674004721817445,8.578271554257549e-18,310.6608397303568
1e-10,1.0396605674593426e-18,6.209212766249417e-7,0.016743838657140013,8.578271554257543e-18,310.6608397303566
1e-10,1.0401655111905835e-18,6.209212766249417e-7,0.01675197082703417,8.578271554257543e-18,310.6608397303566
1e-10,1.0405351689794332e-18,6.209212766249417e-7,0.01675792420313458,8.578271554257543e-18,310.6608397303566
1e-10,1.0410084184124873e-18,6.209212766249417e-7,0.016765545933148832,8.578271554257541e-18,310.66083973035654
1e-10,1.0415108531007177e-18,6.209212766249417e-7,0.01677363769465138,8.578271554257544e-18,310.66083973035666
1e-10,1.041863493216895e-18,6.209212766249417e-7,0.01677931699941114,8.578271554257547e-18,310.66083973035677
1e-10,1.0422680858892703e-18,6.209212766249417e-7,0.016785833005346296,8.578271554257544e-18,310.66083973035666
1e-10,1.0426208314243715e-18,6.209212766249417e-7,0.016791514007888492,8.57827155425755e-18,310.6608397303569
1e-10,1.0431668188628614e-18,6.209212766249417e-7,0.016800307190841697,8.578271554257557e-18,310.6608397303571
1e-10,1.0434043165936518e-18,6.209212766249417e-7,0.01680413211583189,8.57827155425756e-18,310.6608397303572
1e-10,1.0438779672314198e-18,6.209212766249417e-7,0.016811760307288662,8.578271554257557e-18,310.6608397303571
1e-10,1.0442753483750483e-18,6.209212766249417e-7,0.016818160170823514,8.578271554257555e-18,310.66083973035705
1e-10,1.0445023474558533e-18,6.209212766249417e-7,0.016821816013993178,8.578271554257546e-18,310.6608397303567
1e-10,1.0447933948901443e-18,6.209212766249417e-7,0.016826503362377714,8.578271554257544e-18,310.66083973035666
1e-10,1.0451326599324445e-18,6.209212766249417e-7,0.01683196726021907,8.578271554257553e-18,310.660839730357
1e-10,1.0456070348969457e-18,6.209212766249417e-7,0.016839607117031186,8.578271554257558e-18,310.66083973035717
1e-10,1.0460270791274255e-18,6.209212766249417e-7,0.01684637197187338,8.578271554257553e-18,310.660839730357
1e-10,1.0465815804112428e-18,6.209212766249417e-7,0.01685530227116722,8.578271554257553e-18,310.660839730357
1e-10,1.0468543445439327e-18,6.209212766249417e-7,0.016859695165129116,8.578271554257555e-18,310.66083973035705
1e-10,1.0470560665230294e-18,6.209212766249417e-7,0.016862943918017615,8.578271554257552e-18,310.66083973035694
1e-10,1.0474779468081967e-18,6.209212766249417e-7,0.01686973834270637,8.578271554257557e-18,310.6608397303571
1e-10,1.0478135299949989e-18,6.209212766249417e-7,0.016875142943892307,8.578271554257558e-18,310.66083973035717
1e-10,1.0481696895056478e-18,6.209212766249417e-7,0.016880878928856213,8.578271554257555e-18,310.66083973035705
1e-10,1.0486527940118798e-18,6.209212766249417e-7,0.016888659375821374,8.57827155425756e-18,310.6608397303572
1e-10,1.0490748086952027e-18,6.209212766249417e-7,0.016895455965006023,8.578271554257558e-18,310.66083973035717
1e-10,1.0492727010032676e-18,6.209212766249417e-7,0.01689864304065498,8.578271554257553e-18,310.660839730357
1e-10,1.049794553970205e-18,6.209212766249417e-7,0.016907047535501315,8.578271554257563e-18,310.66083973035734
1e-10,1.0505339962851919e-18,6.209212766249417e-7,0.01691895632881898,8.578271554257566e-18,310.66083973035745
1e-10,1.0510187837186616e-18,6.209212766249417e-7,0.016926763879497625,8.578271554257567e-18,310.6608397303575
1e-10,1.05142043488464e-18,6.209212766249417e-7,0.016933232512174566,8.578271554257564e-18,310.6608397303574
1e-10,1.0518667947608527e-18,6.209212766249417e-7,0.016940421183154548,8.578271554257567e-18,310.6608397303575
1e-10,1.0521999330877132e-18,6.209212766249417e-7,0.016945786409623697,8.578271554257566e-18,310.66083973035745
1e-10,1.0526531651577474e-18,6.209212766249417e-7,0.01695308575798067,8.578271554257563e-18,310.66083973035734
1e-10,1.0533754679051149e-18,6.209212766249417e-7,0.016964718516827227,8.578271554257564e-18,310.6608397303574
1e-10,1.05361376793111e-18,6.209212766249417e-7,0.016968556362862885,8.578271554257561e-18,310.6608397303573
1e-10,1.0545255353594158e-18,6.209212766249417e-7,0.01698324046957061,8.578271554257561e-18,310.6608397303573
1e-10,1.0550082661960817e-18,6.209212766249417e-7,0.01699101489854959,8.578271554257558e-18,310.66083973035717
1e-10,1.0552897650745184e-18,6.209212766249417e-7,0.016995548466475736,8.578271554257555e-18,310.66083973035705
1e-10,1.0557710490557432e-18,6.209212766249417e-7,0.01700329959370141,8.578271554257553e-18,310.660839730357
1e-10,1.0560588700325792e-18,6.209212766249417e-7,0.0170079349796621,8.578271554257546e-18,310.6608397303567
1e-10,1.056353731963507e-18,6.209212766249417e-7,0.017012683760901013,8.578271554257552e-18,310.66083973035694
1e-10,1.0568334804170924e-18,6.209212766249417e-7,0.01702041015829865,8.57827155425755e-18,310.6608397303569
1e-10,1.0572954813352169e-18,6.209212766249417e-7,0.017027850729841563,8.578271554257557e-18,310.6608397303571
1e-10,1.057779019281587e-18,6.209212766249417e-7,0.017035638157404016,8.57827155425756e-18,310.6608397303572
1e-10,1.0580965337039167e-18,6.209212766249417e-7,0.017040751759309487,8.578271554257558e-18,310.66083973035717
1e-10,1.05866798910831e-18,6.209212766249417e-7,0.017049955106431033,8.578271554257558e-18,310.66083973035717
1e-10,1.0590585923605438e-18,6.209212766249417e-7,0.017056245811339018,8.578271554257555e-18,310.66083973035705
1e-10,1.059407512081655e-18,6.209212766249417e-7,0.017061865198759723,8.57827155425756e-18,310.6608397303572
1e-10,1.0599662912771918e-18,6.209212766249417e-7,0.017070864394254745,8.578271554257557e-18,310.6608397303571
1e-10,1.060357025850688e-18,6.209212766249417e-7,0.01707715721410495,8.57827155425755e-18,310.6608397303569
1e-10,1.0607732251544163e-18,6.209212766249417e-7,0.01708386014601269,8.57827155425755e-18,310.6608397303569
1e-10,1.0610190329198327e-18,6.209212766249417e-7,0.017087818904951545,8.578271554257555e-18,310.66083973035705
1e-10,1.0614124504474296e-18,6.209212766249417e-7,0.01709415493404907,8.578271554257552e-18,310.66083973035694
1e-10,1.0618052271197847e-18,6.209212766249417e-7,0.017100480642108073,8.578271554257547e-18,310.66083973035677
1e-10,1.0624363067595666e-18,6.209212766249417e-7,0.017110644243574787,8.578271554257549e-18,310.6608397303568
1e-10,1.0627916124020295e-18,6.209212766249417e-7,0.01711636647690514,8.578271554257553e-18,310.660839730357
1e-10,1.0631296207779258e-18,6.209212766249417e-7,0.01712181013600688,8.578271554257555e-18,310.66083973035705
1e-10,1.0635328170866307e-18,6.209212766249417e-7,0.017128303653363805,8.57827155425755e-18,310.6608397303569
1e-10,1.0639259446877904e-18,6.209212766249417e-7,0.01713463501316672,8.578271554257553e-18,310.660839730357
1e-10,1.0642200091634354e-18,6.209212766249417e-7,0.017139370951307596,8.578271554257549e-18,310.6608397303568
1e-10,1.06489674869577e-18,6.209212766249417e-7,0.017150269909964853,8.578271554257546e-18,310.6608397303567
1e-10,1.0653590101000513e-18,6.209212766249417e-7,0.017157714676663684,8.578271554257547e-18,310.66083973035677
1e-10,1.0656199001299178e-18,6.209212766249417e-7,0.017161916336997898,8.578271554257552e-18,310.66083973035694
1e-10,1.0660797977734294e-18,6.209212766249417e-7,0.017169323035090313,8.578271554257555e-18,310.66083973035705
1e-10,1.0664224268354735e-18,6.209212766249417e-7,0.017174841110810093,8.578271554257553e-18,310.660839730357
1e-10,1.0672085635431497e-18,6.209212766249417e-7,0.0171875019220477,8.578271554257555e-18,310.66083973035705
1e-10,1.0677635286802869e-18,6.209212766249417e-7,0.0171964396917462,8.578271554257553e-18,310.660839730357
1e-10,1.0680560314961765e-18,6.209212766249417e-7,0.01720115047919867,8.578271554257558e-18,310.66083973035717
1e-10,1.0683775354772233e-18,6.209212766249417e-7,0.01720632833335104,8.578271554257563e-18,310.66083973035734
1e-10,1.0688998828206158e-18,6.209212766249417e-7,0.01721474079018022,8.578271554257557e-18,310.6608397303571
1e-10,1.0692508591343215e-18,6.209212766249417e-7,0.01722039329923279,8.578271554257561e-18,310.6608397303573
1e-10,1.0696648369431834e-18,6.209212766249417e-7,0.01722706045374088,8.578271554257566e-18,310.66083973035745
1e-10,1.0699140468777474e-18,6.209212766249417e-7,0.017231074004958172,8.578271554257566e-18,310.66083973035745
1e-10,1.070048523880069e-18,6.209212766249417e-7,0.017233239770690224,8.578271554257558e-18,310.66083973035717
1e-10,1.0703432650628936e-18,6.209212766249417e-7,0.017237986607268715,8.578271554257558e-18,310.66083973035717
1e-10,1.0708715652069168e-18,6.209212766249417e-7,0.017246494934554497,8.578271554257557e-18,310.6608397303571
1e-10,1.0711470672732741e-18,6.209212766249417e-7,0.0172509319232152,8.578271554257552e-18,310.66083973035694
1e-10,1.0713601481777712e-18,6.209212766249417e-7,0.017254363612746845,8.57827155425755e-18,310.6608397303569
1e-10,1.0716392550606577e-18,6.209212766249417e-7,0.017258858657342575,8.578271554257552e-18,310.66083973035694
1e-10,1.0718148844936282e-18,6.209212766249417e-7,0.01726168718713503,8.57827155425756e-18,310.6608397303572
1e-10,1.0720623789878395e-18,6.209212766249417e-7,0.017265673111011834,8.578271554257557e-18,310.6608397303571
1e-10,1.0723932529204241e-18,6.209212766249417e-7,0.017271001869182,8.57827155425756e-18,310.6608397303572
1e-10,1.0727335782853686e-18,6.209212766249417e-7,0.017276482843626848,8.57827155425756e-18,310.6608397303572
1e-10,1.073034532828523e-18,6.209212766249417e-7,0.01728132974700227,8.578271554257561e-18,310.6608397303573
1e-10,1.0732583833497462e-18,6.209212766249417e-7,0.017284934882301223,8.578271554257557e-18,310.6608397303571
1e-10,1.0735595803172636e-18,6.209212766249417e-7,0.017289785689945547,8.57827155425757e-18,310.6608397303576
1e-10,1.0741423647920157e-18,6.209212766249417e-7,0.01729917149289177,8.57827155425758e-18,310.66083973035796
1e-10,1.074493613592879e-18,6.209212766249417e-7,0.017304828390377596,8.578271554257581e-18,310.660839730358
1e-10,1.0748956657876167e-18,6.209212766249417e-7,0.01731130348166329,8.578271554257583e-18,310.6608397303581
1e-10,1.0753865635983318e-18,6.209212766249417e-7,0.01731920944058587,8.578271554257581e-18,310.660839730358
1e-10,1.0759998281957931e-18,6.209212766249417e-7,0.017329086128993046,8.578271554257581e-18,310.660839730358
1e-10,1.076328158625054e-18,6.209212766249417e-7,0.017334373923784775,8.578271554257581e-18,310.660839730358
1e-10,1.076615882825155e-18,6.209212766249417e-7,0.017339007751146347,8.578271554257578e-18,310.6608397303579
1e-10,1.0770484261381433e-18,6.209212766249417e-7,0.017345973904977306,8.578271554257575e-18,310.6608397303578
1e-10,1.0773817488857706e-18,6.209212766249417e-7,0.017351342101561567,8.578271554257572e-18,310.6608397303577
1e-10,1.0776807274098704e-18,6.209212766249417e-7,0.01735615718095013,8.578271554257567e-18,310.6608397303575
1e-10,1.078241028928527e-18,6.209212766249417e-7,0.017365180893613066,8.578271554257567e-18,310.6608397303575
1e-10,1.0786306266991464e-18,6.209212766249417e-7,0.017371455405137893,8.578271554257572e-18,310.6608397303577
1e-10,1.0789758379192284e-18,6.209212766249417e-7,0.017377015066774203,8.578271554257575e-18,310.6608397303578
1e-10,1.0795455804797606e-18,6.209212766249417e-7,0.01738619082837202,8.57827155425757e-18,310.6608397303576
1e-10,1.080025755175977e-18,6.209212766249417e-7,0.017393924090450368,8.578271554257577e-18,310.66083973035785
1e-10,1.08049121915351e-18,6.209212766249417e-7,0.01740142043491553,8.578271554257572e-18,310.6608397303577
1e-10,1.0807230891848488e-18,6.209212766249417e-7,0.01740515472523651,8.578271554257573e-18,310.66083973035774
1e-10,1.0808588422786118e-18,6.209212766249417e-7,0.01740734104255037,8.578271554257569e-18,310.66083973035757
1e-10,1.0812186606625105e-18,6.209212766249417e-7,0.017413135954038254,8.578271554257564e-18,310.6608397303574
1e-10,1.08162563511486e-18,6.209212766249417e-7,0.01741969031878094,8.578271554257564e-18,310.6608397303574
1e-10,1.0821517901506866e-18,6.209212766249417e-7,0.017428164098882128,8.57827155425757e-18,310.6608397303576
1e-10,1.0825913068424277e-18,6.209212766249417e-7,0.017435242559683633,8.57827155425757e-18,310.6608397303576
1e-10,1.0830903599772726e-18,6.209212766249417e-7,0.017443279860926673,8.578271554257567e-18,310.6608397303575
1e-10,1.0837134919022845e-18,6.209212766249417e-7,0.017453315463642673,8.578271554257566e-18,310.66083973035745
1e-10,1.0842240937931991e-18,6.209212766249417e-7,0.017461538758771003,8.578271554257563e-18,310.66083973035734
1e-10,1.0844423585439246e-18,6.209212766249417e-7,0.017465053934670786,8.57827155425756e-18,310.6608397303572
1e-10,1.0848859971164432e-18,6.209212766249417e-7,0.01747219877877937,8.578271554257563e-18,310.66083973035734
1e-10,1.0853213597514355e-18,6.209212766249417e-7,0.017479210338076527,8.578271554257553e-18,310.660839730357
1e-10,1.0856003507380228e-18,6.209212766249417e-7,0.017483703516150625,8.578271554257557e-18,310.6608397303571
1e-10,1.0858148599872814e-18,6.209212766249417e-7,0.01748715820931921,8.578271554257552e-18,310.66083973035694
1e-10,1.086225733016134e-18,6.209212766249417e-7,0.017493775361031035,8.578271554257552e-18,310.66083973035694
1e-10,1.0866814426321022e-18,6.209212766249417e-7,0.017501114610516014,8.578271554257558e-18,310.66083973035717
1e-10,1.0872255928880282e-18,6.209212766249417e-7,0.01750987820545809,8.578271554257566e-18,310.66083973035745
1e-10,1.0875525611748528e-18,6.209212766249417e-7,0.017515144062808026,8.57827155425757e-18,310.6608397303576
1e-10,1.0879801443217806e-18,6.209212766249417e-7,0.01752203033266259,8.578271554257567e-18,310.6608397303575
1e-10,1.088403795016709e-18,6.209212766249417e-7,0.01752885326997972,8.57827155425757e-18,310.6608397303576
1e-10,1.0887602909076242e-18,6.209212766249417e-7,0.017534594672381852,8.578271554257564e-18,310.6608397303574
1e-10,1.0894817548540057e-18,6.209212766249417e-7,0.017546213922253643,8.578271554257561e-18,310.6608397303573
1e-10,1.0900033820065902e-18,6.209212766249417e-7,0.017554614780336972,8.578271554257563e-18,310.66083973035734
1e-10,1.0903678293068495e-18,6.209212766249417e-7,0.01756048424099131,8.578271554257558e-18,310.66083973035717
1e-10,1.0906715018692715e-18,6.209212766249417e-7,0.017565374918342112,8.578271554257558e-18,310.66083973035717
1e-10,1.0909950419763043e-18,6.209212766249417e-7,0.017570585564509553,8.578271554257564e-18,310.6608397303574
1e-10,1.0913727202809273e-18,6.209212766249417e-7,0.017576668111828207,8.57827155425757e-18,310.6608397303576
1e-10,1.0917604310241852e-18,6.209212766249417e-7,0.0175829122325864,8.578271554257566e-18,310.66083973035745
1e-10,1.0925541631227478e-18,6.209212766249417e-7,0.01759569536836292,8.578271554257561e-18,310.6608397303573
1e-10,1.092911501352265e-18,6.209212766249417e-7,0.01760145033671349,8.578271554257563e-18,310.66083973035734
1e-10,1.093089899509425e-18,6.209212766249417e-7,0.01760432345708923,8.57827155425756e-18,310.6608397303572
1e-10,1.0935455768045292e-18,6.209212766249417e-7,0.01761166218604342,8.57827155425756e-18,310.6608397303572
1e-10,1.0941104142405316e-18,6.209212766249417e-7,0.017620758950114265,8.57827155425756e-18,310.6608397303572
1e-10,1.0945161932016872e-18,6.209212766249417e-7,0.017627294061350284,8.578271554257558e-18,310.66083973035717
1e-10,1.095131996656437e-18,6.209212766249417e-7,0.01763721163831104,8.578271554257558e-18,310.66083973035717
1e-10,1.0954790081612247e-18,6.209212766249417e-7,0.017642800293714733,8.578271554257557e-18,310.6608397303571
1e-10,1.0957985245679573e-18,6.209212766249417e-7,0.01764794613778162,8.578271554257552e-18,310.66083973035694
1e-10,1.0961716653152885e-18,6.209212766249417e-7,0.01765395560728087,8.578271554257553e-18,310.660839730357
1e-10,1.096381699636691e-18,6.209212766249417e-7,0.017657338231283452,8.578271554257557e-18,310.6608397303571
1e-10,1.0965929396462302e-18,6.209212766249417e-7,0.017660740273015497,8.578271554257558e-18,310.66083973035717
1e-10,1.0971494640788237e-18,6.209212766249417e-7,0.017669703155325126,8.57827155425756e-18,310.6608397303572
1e-10,1.0975863199648583e-18,6.209212766249417e-7,0.017676738763581445,8.578271554257558e-18,310.66083973035717
1e-10,1.0981728397796588e-18,6.209212766249417e-7,0.017686184724557182,8.578271554257555e-18,310.66083973035705
1e-10,1.0986400196060412e-18,6.209212766249417e-7,0.017693708702941718,8.578271554257561e-18,310.6608397303573
1e-10,1.0990165683239927e-18,6.209212766249417e-7,0.017699773058152707,8.578271554257561e-18,310.6608397303573
1e-10,1.0994510637641636e-18,6.209212766249417e-7,0.017706770651189502,8.578271554257563e-18,310.66083973035734
1e-10,1.0999267429777325e-18,6.209212766249417e-7,0.01771443151306485,8.578271554257566e-18,310.66083973035745
1e-10,1.1003301368049344e-18,6.209212766249417e-7,0.017720928211477163,8.578271554257561e-18,310.6608397303573
1e-10,1.1006146829807018e-18,6.209212766249417e-7,0.017725510856435218,8.578271554257558e-18,310.66083973035717
1e-10,1.1009180799710016e-18,6.209212766249417e-7,0.0177303970956691,8.57827155425756e-18,310.6608397303572
1e-10,1.101678241144967e-18,6.209212766249417e-7,0.017742639568307454,8.578271554257557e-18,310.6608397303571
1e-10,1.1018837328296392e-18,6.209212766249417e-7,0.01774594903268576,8.57827155425756e-18,310.6608397303572
1e-10,1.1023602167448494e-18,6.209212766249417e-7,0.017753622854362484,8.578271554257561e-18,310.6608397303573
1e-10,1.1029171939509735e-18,6.209212766249417e-7,0.017762593028635646,8.57827155425756e-18,310.6608397303572
1e-10,1.1034405429383162e-18,6.209212766249417e-7,0.017771021617042013,8.578271554257553e-18,310.660839730357
1e-10,1.104127629024108e-18,6.209212766249417e-7,0.017782087207989815,8.578271554257558e-18,310.66083973035717
1e-10,1.1043365190876094e-18,6.209212766249417e-7,0.017785451403603093,8.578271554257561e-18,310.6608397303573
1e-10,1.1046207796780849e-18,6.209212766249417e-7,0.017790029449181118,8.57827155425756e-18,310.6608397303572
1e-10,1.1047787998149028e-18,6.209212766249417e-7,0.017792574379476903,8.578271554257557e-18,310.6608397303571
1e-10,1.1050774327003354e-18,6.209212766249417e-7,0.017797383892319753,8.57827155425756e-18,310.6608397303572
1e-10,1.1054833031618332e-18,6.209212766249417e-7,0.017803920477178044,8.578271554257555e-18,310.66083973035705
1e-10,1.1061999522938651e-18,6.209212766249417e-7,0.017815462183977452,8.578271554257555e-18,310.66083973035705
1e-10,1.1067039762607693e-18,6.209212766249417e-7,0.01782357954097388,8.578271554257557e-18,310.6608397303571
1e-10,1.1070492481544792e-18,6.209212766249417e-7,0.017829140179765106,8.578271554257555e-18,310.66083973035705
1e-10,1.1073691990472784e-18,6.209212766249417e-7,0.01783429302127407,8.578271554257552e-18,310.66083973035694
1e-10,1.107675563984924e-18,6.209212766249417e-7,0.017839227059600327,8.57827155425755e-18,310.6608397303569
1e-10,1.1078051821555472e-18,6.209212766249417e-7,0.01784131457335614,8.578271554257552e-18,310.66083973035694
1e-10,1.10809184006646e-18,6.209212766249417e-7,0.01784593122802243,8.578271554257549e-18,310.6608397303568
1e-10,1.1084738475606694e-18,6.209212766249417e-7,0.017852083497377505,8.578271554257553e-18,310.660839730357
1e-10,1.1090194193010506e-18,6.209212766249417e-7,0.017860869985470595,8.578271554257553e-18,310.660839730357
1e-10,1.109258398266714e-18,6.209212766249417e-7,0.017864718765898326,8.578271554257549e-18,310.6608397303568
1e-10,1.1096722153999015e-18,6.209212766249417e-7,0.017871383332708417,8.578271554257555e-18,310.66083973035705
1e-10,1.110240071601448e-18,6.209212766249417e-7,0.017880528714303862,8.57827155425756e-18,310.6608397303572
1e-10,1.1108205551277297e-18,6.209212766249417e-7,0.017889877460242103,8.578271554257558e-18,310.66083973035717
1e-10,1.111114427502395e-18,6.209212766249417e-7,0.01789461030457726,8.578271554257566e-18,310.66083973035745
1e-10,1.11146622691626e-18,6.209212766249417e-7,0.017900276069741202,8.578271554257567e-18,310.6608397303575
1e-10,1.1118237731549063e-18,6.209212766249417e-7,0.01790603438809985,8.578271554257564e-18,310.6608397303574
1e-10,1.1120439611603064e-18,6.209212766249417e-7,0.017909580538210807,8.578271554257566e-18,310.66083973035745
1e-10,1.1127223398584194e-18,6.209212766249417e-7,0.017920505895798813,8.578271554257563e-18,310.66083973035734
1e-10,1.1130275263838829e-18,6.209212766249417e-7,0.017925420955677618,8.578271554257563e-18,310.66083973035734
1e-10,1.1133613087315628e-18,6.209212766249417e-7,0.017930796554167242,8.578271554257563e-18,310.66083973035734
1e-10,1.1136538065856542e-18,6.209212766249417e-7,0.01793550726170945,8.57827155425756e-18,310.6608397303572
1e-10,1.114017777503772e-18,6.209212766249417e-7,0.017941369050181188,8.578271554257561e-18,310.6608397303573
1e-10,1.114554255992101e-18,6.209212766249417e-7,0.0179500090905297,8.578271554257553e-18,310.660839730357
1e-10,1.1150161939587562e-18,6.209212766249417e-7,0.01795744864823283,8.578271554257552e-18,310.66083973035694
1e-10,1.1156494300507611e-18,6.209212766249417e-7,0.017967646979580837,8.578271554257553e-18,310.660839730357
1e-10,1.115733534811846e-18,6.209212766249417e-7,0.017969001495269882,8.578271554257553e-18,310.660839730357
1e-10,1.1162920067720489e-18,6.209212766249417e-7,0.01797799574270876,8.578271554257553e-18,310.660839730357
1e-10,1.1166731716948755e-18,6.209212766249417e-7,0.01798413444236644,8.578271554257557e-18,310.6608397303571
1e-10,1.117510021486839e-18,6.209212766249417e-7,0.017997611992958882,8.578271554257558e-18,310.66083973035717
1e-10,1.1176963681412029e-18,6.209212766249417e-7,0.01800061312468651,8.578271554257561e-18,310.6608397303573
1e-10,1.1178173398511596e-18,6.209212766249417e-7,0.01800256138631823,8.578271554257566e-18,310.66083973035745
1e-10,1.1181960826175208e-18,6.209212766249417e-7,0.018008661076900908,8.578271554257566e-18,310.66083973035745
1e-10,1.1185915368795879e-18,6.209212766249417e-7,0.0180150299078132,8.578271554257572e-18,310.6608397303577
1e-10,1.1188183167350556e-18,6.209212766249417e-7,0.018018682220336625,8.578271554257572e-18,310.6608397303577
1e-10,1.1191441492705958e-18,6.209212766249417e-7,0.01802392978629718,8.578271554257578e-18,310.6608397303579
1e-10,1.119371931926967e-18,6.209212766249417e-7,0.018027598249030642,8.578271554257575e-18,310.6608397303578
1e-10,1.1197102901143333e-18,6.209212766249417e-7,0.01803304754188151,8.578271554257572e-18,310.6608397303577
1e-10,1.1203104144570753e-18,6.209212766249417e-7,0.018042712605156584,8.578271554257573e-18,310.66083973035774
1e-10,1.1206569286693983e-18,6.209212766249417e-7,0.018048293251614802,8.578271554257572e-18,310.6608397303577
1e-10,1.120966916437151e-18,6.209212766249417e-7,0.01805328563598658,8.578271554257572e-18,310.6608397303577
1e-10,1.1215313645708539e-18,6.209212766249417e-7,0.01806237613030449,8.578271554257573e-18,310.66083973035774
1e-10,1.1219951479604805e-18,6.209212766249417e-7,0.01806984540873134,8.578271554257575e-18,310.6608397303578
1e-10,1.1223039611808634e-18,6.209212766249417e-7,0.01807481887689886,8.57827155425758e-18,310.66083973035796
1e-10,1.1226352730129e-18,6.209212766249417e-7,0.01808015468748402,8.578271554257577e-18,310.66083973035785
1e-10,1.1228948983216833e-18,6.209212766249417e-7,0.018084335979357193,8.578271554257575e-18,310.6608397303578
1e-10,1.123575308529698e-18,6.209212766249417e-7,0.018095294054617767,8.578271554257572e-18,310.6608397303577
1e-10,1.1240360683201111e-18,6.209212766249417e-7,0.01810271463767328,8.578271554257573e-18,310.66083973035774
1e-10,1.1244622297602686e-18,6.209212766249417e-7,0.01810957801079642,8.578271554257583e-18,310.6608397303581
1e-10,1.1248927015875037e-18,6.209212766249417e-7,0.01811651080313968,8.578271554257578e-18,310.6608397303579
1e-10,1.1253118015522629e-18,6.209212766249417e-7,0.01812326045048688,8.578271554257578e-18,310.6608397303579
1e-10,1.1256782504803482e-18,6.209212766249417e-7,0.018129162147559934,8.578271554257578e-18,310.6608397303579
1e-10,1.1261725338123504e-18,6.209212766249417e-7,0.01813712263064547,8.578271554257573e-18,310.66083973035774
1e-10,1.1269291403346716e-18,6.209212766249417e-7,0.018149307855259346,8.578271554257575e-18,310.6608397303578
1e-10,1.1273154895060487e-18,6.209212766249417e-7,0.018155530047764604,8.57827155425757e-18,310.6608397303576
1e-10,1.1277973688396891e-18,6.209212766249417e-7,0.018163290763201185,8.57827155425757e-18,310.6608397303576
1e-10,1.128239383191721e-18,6.209212766249417e-7,0.01817040944907445,8.578271554257566e-18,310.66083973035745
1e-10,1.1285082792576758e-18,6.209212766249417e-7,0.01817474004743011,8.578271554257569e-18,310.66083973035757
1e-10,1.1290377075739454e-18,6.209212766249417e-7,0.0181832665440441,8.578271554257569e-18,310.66083973035757
1e-10,1.1297110187497408e-18,6.209212766249417e-7,0.01819411028867233,8.578271554257564e-18,310.6608397303574
1e-10,1.1299801777841092e-18,6.209212766249417e-7,0.018198445122160904,8.578271554257566e-18,310.66083973035745
1e-10,1.1303721204399746e-18,6.209212766249417e-7,0.018204757398299933,8.578271554257566e-18,310.66083973035745
1e-10,1.1306704843018957e-18,6.209212766249417e-7,0.018209562578491902,8.578271554257561e-18,310.6608397303573
1e-10,1.1310050481993596e-18,6.209212766249417e-7,0.018214950763919893,8.578271554257572e-18,310.6608397303577
1e-10,1.1314611778394579e-18,6.209212766249417e-7,0.018222296777935992,8.57827155425757e-18,310.6608397303576
1e-10,1.1318565266380503e-18,6.209212766249417e-7,0.01822866391034836,8.578271554257566e-18,310.66083973035745
1e-10,1.1323912800040565e-18,6.209212766249417e-7,0.01823727616742727,8.578271554257566e-18,310.66083973035745
1e-10,1.1327320287730917e-18,6.209212766249417e-7,0.018242763960837852,8.578271554257575e-18,310.6608397303578
1e-10,1.1333215940867814e-18,6.209212766249417e-7,0.01825225896988142,8.578271554257573e-18,310.66083973035774
1e-10,1.1337710252261385e-18,6.209212766249417e-7,0.01825949710386517,8.578271554257569e-18,310.66083973035757
1e-10,1.1339822855611273e-18,6.209212766249417e-7,0.018262899472940634,8.578271554257577e-18,310.66083973035785
1e-10,1.1343944149951439e-18,6.209212766249417e-7,0.018269536859184775,8.578271554257573e-18,310.66083973035774
1e-10,1.1349232329873788e-18,6.209212766249417e-7,0.01827805352646842,8.57827155425757e-18,310.6608397303576
1e-10,1.1353001574908534e-18,6.209212766249417e-7,0.01828412393374329,8.578271554257575e-18,310.6608397303578
1e-10,1.135737638051487e-18,6.209212766249417e-7,0.018291169602447244,8.57827155425758e-18,310.66083973035796
1e-10,1.1359570272871827e-18,6.209212766249417e-7,0.018294702888291277,8.578271554257587e-18,310.66083973035825
1e-10,1.1365014404712602e-18,6.209212766249417e-7,0.018303470717717846,8.578271554257581e-18,310.660839730358
1e-10,1.1368814296661453e-18,6.209212766249417e-7,0.018309590482158043,8.578271554257578e-18,310.6608397303579
1e-10,1.1372050283693643e-18,6.209212766249417e-7,0.018314802072022993,8.578271554257578e-18,310.6608397303579
1e-10,1.13766976493625e-18,6.209212766249417e-7,0.018322286701466066,8.578271554257578e-18,310.6608397303579
1e-10,1.1380957982402317e-18,6.209212766249417e-7,0.01832914801094313,8.578271554257581e-18,310.660839730358
1e-10,1.138302688955157e-18,6.209212766249417e-7,0.01833248000684525,8.578271554257578e-18,310.6608397303579
1e-10,1.1388992606950161e-18,6.209212766249417e-7,0.018342087855091352,8.578271554257578e-18,310.6608397303579
1e-10,1.139383281857289e-18,6.209212766249417e-7,0.018349883064894823,8.578271554257575e-18,310.6608397303578
1e-10,1.1397386029103653e-18,6.209212766249417e-7,0.018355605546414664,8.578271554257573e-18,310.66083973035774
1e-10,1.1404803157190162e-18,6.209212766249417e-7,0.018367550906262575,8.578271554257572e-18,310.6608397303577
1e-10,1.1407175721265715e-18,6.209212766249417e-7,0.018371371944717642,8.578271554257577e-18,310.66083973035785
1e-10,1.1412694576793827e-18,6.209212766249417e-7,0.018380260117398902,8.578271554257577e-18,310.66083973035785
1e-10,1.1418946261241202e-18,6.209212766249417e-7,0.018390328518471187,8.578271554257577e-18,310.66083973035785
1e-10,1.142419098739444e-18,6.209212766249417e-7,0.018398775203019906,8.578271554257578e-18,310.6608397303579
1e-10,1.1426774827192497e-18,6.209212766249417e-7,0.01840293650316427,8.578271554257573e-18,310.66083973035774
1e-10,1.1428579667123214e-18,6.209212766249417e-7,0.01840584321613846,8.578271554257573e-18,310.66083973035774
1e-10,1.1433720343587239e-18,6.209212766249417e-7,0.01841412232760967,8.57827155425757e-18,310.6608397303576
1e-10,1.1437772598901248e-18,6.209212766249417e-7,0.018420648525803482,8.578271554257566e-18,310.66083973035745
1e-10,1.1443664204457792e-18,6.209212766249417e-7,0.018430137016177926,8.578271554257566e-18,310.66083973035745
1e-10,1.1447679217503244e-18,6.209212766249417e-7,0.01843660323532132,8.578271554257564e-18,310.6608397303574
1e-10,1.1451095937943178e-18,6.209212766249417e-7,0.018442105898168543,8.578271554257564e-18,310.6608397303574
1e-10,1.1455800321533421e-18,6.209212766249417e-7,0.018449682355551052,8.578271554257566e-18,310.66083973035745
1e-10,1.1460760938426023e-18,6.209212766249417e-7,0.018457671479260206,8.578271554257566e-18,310.66083973035745
1e-10,1.1465764580700515e-18,6.209212766249417e-7,0.01846572989578233,8.578271554257569e-18,310.66083973035757
1e-10,1.147192602834273e-18,6.209212766249417e-7,0.01847565296956667,8.578271554257578e-18,310.6608397303579
1e-10,1.1476593675764798e-18,6.209212766249417e-7,0.018483170262978545,8.57827155425757e-18,310.6608397303576
1e-10,1.1483856326397693e-18,6.209212766249417e-7,0.018494866835324034,8.578271554257569e-18,310.66083973035757
1e-10,1.1487269811199653e-18,6.209212766249417e-7,0.01850036428714355,8.578271554257569e-18,310.66083973035757
1e-10,1.1491983834753384e-18,6.209212766249417e-7,0.018507956269784822,8.578271554257569e-18,310.66083973035757
1e-10,1.149669064778584e-18,6.209212766249417e-7,0.0185155366398086,8.578271554257567e-18,310.6608397303575
1e-10,1.1498558471588425e-18,6.209212766249417e-7,0.01851854478894586,8.578271554257566e-18,310.66083973035745
1e-10,1.1503535145670192e-18,6.209212766249417e-7,0.01852655977292067,8.578271554257567e-18,310.6608397303575
1e-10,1.1507039277811403e-18,6.209212766249417e-7,0.018532203213197443,8.578271554257567e-18,310.6608397303575
1e-10,1.1509743917539703e-18,6.209212766249417e-7,0.01853655906285201,8.578271554257566e-18,310.66083973035745
1e-10,1.1516588175524927e-18,6.209212766249417e-7,0.018547581809604106,8.578271554257573e-18,310.66083973035774
1e-10,1.1520759154627595e-18,6.209212766249417e-7,0.01855429921366109,8.57827155425757e-18,310.6608397303576
1e-10,1.1523981271465944e-18,6.209212766249417e-7,0.018559488465438485,8.578271554257564e-18,310.6608397303574
1e-10,1.1527720833853294e-18,6.209212766249417e-7,0.018565511068509323,8.578271554257566e-18,310.66083973035745
1e-10,1.152860703755294e-18,6.209212766249417e-7,0.018566938308536375,8.57827155425757e-18,310.6608397303576
1e-10,1.1535033384250615e-18,6.209212766249417e-7,0.018577288004930425,8.578271554257567e-18,310.6608397303575
1e-10,1.1539103155531825e-18,6.209212766249417e-7,0.01858384241276668,8.578271554257567e-18,310.6608397303575
1e-10,1.154271135657808e-18,6.209212766249417e-7,0.018589653457068252,8.57827155425757e-18,310.6608397303576
1e-10,1.15465603718304e-18,6.209212766249417e-7,0.018595852335085837,8.578271554257569e-18,310.66083973035757
1e-10,1.1549980010653829e-18,6.209212766249417e-7,0.018601359698019213,8.578271554257572e-18,310.6608397303577
1e-10,1.155303304024805e-18,6.209212766249417e-7,0.018606276633078702,8.578271554257569e-18,310.66083973035757
1e-10,1.1557366617227349e-18,6.209212766249417e-7,0.018613255902661562,8.578271554257567e-18,310.6608397303575
1e-10,1.1562118516208437e-18,6.209212766249417e-7,0.018620908884061906,8.578271554257572e-18,310.6608397303577
1e-10,1.1563827417947195e-18,6.209212766249417e-7,0.01862366108760701,8.578271554257572e-18,310.6608397303577
1e-10,1.1566237853176248e-18,6.209212766249417e-7,0.018627543117938062,8.578271554257575e-18,310.6608397303578
1e-10,1.157188956300071e-18,6.209212766249417e-7,0.01863664525380814,8.578271554257573e-18,310.66083973035774
1e-10,1.1575756760396746e-18,6.209212766249417e-7,0.01864287341435219,8.578271554257573e-18,310.66083973035774
1e-10,1.1578661445364334e-18,6.209212766249417e-7,0.018647551438889173,8.578271554257573e-18,310.66083973035774
1e-10,1.1581802173353626e-18,6.209212766249417e-7,0.018652609613101473,8.578271554257567e-18,310.6608397303575
1e-10,1.158603520708568e-18,6.209212766249417e-7,0.018659426956767103,8.578271554257558e-18,310.66083973035717
1e-10,1.1590137847153749e-18,6.209212766249417e-7,0.018666034300117245,8.578271554257567e-18,310.6608397303575
1e-10,1.1593483542540174e-18,6.209212766249417e-7,0.018671422576396986,8.578271554257564e-18,310.6608397303574
1e-10,1.1596697687619379e-18,6.209212766249417e-7,0.0186765989895756,8.57827155425756e-18,310.6608397303572
1e-10,1.159795517733211e-18,6.209212766249417e-7,0.0186786241894843,8.578271554257563e-18,310.66083973035734
1e-10,1.1602401267124653e-18,6.209212766249417e-7,0.018685784662091573,8.57827155425756e-18,310.6608397303572
1e-10,1.1607291204137882e-18,6.209212766249417e-7,0.018693659955139684,8.578271554257553e-18,310.660839730357
1e-10,1.1609145026273197e-18,6.209212766249417e-7,0.0186966455544501,8.578271554257555e-18,310.66083973035705
1e-10,1.161396710753812e-18,6.209212766249417e-7,0.018704411565128837,8.578271554257557e-18,310.6608397303571
1e-10,1.1619550466244799e-18,6.209212766249417e-7,0.01871340362083198,8.578271554257553e-18,310.660839730357
1e-10,1.1620965522466787e-18,6.209212766249417e-7,0.01871568258319848,8.578271554257555e-18,310.66083973035705
1e-10,1.1626358473134571e-18,6.209212766249417e-7,0.01872436798482797,8.578271554257553e-18,310.660839730357
1e-10,1.1629360418917661e-18,6.209212766249417e-7,0.018729202648892645,8.57827155425755e-18,310.6608397303569
1e-10,1.1632764707447321e-18,6.209212766249417e-7,0.018734685290022556,8.578271554257547e-18,310.66083973035677
1e-10,1.1634895984656514e-18,6.209212766249417e-7,0.01873811773353742,8.578271554257549e-18,310.6608397303568
1e-10,1.163749341015359e-18,6.209212766249417e-7,0.018742300913587546,8.578271554257553e-18,310.660839730357
1e-10,1.1642323888867252e-18,6.209212766249417e-7,0.018750080448442463,8.57827155425756e-18,310.6608397303572
1e-10,1.1649870932894682e-18,6.209212766249417e-7,0.018762235039228033,8.578271554257561e-18,310.6608397303573
1e-10,1.165473901542718e-18,6.209212766249417e-7,0.01877007513541375,8.57827155425756e-18,310.6608397303572
1e-10,1.1658259972845403e-18,6.209212766249417e-7,0.01877574567296943,8.57827155425757e-18,310.6608397303576
1e-10,1.1663170557466126e-18,6.209212766249417e-7,0.01878365421919837,8.578271554257573e-18,310.66083973035774
1e-10,1.166459860242408e-18,6.209212766249417e-7,0.0187859541000556,8.578271554257572e-18,310.6608397303577
1e-10,1.1671564149142766e-18,6.209212766249417e-7,0.01879717218354043,8.578271554257573e-18,310.66083973035774
1e-10,1.1674919819977075e-18,6.209212766249417e-7,0.018802576525379942,8.578271554257573e-18,310.66083973035774
1e-10,1.1678425106408054e-18,6.209212766249417e-7,0.018808221824652072,8.578271554257573e-18,310.66083973035774
1e-10,1.1682027495012239e-18,6.209212766249417e-7,0.018814023507956863,8.57827155425757e-18,310.6608397303576
1e-10,1.1688211615409804e-18,6.209212766249417e-7,0.01882398309644315,8.578271554257573e-18,310.66083973035774
1e-10,1.1694237316108204e-18,6.209212766249417e-7,0.018833687548400656,8.578271554257573e-18,310.66083973035774
1e-10,1.1698918874904426e-18,6.209212766249417e-7,0.0188412272462214,8.578271554257575e-18,310.6608397303578
1e-10,1.170187353582813e-18,6.209212766249417e-7,0.01884598575754149,8.578271554257575e-18,310.6608397303578
1e-10,1.1707770385254292e-18,6.209212766249417e-7,0.018855482693221026,8.578271554257578e-18,310.6608397303579
1e-10,1.1710138184760091e-18,6.209212766249417e-7,0.01885929605828828,8.578271554257583e-18,310.6608397303581
1e-10,1.1715064470343356e-18,6.209212766249417e-7,0.0188672298910763,8.57827155425758e-18,310.66083973035796
1e-10,1.1720768175956002e-18,6.209212766249417e-7,0.01887641576668947,8.578271554257583e-18,310.6608397303581
1e-10,1.1721525843500505e-18,6.209212766249417e-7,0.01887763599793782,8.578271554257581e-18,310.660839730358
1e-10,1.1723215639247988e-18,6.209212766249417e-7,0.018880357431090615,8.578271554257572e-18,310.6608397303577
1e-10,1.1729850811985275e-18,6.209212766249417e-7,0.01889104344393487,8.578271554257567e-18,310.6608397303575
1e-10,1.1734455809715002e-18,6.209212766249417e-7,0.01889845983938319,8.578271554257567e-18,310.6608397303575
1e-10,1.1736766465914267e-18,6.209212766249417e-7,0.01890218117457696,8.578271554257563e-18,310.66083973035734
1e-10,1.1739451015325582e-18,6.209212766249417e-7,0.0189065046685727,8.57827155425756e-18,310.6608397303572
1e-10,1.1743559058884928e-18,6.209212766249417e-7,0.018913120714300232,8.57827155425756e-18,310.6608397303572
1e-10,1.1746045126769474e-18,6.209212766249417e-7,0.01891712455178839,8.57827155425756e-18,310.6608397303572
1e-10,1.1750820552018766e-18,6.209212766249417e-7,0.018924815422481773,8.57827155425757e-18,310.6608397303576
1e-10,1.1755652045095558e-18,6.209212766249417e-7,0.018932596590978772,8.578271554257564e-18,310.6608397303574
1e-10,1.1760127655249647e-18,6.209212766249417e-7,0.01893980460642707,8.57827155425757e-18,310.6608397303576
1e-10,1.1763942733295637e-18,6.209212766249417e-7,0.018945948828230398,8.578271554257572e-18,310.6608397303577
1e-10,1.176724047661485e-18,6.209212766249417e-7,0.0189512598772206,8.578271554257566e-18,310.66083973035745
1e-10,1.176884689032806e-18,6.209212766249417e-7,0.018953847022763336,8.578271554257569e-18,310.66083973035757
1e-10,1.177034211406409e-18,6.209212766249417e-7,0.018956255095722532,8.578271554257577e-18,310.66083973035785
1e-10,1.1773386023113174e-18,6.209212766249417e-7,0.018961157342051775,8.578271554257577e-18,310.66083973035785
1e-10,1.1776598718081107e-18,6.209212766249417e-7,0.01896633141981151,8.578271554257575e-18,310.6608397303578
1e-10,1.1779142912673133e-18,6.209212766249417e-7,0.018970428870950337,8.578271554257577e-18,310.66083973035785
1e-10,1.1785006859987964e-18,6.209212766249417e-7,0.018979872817446588,8.578271554257577e-18,310.66083973035785
1e-10,1.1791174283739145e-18,6.209212766249417e-7,0.018989805515814896,8.578271554257575e-18,310.6608397303578
1e-10,1.1795957678879986e-18,6.209212766249417e-7,0.01899750922209928,8.57827155425757e-18,310.6608397303576
1e-10,1.1799964218621603e-18,6.209212766249417e-7,0.01900396179490109,8.578271554257567e-18,310.6608397303575
1e-10,1.1802862389814295e-18,6.209212766249417e-7,0.019008629328937682,8.578271554257564e-18,310.6608397303574
1e-10,1.1808120842513077e-18,6.209212766249417e-7,0.01901709812022692,8.578271554257563e-18,310.66083973035734
1e-10,1.1810446971080097e-18,6.209212766249417e-7,0.019020844373825545,8.578271554257569e-18,310.66083973035757
1e-10,1.181427393437446e-18,6.209212766249417e-7,0.019027007736941663,8.57827155425757e-18,310.6608397303576
1e-10,1.1817369351492207e-18,6.209212766249417e-7,0.01903199293753677,8.578271554257566e-18,310.66083973035745
1e-10,1.181996198383605e-18,6.209212766249417e-7,0.019036168398165108,8.578271554257558e-18,310.66083973035717
1e-10,1.1826854136356079e-18,6.209212766249417e-7,0.01904726827955022,8.57827155425756e-18,310.6608397303572
1e-10,1.1832758891707956e-18,6.209212766249417e-7,0.01905677794780313,8.578271554257557e-18,310.6608397303571
1e-10,1.1836955483453192e-18,6.209212766249417e-7,0.01906353660128018,8.578271554257552e-18,310.66083973035694
1e-10,1.1838180045521198e-18,6.209212766249417e-7,0.01906550877088381,8.578271554257552e-18,310.66083973035694
1e-10,1.1842899951268786e-18,6.209212766249417e-7,0.019073110226857815,8.578271554257552e-18,310.66083973035694
1e-10,1.1848887290141044e-18,6.209212766249417e-7,0.019082752896706082,8.578271554257547e-18,310.66083973035677
1e-10,1.185534939941946e-18,6.209212766249417e-7,0.01909316018909835,8.578271554257543e-18,310.6608397303566
1e-10,1.1859516442010892e-18,6.209212766249417e-7,0.01909987125336415,8.578271554257546e-18,310.6608397303567
1e-10,1.1864937384372516e-18,6.209212766249417e-7,0.019108601735899858,8.57827155425754e-18,310.6608397303565
1e-10,1.1869596050490556e-18,6.209212766249417e-7,0.019116104564830705,8.578271554257546e-18,310.6608397303567
1e-10,1.1874358972902e-18,6.209212766249417e-7,0.0191237752995772,8.578271554257544e-18,310.66083973035666
1e-10,1.1880351655200678e-18,6.209212766249417e-7,0.01913342657506779,8.57827155425755e-18,310.6608397303569
1e-10,1.188497314373988e-18,6.209212766249417e-7,0.019140869529131663,8.578271554257549e-18,310.6608397303568
1e-10,1.1889758937284024e-18,6.209212766249417e-7,0.019148577098068838,8.578271554257549e-18,310.6608397303568
1e-10,1.1893297785322953e-18,6.209212766249417e-7,0.019154276448650226,8.578271554257544e-18,310.66083973035666
1e-10,1.1897143803332985e-18,6.209212766249417e-7,0.019160470499578773,8.578271554257547e-18,310.66083973035677
1e-10,1.1901112980218554e-18,6.209212766249417e-7,0.01916686289912279,8.578271554257541e-18,310.66083973035654
1e-10,1.1907336781966916e-18,6.209212766249417e-7,0.01917688639482613,8.578271554257543e-18,310.6608397303566
1e-10,1.1913759109122122e-18,6.209212766249417e-7,0.019187229617706355,8.578271554257546e-18,310.6608397303567
1e-10,1.1914834818681453e-18,6.209212766249417e-7,0.01918896205883831,8.578271554257549e-18,310.6608397303568
1e-10,1.1917925458021357e-18,6.209212766249417e-7,0.019193939564773853,8.578271554257549e-18,310.6608397303568
1e-10,1.1921542393606144e-18,6.209212766249417e-7,0.019199764676138122,8.578271554257549e-18,310.6608397303568
1e-10,1.1924804888993495e-18,6.209212766249417e-7,0.019205018957977337,8.578271554257555e-18,310.66083973035705
1e-10,1.193004835834195e-18,6.209212766249417e-7,0.01921346361842923,8.578271554257555e-18,310.66083973035705
1e-10,1.1933536437164293e-18,6.209212766249417e-7,0.019219081204673503,8.578271554257558e-18,310.66083973035717
1e-10,1.1937792784010126e-18,6.209212766249417e-7,0.019225936094344812,8.578271554257557e-18,310.6608397303571
1e-10,1.1941691762637573e-18,6.209212766249417e-7,0.01923221543888369,8.578271554257553e-18,310.660839730357
1e-10,1.1950595072933396e-18,6.209212766249417e-7,0.019246554310220515,8.578271554257552e-18,310.66083973035694
1e-10,1.1954086694847865e-18,6.209212766249417e-7,0.01925217760265051,8.578271554257561e-18,310.6608397303573
1e-10,1.1960995762617552e-18,6.209212766249417e-7,0.019263304726216388,8.57827155425756e-18,310.6608397303572
1e-10,1.1964353977698107e-18,6.209212766249417e-7,0.01926871316559023,8.578271554257566e-18,310.66083973035745
1e-10,1.1966424559510472e-18,6.209212766249417e-7,0.01927204785855424,8.578271554257552e-18,310.66083973035694
1e-10,1.197064553848569e-18,6.209212766249417e-7,0.019278845787911985,8.578271554257557e-18,310.6608397303571
1e-10,1.197163390557599e-18,6.209212766249417e-7,0.019280437563113623,8.578271554257558e-18,310.66083973035717
1e-10,1.1974429844493776e-18,6.209212766249417e-7,0.019284940451036844,8.578271554257561e-18,310.6608397303573
1e-10,1.198067583272437e-18,6.209212766249417e-7,0.019294999678294355,8.578271554257557e-18,310.6608397303571
1e-10,1.1983738221309306e-18,6.209212766249417e-7,0.019299931686103108,8.578271554257561e-18,310.6608397303573
1e-10,1.1987414337554833e-18,6.209212766249417e-7,0.019305852108520438,8.578271554257558e-18,310.66083973035717
1e-10,1.1990652537005028e-18,6.209212766249417e-7,0.019311067261506977,8.578271554257549e-18,310.6608397303568
1e-10,1.1992683060327488e-18,6.209212766249417e-7,0.019314337439867584,8.578271554257555e-18,310.66083973035705
1e-10,1.1995402852220224e-18,6.209212766249417e-7,0.019318717692236323,8.578271554257552e-18,310.66083973035694
1e-10,1.1999799545912478e-18,6.209212766249417e-7,0.019325798611924166,8.578271554257552e-18,310.66083973035694
1e-10,1.2004849743052953e-18,6.209212766249417e-7,0.01933393200552911,8.578271554257547e-18,310.66083973035677
1e-10,1.2007219493211298e-18,6.209212766249417e-7,0.019337748512142035,8.578271554257547e-18,310.66083973035677
1e-10,1.2012520202913071e-18,6.209212766249417e-7,0.019346285358762247,8.578271554257546e-18,310.6608397303567
1e-10,1.2017852403220182e-18,6.209212766249417e-7,0.019354872921321053,8.578271554257549e-18,310.6608397303568
1e-10,1.2024080083155665e-18,6.209212766249417e-7,0.019364902662883998,8.578271554257546e-18,310.6608397303567
1e-10,1.202958536533116e-18,6.209212766249417e-7,0.019373768975543503,8.578271554257546e-18,310.6608397303567
1e-10,1.2032618012693269e-18,6.209212766249417e-7,0.0193786530848119,8.578271554257546e-18,310.6608397303567
1e-10,1.203769158266938e-18,6.209212766249417e-7,0.01938682412060518,8.578271554257549e-18,310.6608397303568
1e-10,1.2042608916383124e-18,6.209212766249417e-7,0.019394743536316737,8.578271554257547e-18,310.66083973035677
1e-10,1.2045268454496738e-18,6.209212766249417e-7,0.019399026749364404,8.57827155425755e-18,310.6608397303569
1e-10,1.204987208009324e-18,6.209212766249417e-7,0.01940644093497828,8.578271554257553e-18,310.660839730357
1e-10,1.205408960366804e-18,6.209212766249417e-7,0.019413233299378684,8.578271554257553e-18,310.660839730357
1e-10,1.2056842516608334e-18,6.209212766249417e-7,0.019417666893529712,8.578271554257553e-18,310.660839730357
1e-10,1.2061233340730425e-18,6.209212766249417e-7,0.019424738360215403,8.578271554257547e-18,310.66083973035677
1e-10,1.2065784626933396e-18,6.209212766249417e-7,0.0194320682527063,8.57827155425755e-18,310.6608397303569
1e-10,1.2072201283106732e-18,6.209212766249417e-7,0.01944240234241283,8.578271554257546e-18,310.6608397303567
1e-10,1.2078191406192452e-18,6.209212766249417e-7,0.019452049496265056,8.578271554257549e-18,310.6608397303568
1e-10,1.2081972415733228e-18,6.209212766249417e-7,0.019458138850395948,8.57827155425755e-18,310.6608397303569
1e-10,1.2086747307845347e-18,6.209212766249417e-7,0.01946582886246652,8.578271554257552e-18,310.66083973035694
1e-10,1.2092766474770587e-18,6.209212766249417e-7,0.019475522791716226,8.578271554257553e-18,310.660839730357
1e-10,1.2096403094845822e-18,6.209212766249417e-7,0.01948137960515158,8.578271554257555e-18,310.66083973035705
1e-10,1.2101477943088857e-18,6.209212766249417e-7,0.01948955269960668,8.578271554257557e-18,310.6608397303571
1e-10,1.2104167177917318e-18,6.209212766249417e-7,0.01949388373951415,8.578271554257558e-18,310.66083973035717
1e-10,1.2108667564145887e-18,6.209212766249417e-7,0.01950113165708114,8.578271554257561e-18,310.6608397303573
1e-10,1.2112326083583516e-18,6.209212766249417e-7,0.019507023739661265,8.578271554257564e-18,310.6608397303574
1e-10,1.2116093092765589e-18,6.209212766249417e-7,0.019513090546072778,8.578271554257566e-18,310.66083973035745
1e-10,1.2124978496805424e-18,6.209212766249417e-7,0.019527400579203116,8.578271554257572e-18,310.6608397303577
1e-10,1.212836174041986e-18,6.209212766249417e-7,0.019532849327284073,8.578271554257572e-18,310.6608397303577
1e-10,1.2134219142432548e-18,6.209212766249417e-7,0.019542282732504985,8.578271554257575e-18,310.6608397303578
1e-10,1.2137321480306867e-18,6.209212766249417e-7,0.019547279079048595,8.578271554257573e-18,310.66083973035774
1e-10,1.2141659766082002e-18,6.209212766249417e-7,0.019554265932194802,8.578271554257573e-18,310.66083973035774
1e-10,1.2144504789420126e-18,6.209212766249417e-7,0.019558847871073735,8.578271554257575e-18,310.6608397303578
1e-10,1.214820979231657e-18,6.209212766249417e-7,0.019564814815734712,8.578271554257577e-18,310.66083973035785
1e-10,1.2153449440851348e-18,6.209212766249417e-7,0.01957325332272751,8.578271554257577e-18,310.66083973035785
1e-10,1.2160435350218904e-18,6.209212766249417e-7,0.019584504200464425,8.578271554257581e-18,310.660839730358
1e-10,1.216333823883283e-18,6.209212766249417e-7,0.01958917933195566,8.578271554257581e-18,310.660839730358
1e-10,1.2167836874525845e-18,6.209212766249417e-7,0.019596424430267424,8.578271554257583e-18,310.6608397303581
1e-10,1.2172042494567483e-18,6.209212766249417e-7,0.019603197623907203,8.578271554257583e-18,310.6608397303581
1e-10,1.217405135009912e-18,6.209212766249417e-7,0.019606432906071402,8.578271554257586e-18,310.6608397303582
1e-10,1.2176613312678349e-18,6.209212766249417e-7,0.019610558972733432,8.578271554257586e-18,310.6608397303582
1e-10,1.2181405670697276e-18,6.209212766249417e-7,0.01961827711382368,8.578271554257583e-18,310.6608397303581
1e-10,1.21850781681574e-18,6.209212766249417e-7,0.019624191708150496,8.578271554257584e-18,310.66083973035813
1e-10,1.2188220623459812e-18,6.209212766249417e-7,0.019629252664218055,8.578271554257584e-18,310.66083973035813
1e-10,1.219169140454582e-18,6.209212766249417e-7,0.019634842392282897,8.57827155425758e-18,310.66083973035796
1e-10,1.2198373904507561e-18,6.209212766249417e-7,0.01964560462610111,8.578271554257581e-18,310.660839730358
1e-10,1.2204156222366277e-18,6.209212766249417e-7,0.019654917107532165,8.578271554257583e-18,310.6608397303581
1e-10,1.2207180732210576e-18,6.209212766249417e-7,0.019659788111245774,8.578271554257589e-18,310.6608397303583
1e-10,1.2209798835330417e-18,6.209212766249417e-7,0.019664004592816628,8.578271554257586e-18,310.6608397303582
1e-10,1.2213320790069863e-18,6.209212766249417e-7,0.01966967673656823,8.578271554257587e-18,310.66083973035825
1e-10,1.221536153117647e-18,6.209212766249417e-7,0.01967296337077362,8.578271554257584e-18,310.66083973035813
1e-10,1.2221653854185467e-18,6.209212766249417e-7,0.019683097220660674,8.578271554257584e-18,310.66083973035813
1e-10,1.2223962908509779e-18,6.209212766249417e-7,0.01968681597601862,8.578271554257578e-18,310.6608397303579
1e-10,1.2227643498338802e-18,6.209212766249417e-7,0.019692743603187443,8.578271554257578e-18,310.6608397303579
1e-10,1.2232523077830535e-18,6.209212766249417e-7,0.019700602215342367,8.578271554257581e-18,310.660839730358
1e-10,1.2236828054691733e-18,6.209212766249417e-7,0.019707535424145578,8.578271554257578e-18,310.6608397303579
1e-10,1.2239056135971822e-18,6.209212766249417e-7,0.01971112377159632,8.578271554257577e-18,310.66083973035785
1e-10,1.2242755904471756e-18,6.209212766249417e-7,0.01971708228620874,8.578271554257575e-18,310.6608397303578
1e-10,1.2245310686642354e-18,6.209212766249417e-7,0.019721196788750006,8.578271554257572e-18,310.6608397303577
1e-10,1.2248983351095953e-18,6.209212766249417e-7,0.0197271116520215,8.578271554257575e-18,310.6608397303578
1e-10,1.2253463433121832e-18,6.209212766249417e-7,0.019734326869464573,8.578271554257575e-18,310.6608397303578
1e-10,1.2258617754892683e-18,6.209212766249417e-7,0.019742627956840526,8.578271554257572e-18,310.6608397303577
1e-10,1.2264679951201109e-18,6.209212766249417e-7,0.01975239118534733,8.578271554257573e-18,310.66083973035774
1e-10,1.2269391683344868e-18,6.209212766249417e-7,0.01975997947764965,8.578271554257566e-18,310.66083973035745
1e-10,1.2275223935671956e-18,6.209212766249417e-7,0.019769372379047374,8.578271554257569e-18,310.66083973035757
1e-10,1.2280775380875976e-18,6.209212766249417e-7,0.019778313037731508,8.578271554257566e-18,310.66083973035745
1e-10,1.2285376605541634e-18,6.209212766249417e-7,0.01978572335662196,8.578271554257569e-18,310.66083973035757
1e-10,1.2289003231364362e-18,6.209212766249417e-7,0.019791564074212505,8.578271554257573e-18,310.66083973035774
1e-10,1.2294374702692343e-18,6.209212766249417e-7,0.019800214883147867,8.578271554257572e-18,310.6608397303577
1e-10,1.2298827472641934e-18,6.209212766249417e-7,0.019807386114215668,8.578271554257572e-18,310.6608397303577
1e-10,1.2300097170652258e-18,6.209212766249417e-7,0.019809430975711192,8.57827155425757e-18,310.6608397303576
1e-10,1.230277861514426e-18,6.209212766249417e-7,0.019813749469202956,8.578271554257572e-18,310.6608397303577
1e-10,1.2305853784921093e-18,6.209212766249417e-7,0.019818702061250613,8.578271554257572e-18,310.6608397303577
1e-10,1.2310942258904279e-18,6.209212766249417e-7,0.01982689710009812,8.57827155425757e-18,310.6608397303576
1e-10,1.2314486284608815e-18,6.209212766249417e-7,0.01983260478936237,8.578271554257567e-18,310.6608397303575
1e-10,1.2316908420942813e-18,6.209212766249417e-7,0.019836505664441353,8.578271554257567e-18,310.6608397303575
1e-10,1.2321525150311536e-18,6.209212766249417e-7,0.01984394095381301,8.57827155425757e-18,310.6608397303576
1e-10,1.232738366329821e-18,6.209212766249417e-7,0.019853376148268768,8.578271554257567e-18,310.6608397303575
1e-10,1.2331859163145161e-18,6.209212766249417e-7,0.019860583986066303,8.578271554257563e-18,310.66083973035734
1e-10,1.2332697161982148e-18,6.209212766249417e-7,0.019861933591674184,8.578271554257563e-18,310.66083973035734
1e-10,1.2335048610932999e-18,6.209212766249417e-7,0.019865720624007224,8.578271554257563e-18,310.66083973035734
1e-10,1.2339038360487089e-18,6.209212766249417e-7,0.0198721461560421,8.578271554257573e-18,310.66083973035774
1e-10,1.2342854475372922e-18,6.209212766249417e-7,0.019878292047686492,8.578271554257572e-18,310.6608397303577
1e-10,1.2346691250716145e-18,6.209212766249417e-7,0.0198844712132066,8.578271554257567e-18,310.6608397303575
1e-10,1.2350591961708949e-18,6.209212766249417e-7,0.019890753347737416,8.578271554257572e-18,310.6608397303577
1e-10,1.2352533193568332e-18,6.209212766249417e-7,0.01989387972129307,8.578271554257569e-18,310.66083973035757
1e-10,1.2355427248060185e-18,6.209212766249417e-7,0.0198985406253413,8.578271554257575e-18,310.6608397303578
1e-10,1.2357355972524086e-18,6.209212766249417e-7,0.01990164685560995,8.578271554257569e-18,310.66083973035757
1e-10,1.2359800604984143e-18,6.209212766249417e-7,0.019905583960927623,8.578271554257569e-18,310.66083973035757
1e-10,1.2364966304594415e-18,6.209212766249417e-7,0.019913903372429112,8.578271554257567e-18,310.6608397303575
1e-10,1.2369662844816332e-18,6.209212766249417e-7,0.019921467197987555,8.578271554257569e-18,310.66083973035757
1e-10,1.2375758250648508e-18,6.209212766249417e-7,0.01993128391076845,8.578271554257578e-18,310.6608397303579
1e-10,1.2381552583345007e-18,6.209212766249417e-7,0.019940615742217352,8.57827155425758e-18,310.66083973035796
1e-10,1.238618213099297e-18,6.209212766249417e-7,0.019948071675557448,8.578271554257586e-18,310.6608397303582
1e-10,1.239108264307023e-18,6.209212766249417e-7,0.019955963999853204,8.578271554257586e-18,310.6608397303582
1e-10,1.2392963341523924e-18,6.209212766249417e-7,0.019958992883746373,8.57827155425758e-18,310.66083973035796
1e-10,1.2394930547297586e-18,6.209212766249417e-7,0.01996216108855384,8.57827155425758e-18,310.66083973035796
1e-10,1.2399782259735422e-18,6.209212766249417e-7,0.019969974820536432,8.578271554257581e-18,310.660839730358
1e-10,1.240239163202228e-18,6.209212766249417e-7,0.01997417724101241,8.578271554257581e-18,310.660839730358
1e-10,1.2408014235320886e-18,6.209212766249417e-7,0.019983232500528025,8.578271554257581e-18,310.660839730358
1e-10,1.2412444643312977e-18,6.209212766249417e-7,0.01999036771743696,8.578271554257583e-18,310.6608397303581
1e-10,1.2415724833957461e-18,6.209212766249417e-7,0.019995650497666866,8.578271554257581e-18,310.660839730358
1e-10,1.2417562954331456e-18,6.209212766249417e-7,0.01999861080913177,8.57827155425758e-18,310.66083973035796
1e-10,1.2420904764281435e-18,6.209212766249417e-7,0.020003992827876793,8.578271554257577e-18,310.66083973035785
1e-10,1.2424552370412084e-18,6.209212766249417e-7,0.020009867334465577,8.578271554257577e-18,310.66083973035785
1e-10,1.2431696391424025e-18,6.209212766249417e-7,0.020021372852605933,8.578271554257575e-18,310.6608397303578
1e-10,1.2435472808398606e-18,6.209212766249417e-7,0.02002745481036249,8.578271554257572e-18,310.6608397303577
1e-10,1.243761318364304e-18,6.209212766249417e-7,0.020030901906355186,8.578271554257575e-18,310.6608397303578
1e-10,1.244495141584088e-18,6.209212766249417e-7,0.020042720203575934,8.578271554257573e-18,310.66083973035774
1e-10,1.2450835907133195e-18,6.209212766249417e-7,0.02005219723635584,8.57827155425758e-18,310.66083973035796
1e-10,1.2455112394361968e-18,6.209212766249417e-7,0.020059084562317704,8.57827155425758e-18,310.66083973035796
1e-10,1.2457421219833193e-18,6.209212766249417e-7,0.020062802949105438,8.578271554257573e-18,310.66083973035774
1e-10,1.2462810980145254e-18,6.209212766249417e-7,0.02007148321263475,8.578271554257575e-18,310.6608397303578
1e-10,1.2468548970310337e-18,6.209212766249417e-7,0.02008072430386659,8.578271554257575e-18,310.6608397303578
1e-10,1.2470962591128798e-18,6.209212766249417e-7,0.02008461146462162,8.578271554257578e-18,310.6608397303579
1e-10,1.247287791416388e-18,6.209212766249417e-7,0.020087696111753532,8.578271554257577e-18,310.66083973035785
1e-10,1.2478228949580087e-18,6.209212766249417e-7,0.020096314008446158,8.578271554257575e-18,310.6608397303578
1e-10,1.24832117712923e-18,6.209212766249417e-7,0.020104338893242018,8.578271554257577e-18,310.66083973035785
1e-10,1.2487725096889166e-18,6.209212766249417e-7,0.020111607649792602,8.578271554257575e-18,310.6608397303578
1e-10,1.2493080561200389e-18,6.209212766249417e-7,0.020120232679265476,8.578271554257575e-18,310.6608397303578
1e-10,1.2494774871721907e-18,6.209212766249417e-7,0.020122961383507543,8.578271554257577e-18,310.66083973035785
1e-10,1.2497273026972943e-18,6.209212766249417e-7,0.020126984687821765,8.578271554257569e-18,310.66083973035757
1e-10,1.2500747203375662e-18,6.209212766249417e-7,0.02013257988407853,8.578271554257566e-18,310.66083973035745
1e-10,1.2503290688295558e-18,6.209212766249417e-7,0.020136676192283206,8.578271554257567e-18,310.6608397303575
1e-10,1.2506083206120691e-18,6.209212766249417e-7,0.02014117357050209,8.578271554257564e-18,310.6608397303574
1e-10,1.2511589501513682e-18,6.209212766249417e-7,0.02015004151495862,8.578271554257564e-18,310.6608397303574
1e-10,1.2514154180183552e-18,6.209212766249417e-7,0.020154171955912122,8.57827155425756e-18,310.6608397303572
1e-10,1.2519607251700601e-18,6.209212766249417e-7,0.020162954182777804,8.57827155425756e-18,310.6608397303572
1e-10,1.2523284304237493e-18,6.209212766249417e-7,0.020168876113101853,8.578271554257566e-18,310.66083973035745
1e-10,1.2527375915962215e-18,6.209212766249417e-7,0.02017546569519342,8.578271554257566e-18,310.66083973035745
1e-10,1.2530723741080885e-18,6.209212766249417e-7,0.020180857401428495,8.578271554257557e-18,310.6608397303571
1e-10,1.2535901395947865e-18,6.209212766249417e-7,0.020189196066991905,8.57827155425756e-18,310.6608397303572
1e-10,1.2538841879398963e-18,6.209212766249417e-7,0.020193931745348878,8.578271554257561e-18,310.6608397303573
1e-10,1.2542583604951354e-18,6.209212766249417e-7,0.02019995783221891,8.578271554257561e-18,310.6608397303573
1e-10,1.254562374132805e-18,6.209212766249417e-7,0.02020485400262109,8.578271554257566e-18,310.66083973035745
1e-10,1.255134073926443e-18,6.209212766249417e-7,0.020214061285656157,8.57827155425756e-18,310.6608397303572
1e-10,1.2555272267144005e-18,6.209212766249417e-7,0.020220393051094996,8.578271554257566e-18,310.66083973035745
1e-10,1.2557282220320148e-18,6.209212766249417e-7,0.020223630101026784,8.578271554257563e-18,310.66083973035734
1e-10,1.2561274263093763e-18,6.209212766249417e-7,0.020230059326314914,8.578271554257566e-18,310.66083973035745
1e-10,1.2563333811164474e-18,6.209212766249417e-7,0.02023337624932632,8.578271554257566e-18,310.66083973035745
1e-10,1.256892770828444e-18,6.209212766249417e-7,0.02024238527725072,8.578271554257566e-18,310.66083973035745
1e-10,1.257330659377501e-18,6.209212766249417e-7,0.020249437516649524,8.57827155425757e-18,310.6608397303576
1e-10,1.2577415746360689e-18,6.209212766249417e-7,0.020256055348475185,8.578271554257567e-18,310.6608397303575
1e-10,1.2582358256599497e-18,6.209212766249417e-7,0.020264015311235156,8.578271554257572e-18,310.6608397303577
1e-10,1.258688435008412e-18,6.209212766249417e-7,0.02027130463059819,8.57827155425757e-18,310.6608397303576
1e-10,1.2589976481741095e-18,6.209212766249417e-7,0.020276284539925478,8.57827155425757e-18,310.6608397303576
1e-10,1.2594076475689318e-18,6.209212766249417e-7,0.020282887621672827,8.578271554257569e-18,310.66083973035757
1e-10,1.2597225833863982e-18,6.209212766249417e-7,0.020287959694886008,8.578271554257567e-18,310.6608397303575
1e-10,1.2602006226103567e-18,6.209212766249417e-7,0.020295658564967525,8.578271554257564e-18,310.6608397303574
1e-10,1.2604796208007866e-18,6.209212766249417e-7,0.02030015185906024,8.578271554257564e-18,310.6608397303574
1e-10,1.2608448949740861e-18,6.209212766249417e-7,0.020306034636588574,8.578271554257558e-18,310.66083973035717
1e-10,1.2612607517952932e-18,6.209212766249417e-7,0.020312732052780648,8.578271554257553e-18,310.660839730357
1e-10,1.2618196662982009e-18,6.209212766249417e-7,0.020321733427414574,8.57827155425755e-18,310.6608397303569
1e-10,1.262163298362288e-18,6.209212766249417e-7,0.020327267656583766,8.57827155425756e-18,310.6608397303572
1e-10,1.262665766648475e-18,6.209212766249417e-7,0.020335359959184802,8.57827155425756e-18,310.6608397303572
1e-10,1.2633695856723002e-18,6.209212766249417e-7,0.02034669503579308,8.578271554257558e-18,310.66083973035717
1e-10,1.26368411647481e-18,6.209212766249417e-7,0.020351760586199395,8.578271554257553e-18,310.660839730357
1e-10,1.2639915942474411e-18,6.209212766249417e-7,0.020356712546845717,8.578271554257549e-18,310.6608397303568
1e-10,1.2641503986156894e-18,6.209212766249417e-7,0.020359270107268054,8.57827155425755e-18,310.6608397303569
1e-10,1.2643997541590597e-18,6.209212766249417e-7,0.020363286003529907,8.578271554257544e-18,310.66083973035666
1e-10,1.264882023329489e-18,6.209212766249417e-7,0.020371052997327426,8.578271554257546e-18,310.6608397303567
1e-10,1.2651699692848852e-18,6.209212766249417e-7,0.020375690396080476,8.578271554257544e-18,310.66083973035666
1e-10,1.265765687499008e-18,6.209212766249417e-7,0.020385284498208218,8.578271554257543e-18,310.6608397303566
1e-10,1.2661152171758548e-18,6.209212766249417e-7,0.02039091370902777,8.57827155425754e-18,310.6608397303565
1e-10,1.2666946932846018e-18,6.209212766249417e-7,0.020400246230404664,8.57827155425754e-18,310.6608397303565
1e-10,1.267031401272463e-18,6.209212766249417e-7,0.02040566894662549,8.578271554257541e-18,310.66083973035654
1e-10,1.2675346084076596e-18,6.209212766249417e-7,0.0204137731484646,8.578271554257541e-18,310.66083973035654
1e-10,1.2679137752450468e-18,6.209212766249417e-7,0.020419879668754068,8.578271554257543e-18,310.6608397303566
1e-10,1.2683397310671251e-18,6.209212766249417e-7,0.020426739730377237,8.578271554257543e-18,310.6608397303566
1e-10,1.268759158341909e-18,6.209212766249417e-7,0.02043349464908551,8.578271554257546e-18,310.6608397303567
1e-10,1.2692244857418712e-18,6.209212766249417e-7,0.020440988793955076,8.578271554257552e-18,310.66083973035694
1e-10,1.2695002166524825e-18,6.209212766249417e-7,0.02044542946817565,8.578271554257552e-18,310.66083973035694
1e-10,1.2701111762409349e-18,6.209212766249417e-7,0.020455269034179463,8.578271554257547e-18,310.66083973035677
1e-10,1.2706213459749971e-18,6.209212766249417e-7,0.02046348536937795,8.578271554257549e-18,310.6608397303568
1e-10,1.271014154591416e-18,6.209212766249417e-7,0.020469811591899326,8.578271554257544e-18,310.66083973035666
1e-10,1.271219125355309e-18,6.209212766249417e-7,0.020473112666795763,8.578271554257544e-18,310.66083973035666
1e-10,1.2715701379864004e-18,6.209212766249417e-7,0.02047876576074351,8.578271554257555e-18,310.66083973035705
1e-10,1.2719911855151122e-18,6.209212766249417e-7,0.020485546773805267,8.578271554257553e-18,310.660839730357
1e-10,1.272183389303072e-18,6.209212766249417e-7,0.020488642235262224,8.578271554257557e-18,310.6608397303571
1e-10,1.2726794424328827e-18,6.209212766249417e-7,0.020496631221120578,8.578271554257555e-18,310.66083973035705
1e-10,1.2730748633983655e-18,6.209212766249417e-7,0.020502999515788014,8.578271554257558e-18,310.66083973035717
1e-10,1.2733220525356644e-18,6.209212766249417e-7,0.020506980521860837,8.578271554257557e-18,310.6608397303571
1e-10,1.2737416763374905e-18,6.209212766249417e-7,0.020513738605657014,8.578271554257557e-18,310.6608397303571
1e-10,1.274091243774559e-18,6.209212766249417e-7,0.02051936842460876,8.578271554257553e-18,310.660839730357
1e-10,1.2744998148183602e-18,6.209212766249417e-7,0.02052594850261836,8.57827155425756e-18,310.6608397303572
1e-10,1.2749238197986563e-18,6.209212766249417e-7,0.02053277714573719,8.578271554257558e-18,310.66083973035717
1e-10,1.2754893100681103e-18,6.209212766249417e-7,0.020541884423756842,8.578271554257563e-18,310.66083973035734
1e-10,1.2759271516215223e-18,6.209212766249417e-7,0.020548935906286026,8.578271554257558e-18,310.66083973035717
1e-10,1.2762558428068837e-18,6.209212766249417e-7,0.020554229511091263,8.578271554257553e-18,310.660839730357
1e-10,1.2767933334577494e-18,6.209212766249417e-7,0.020562885852419863,8.578271554257552e-18,310.66083973035694
1e-10,1.2772868543997549e-18,6.209212766249417e-7,0.020570834057137347,8.578271554257549e-18,310.6608397303568
1e-10,1.2777311382105983e-18,6.209212766249417e-7,0.02057798929287445,8.578271554257546e-18,310.6608397303567
1e-10,1.2782242659214631e-18,6.209212766249417e-7,0.02058593116456461,8.578271554257543e-18,310.6608397303566
1e-10,1.2787729784708677e-18,6.209212766249417e-7,0.02059476823570489,8.57827155425754e-18,310.6608397303565
1e-10,1.2791877974977834e-18,6.209212766249417e-7,0.02060144893811487,8.578271554257541e-18,310.66083973035654
1e-10,1.2795716643866185e-18,6.209212766249417e-7,0.020607631153208572,8.57827155425754e-18,310.6608397303565
1e-10,1.2801852616205482e-18,6.209212766249417e-7,0.02061751319875974,8.578271554257538e-18,310.66083973035643
1e-10,1.2803955927879679e-18,6.209212766249417e-7,0.02062090060349747,8.578271554257544e-18,310.66083973035666
1e-10,1.2806760639394413e-18,6.209212766249417e-7,0.02062541761977686,8.578271554257544e-18,310.66083973035666
1e-10,1.2812108864769739e-18,6.209212766249417e-7,0.020634030990870206,8.57827155425755e-18,310.6608397303569
1e-10,1.2816339558986374e-18,6.209212766249417e-7,0.020640844566722577,8.578271554257546e-18,310.6608397303567
1e-10,1.282087584674907e-18,6.209212766249417e-7,0.020648150304073618,8.578271554257549e-18,310.6608397303568
1e-10,1.282678425787028e-18,6.209212766249417e-7,0.02065766585998004,8.578271554257547e-18,310.66083973035677
1e-10,1.2830876345940362e-18,6.209212766249417e-7,0.02066425620923063,8.578271554257546e-18,310.6608397303567
1e-10,1.2839434185285137e-18,6.209212766249417e-7,0.02067803869610448,8.578271554257546e-18,310.6608397303567
1e-10,1.2842945503449666e-18,6.209212766249417e-7,0.02068369370954453,8.578271554257549e-18,310.6608397303568
1e-10,1.2846585720233872e-18,6.209212766249417e-7,0.020689556315516083,8.578271554257546e-18,310.6608397303567
1e-10,1.2849582338668212e-18,6.209212766249417e-7,0.020694382399831682,8.578271554257546e-18,310.6608397303567
1e-10,1.2851564196938512e-18,6.209212766249417e-7,0.020697574202633275,8.578271554257543e-18,310.6608397303566
1e-10,1.2857086295348567e-18,6.209212766249417e-7,0.020706467598008725,8.578271554257543e-18,310.6608397303566
1e-10,1.2861237233484115e-18,6.209212766249417e-7,0.02071315272588534,8.578271554257546e-18,310.6608397303567
1e-10,1.2866747286209403e-18,6.209212766249417e-7,0.020722026721563563,8.578271554257543e-18,310.6608397303566
1e-10,1.2870629376690964e-18,6.209212766249417e-7,0.020728278867572576,8.578271554257543e-18,310.6608397303566
1e-10,1.2873383694693407e-18,6.209212766249417e-7,0.020732714724590415,8.578271554257547e-18,310.66083973035677
1e-10,1.2877549805802731e-18,6.209212766249417e-7,0.020739424288694852,8.578271554257549e-18,310.6608397303568
1e-10,1.2882230756124302e-18,6.209212766249417e-7,0.020746963006561012,8.578271554257552e-18,310.66083973035694
1e-10,1.2885974707871278e-18,6.209212766249417e-7,0.02075299267873995,8.578271554257553e-18,310.660839730357
1e-10,1.2890331363077437e-18,6.209212766249417e-7,0.020760009116040732,8.57827155425756e-18,310.6608397303572
1e-10,1.2891703976295533e-18,6.209212766249417e-7,0.02076221972351992,8.578271554257552e-18,310.66083973035694
1e-10,1.2894213944056971e-18,6.209212766249417e-7,0.020766262052001692,8.578271554257555e-18,310.66083973035705
1e-10,1.2900687022379612e-18,6.209212766249417e-7,0.020776687010150695,8.578271554257558e-18,310.66083973035717
1e-10,1.2904564671011116e-18,6.209212766249417e-7,0.020782932002515235,8.578271554257558e-18,310.66083973035717
1e-10,1.2909894199012731e-18,6.209212766249417e-7,0.020791515261298996,8.57827155425756e-18,310.6608397303572
1e-10,1.2914749121577235e-18,6.209212766249417e-7,0.020799334163223073,8.578271554257558e-18,310.66083973035717
1e-10,1.2920688129069147e-18,6.209212766249417e-7,0.02080889899489416,8.578271554257557e-18,310.6608397303571
1e-10,1.2926694405293835e-18,6.209212766249417e-7,0.020818572163540168,8.578271554257564e-18,310.6608397303574
1e-10,1.2930382440500975e-18,6.209212766249417e-7,0.0208245117815658,8.578271554257569e-18,310.66083973035757
1e-10,1.293302543975397e-18,6.209212766249417e-7,0.020828768358611062,8.578271554257573e-18,310.66083973035774
1e-10,1.2938273563469156e-18,6.209212766249417e-7,0.02083722051496768,8.57827155425757e-18,310.6608397303576
1e-10,1.29412811938596e-18,6.209212766249417e-7,0.020842064334150028,8.578271554257573e-18,310.66083973035774
1e-10,1.2943676546126181e-18,6.209212766249417e-7,0.020845922073217373,8.578271554257577e-18,310.66083973035785
1e-10,1.294804074979795e-18,6.209212766249417e-7,0.02085295066739841,8.578271554257569e-18,310.66083973035757
1e-10,1.295227326048389e-18,6.209212766249417e-7,0.020859767168692978,8.578271554257573e-18,310.66083973035774
1e-10,1.2954376160547996e-18,6.209212766249417e-7,0.020863153910528492,8.578271554257575e-18,310.6608397303578
1e-10,1.2958542601388606e-18,6.209212766249417e-7,0.020869864005668502,8.578271554257578e-18,310.6608397303579
1e-10,1.2963039357475256e-18,6.209212766249417e-7,0.020877106076855195,8.578271554257572e-18,310.6608397303577
1e-10,1.2966821428972533e-18,6.209212766249417e-7,0.020883197141277784,8.578271554257563e-18,310.66083973035734
1e-10,1.296820961014011e-18,6.209212766249417e-7,0.020885432821097165,8.578271554257569e-18,310.66083973035757
1e-10,1.297412138228705e-18,6.209212766249417e-7,0.020894953789969542,8.57827155425757e-18,310.6608397303576
1e-10,1.29776383339326e-18,6.209212766249417e-7,0.02090061787618779,8.578271554257561e-18,310.6608397303573
1e-10,1.2982349999156747e-18,6.209212766249417e-7,0.020908206060715397,8.57827155425756e-18,310.6608397303572
1e-10,1.2986765847750414e-18,6.209212766249417e-7,0.02091531782956582,8.57827155425756e-18,310.6608397303572
1e-10,1.298968997257858e-18,6.209212766249417e-7,0.020920027162195008,8.578271554257563e-18,310.66083973035734
1e-10,1.2991599348252941e-18,6.209212766249417e-7,0.020923102231042285,8.578271554257564e-18,310.6608397303574
1e-10,1.2995053406530008e-18,6.209212766249417e-7,0.020928665026854084,8.578271554257563e-18,310.66083973035734
1e-10,1.2999425960291361e-18,6.209212766249417e-7,0.020935707068938905,8.578271554257566e-18,310.66083973035745
1e-10,1.3005960939007814e-18,6.209212766249417e-7,0.020946231718298604,8.578271554257564e-18,310.6608397303574
1e-10,1.3011703711144462e-18,6.209212766249417e-7,0.020955480510944046,8.578271554257567e-18,310.6608397303575
1e-10,1.301720743162109e-18,6.209212766249417e-7,0.02096434430847172,8.578271554257566e-18,310.66083973035745
1e-10,1.3021767002862836e-18,6.209212766249417e-7,0.02097168754410141,8.578271554257569e-18,310.66083973035757
1e-10,1.3024821919707903e-18,6.209212766249417e-7,0.02097660751859749,8.578271554257566e-18,310.66083973035745
1e-10,1.3028652406589536e-18,6.209212766249417e-7,0.020982776556486567,8.578271554257561e-18,310.6608397303573
1e-10,1.3033421913832795e-18,6.209212766249417e-7,0.02099045789617134,8.578271554257557e-18,310.6608397303571
1e-10,1.3037906893647235e-18,6.209212766249417e-7,0.020997681001552457,8.578271554257553e-18,310.660839730357
1e-10,1.304308464337573e-18,6.209212766249417e-7,0.021006019819891295,8.578271554257555e-18,310.66083973035705
1e-10,1.3046920151535703e-18,6.209212766249417e-7,0.021012196944599954,8.57827155425756e-18,310.6608397303572
1e-10,1.3050536230873906e-18,6.209212766249417e-7,0.02101802067697044,8.578271554257566e-18,310.66083973035745
1e-10,1.3056539214991427e-18,6.209212766249417e-7,0.02102768854364454,8.578271554257564e-18,310.6608397303574
1e-10,1.305882077345368e-18,6.209212766249417e-7,0.02103136301663837,8.57827155425756e-18,310.6608397303572
1e-10,1.3062319409488746e-18,6.209212766249417e-7,0.021036997605380574,8.578271554257558e-18,310.66083973035717
1e-10,1.3066794510686293e-18,6.209212766249417e-7,0.021044204801149206,8.578271554257558e-18,310.66083973035717
1e-10,1.3068409660822856e-18,6.209212766249417e-7,0.02104680601679017,8.578271554257561e-18,310.6608397303573
1e-10,1.3075984205442703e-18,6.209212766249417e-7,0.021059004897558145,8.578271554257564e-18,310.6608397303574
1e-10,1.3079938711481754e-18,6.209212766249417e-7,0.02106537366955537,8.578271554257567e-18,310.6608397303575
1e-10,1.3085608576115111e-18,6.209212766249417e-7,0.02107450504392891,8.578271554257567e-18,310.6608397303575
1e-10,1.3092885014405962e-18,6.209212766249417e-7,0.021086223821437072,8.578271554257569e-18,310.66083973035757
1e-10,1.3095794881819648e-18,6.209212766249417e-7,0.021090910192355945,8.578271554257564e-18,310.6608397303574
1e-10,1.3098369597416084e-18,6.209212766249417e-7,0.02109505679788126,8.578271554257567e-18,310.6608397303575
1e-10,1.3101705980387406e-18,6.209212766249417e-7,0.02110043007642223,8.57827155425757e-18,310.6608397303576
1e-10,1.3105580658975403e-18,6.209212766249417e-7,0.021106670285501644,8.578271554257573e-18,310.66083973035774
1e-10,1.3108433179428655e-18,6.209212766249417e-7,0.021111264298560365,8.578271554257573e-18,310.66083973035774
1e-10,1.311222655799148e-18,6.209212766249417e-7,0.021117373573126447,8.578271554257573e-18,310.66083973035774
1e-10,1.3117176278670306e-18,6.209212766249417e-7,0.02112534514837304,8.57827155425757e-18,310.6608397303576
1e-10,1.3121989543585092e-18,6.209212766249417e-7,0.021133096960230652,8.578271554257569e-18,310.66083973035757
1e-10,1.3125216685779697e-18,6.209212766249417e-7,0.02113829430539516,8.578271554257569e-18,310.66083973035757
1e-10,1.3131874510372275e-18,6.209212766249417e-7,0.02114901679928161,8.578271554257577e-18,310.66083973035785
1e-10,1.3135610929984125e-18,6.209212766249417e-7,0.0211550343408807,8.578271554257577e-18,310.66083973035785
1e-10,1.3141583392017292e-18,6.209212766249417e-7,0.021164653051429047,8.578271554257577e-18,310.66083973035785
1e-10,1.3148891962293016e-18,6.209212766249417e-7,0.021176423577824035,8.57827155425758e-18,310.66083973035796
1e-10,1.3151327149230277e-18,6.209212766249417e-7,0.021180345471031654,8.578271554257577e-18,310.66083973035785
1e-10,1.3155550470543244e-18,6.209212766249417e-7,0.021187147172748052,8.578271554257575e-18,310.6608397303578
1e-10,1.3157641549306114e-18,6.209212766249417e-7,0.02119051487625829,8.578271554257573e-18,310.66083973035774
1e-10,1.3160220653947537e-18,6.209212766249417e-7,0.02119466855038497,8.578271554257575e-18,310.6608397303578
1e-10,1.3164297956044687e-18,6.209212766249417e-7,0.021201235086676512,8.57827155425757e-18,310.6608397303576
1e-10,1.3166761775211232e-18,6.209212766249417e-7,0.021205203092379166,8.578271554257573e-18,310.66083973035774
1e-10,1.317025310665155e-18,6.209212766249417e-7,0.021210825916997602,8.578271554257578e-18,310.6608397303579
1e-10,1.3172836175139294e-18,6.209212766249417e-7,0.0212149859749389,8.57827155425758e-18,310.66083973035796
1e-10,1.3177713397760975e-18,6.209212766249417e-7,0.021222840791330747,8.578271554257578e-18,310.6608397303579
1e-10,1.3179371471921802e-18,6.209212766249417e-7,0.021225511136547196,8.578271554257572e-18,310.6608397303577
1e-10,1.3181867865785295e-18,6.209212766249417e-7,0.02122953160412895,8.578271554257575e-18,310.6608397303578
1e-10,1.3185434004240084e-18,6.209212766249417e-7,0.021235274906201276,8.578271554257577e-18,310.66083973035785
1e-10,1.3186544645844321e-18,6.209212766249417e-7,0.02123706360574508,8.578271554257566e-18,310.66083973035745
1e-10,1.3191030066361312e-18,6.209212766249417e-7,0.021244287420882114,8.578271554257561e-18,310.6608397303573
1e-10,1.3197772719853978e-18,6.209212766249417e-7,0.021255146532570664,8.57827155425756e-18,310.6608397303572
1e-10,1.3200842476650684e-18,6.209212766249417e-7,0.02126009040695904,8.578271554257558e-18,310.66083973035717
1e-10,1.320415642635393e-18,6.209212766249417e-7,0.021265427556494743,8.578271554257563e-18,310.66083973035734
1e-10,1.3207858592811889e-18,6.209212766249417e-7,0.021271389933042832,8.57827155425756e-18,310.6608397303572
1e-10,1.3215817408492407e-18,6.209212766249417e-7,0.02128420768624301,8.578271554257557e-18,310.6608397303571
1e-10,1.3220456926509101e-18,6.209212766249417e-7,0.021291679676962855,8.578271554257555e-18,310.66083973035705
1e-10,1.3224075609912431e-18,6.209212766249417e-7,0.02129750760320658,8.57827155425755e-18,310.6608397303569
1e-10,1.3228532605746402e-18,6.209212766249417e-7,0.021304685640103942,8.578271554257555e-18,310.66083973035705
1e-10,1.32323026994562e-18,6.209212766249417e-7,0.021310757414178573,8.57827155425755e-18,310.6608397303569
1e-10,1.3238070863582412e-18,6.209212766249417e-7,0.021320047100880188,8.578271554257553e-18,310.660839730357
1e-10,1.3242827180209597e-18,6.209212766249417e-7,0.021327707196944278,8.578271554257553e-18,310.660839730357
1e-10,1.324832134063526e-18,6.209212766249417e-7,0.021336555597913122,8.578271554257558e-18,310.66083973035717
1e-10,1.3254783432005308e-18,6.209212766249417e-7,0.02134696286146378,8.57827155425756e-18,310.6608397303572
1e-10,1.3258705699625306e-18,6.209212766249417e-7,0.021353279713160853,8.578271554257566e-18,310.66083973035745
1e-10,1.3261721524630244e-18,6.209212766249417e-7,0.02135813672985278,8.578271554257558e-18,310.66083973035717
1e-10,1.3265148293531083e-18,6.209212766249417e-7,0.021363655575847983,8.578271554257557e-18,310.6608397303571
1e-10,1.326697491843215e-18,6.209212766249417e-7,0.021366597373737396,8.578271554257558e-18,310.66083973035717
1e-10,1.3274232861099798e-18,6.209212766249417e-7,0.021378286363857205,8.578271554257558e-18,310.66083973035717
1e-10,1.327892192020629e-18,6.209212766249417e-7,0.021385838141003543,8.578271554257561e-18,310.6608397303573
1e-10,1.3284314863379809e-18,6.209212766249417e-7,0.021394523530563446,8.578271554257563e-18,310.66083973035734
1e-10,1.3288706893211735e-18,6.209212766249417e-7,0.02140159693905703,8.578271554257563e-18,310.66083973035734
1e-10,1.3294274270766474e-18,6.209212766249417e-7,0.021410563256953237,8.578271554257563e-18,310.66083973035734
1e-10,1.3297457976670802e-18,6.209212766249417e-7,0.021415690647532657,8.578271554257563e-18,310.66083973035734
1e-10,1.3300843277665308e-18,6.209212766249417e-7,0.021421142709045042,8.578271554257555e-18,310.66083973035705
1e-10,1.3303461336425998e-18,6.209212766249417e-7,0.021425359119175036,8.578271554257555e-18,310.66083973035705
1e-10,1.3309068080754408e-18,6.209212766249417e-7,0.02143438883765865,8.578271554257555e-18,310.66083973035705
1e-10,1.331318080767771e-18,6.209212766249417e-7,0.021441012425991224,8.578271554257555e-18,310.66083973035705
1e-10,1.3316613228359706e-18,6.209212766249417e-7,0.021446540374237183,8.578271554257553e-18,310.660839730357
1e-10,1.332251268815923e-18,6.209212766249417e-7,0.021456041513949434,8.578271554257552e-18,310.66083973035694
1e-10,1.3328723207046763e-18,6.209212766249417e-7,0.02146604361747098,8.578271554257553e-18,310.660839730357
1e-10,1.333159258194173e-18,6.209212766249417e-7,0.02147066477477866,8.578271554257546e-18,310.6608397303567
1e-10,1.333533809083606e-18,6.209212766249417e-7,0.021476696954759168,8.578271554257546e-18,310.6608397303567
1e-10,1.334200297498305e-18,6.209212766249417e-7,0.021487430818129444,8.578271554257541e-18,310.66083973035654
1e-10,1.3345173350639131e-18,6.209212766249417e-7,0.021492536740209154,8.57827155425754e-18,310.6608397303565
1e-10,1.3348227487913972e-18,6.209212766249417e-7,0.021497455459199493,8.578271554257546e-18,310.6608397303567
1e-10,1.33517282778991e-18,6.209212766249417e-7,0.021503093516900072,8.578271554257546e-18,310.6608397303567
1e-10,1.3357461842096315e-18,6.209212766249417e-7,0.02151232748006587,8.57827155425754e-18,310.6608397303565
1e-10,1.3362404498545061e-18,6.209212766249417e-7,0.021520287678298427,8.578271554257552e-18,310.66083973035694
1e-10,1.3364671822218065e-18,6.209212766249417e-7,0.021523939226020108,8.578271554257553e-18,310.660839730357
1e-10,1.3370304362478782e-18,6.209212766249417e-7,0.02153301048911377,8.578271554257555e-18,310.66083973035705
1e-10,1.3373962207301161e-18,6.209212766249417e-7,0.021538901485219204,8.57827155425756e-18,310.6608397303572
1e-10,1.337649519107548e-18,6.209212766249417e-7,0.02154298088122265,8.578271554257558e-18,310.66083973035717
1e-10,1.3383026655486409e-18,6.209212766249417e-7,0.021553499870757737,8.578271554257555e-18,310.66083973035705
1e-10,1.3385932152325764e-18,6.209212766249417e-7,0.02155817920282242,8.578271554257553e-18,310.660839730357
1e-10,1.3389783501079615e-18,6.209212766249417e-7,0.021564381838967833,8.578271554257558e-18,310.66083973035717
1e-10,1.3391820470564003e-18,6.209212766249417e-7,0.021567662398937464,8.578271554257561e-18,310.6608397303573
1e-10,1.3394153818487684e-18,6.209212766249417e-7,0.02157142027938306,8.578271554257558e-18,310.66083973035717
1e-10,1.3399053529161673e-18,6.209212766249417e-7,0.021579311313010736,8.578271554257558e-18,310.66083973035717
1e-10,1.3402638971706284e-18,6.209212766249417e-7,0.021585085704515082,8.578271554257558e-18,310.66083973035717
1e-10,1.3407212553238853e-18,6.209212766249417e-7,0.021592451503859935,8.57827155425756e-18,310.6608397303572
1e-10,1.3413861495208161e-18,6.209212766249417e-7,0.021603159692191714,8.578271554257567e-18,310.6608397303575
1e-10,1.3415610294448155e-18,6.209212766249417e-7,0.02160597615106634,8.578271554257566e-18,310.66083973035745
1e-10,1.3419083015729212e-18,6.209212766249417e-7,0.021611569003834943,8.578271554257561e-18,310.6608397303573
1e-10,1.3424304967488452e-18,6.209212766249417e-7,0.02161997900999164,8.578271554257561e-18,310.6608397303573
1e-10,1.3429038578681764e-18,6.209212766249417e-7,0.02162760253872469,8.578271554257564e-18,310.6608397303574
1e-10,1.3431306841135048e-18,6.209212766249417e-7,0.021631255598361515,8.578271554257563e-18,310.66083973035734
1e-10,1.3437756377330717e-18,6.209212766249417e-7,0.021641642641676773,8.578271554257566e-18,310.66083973035745
1e-10,1.3443657618795936e-18,6.209212766249417e-7,0.02165114665077966,8.578271554257558e-18,310.66083973035717
1e-10,1.344688264198752e-18,6.209212766249417e-7,0.021656340583268353,8.578271554257553e-18,310.660839730357
1e-10,1.344930633624546e-18,6.209212766249417e-7,0.021660243967399614,8.578271554257555e-18,310.66083973035705
1e-10,1.3455887649839492e-18,6.209212766249417e-7,0.02167084323954858,8.578271554257558e-18,310.66083973035717
1e-10,1.3458627461447976e-18,6.209212766249417e-7,0.02167525573387214,8.578271554257557e-18,310.6608397303571
1e-10,1.3464249647038782e-18,6.209212766249417e-7,0.021684310320665114,8.57827155425756e-18,310.6608397303572
1e-10,1.3466147452118723e-18,6.209212766249417e-7,0.02168736675495298,8.578271554257557e-18,310.6608397303571
1e-10,1.3471704991657024e-18,6.209212766249417e-7,0.02169631722862415,8.578271554257555e-18,310.66083973035705
1e-10,1.347495624989835e-18,6.209212766249417e-7,0.021701553412925963,8.578271554257553e-18,310.660839730357
1e-10,1.3479166530522631e-18,6.209212766249417e-7,0.021708334112481256,8.578271554257558e-18,310.66083973035717
1e-10,1.3484530352635161e-18,6.209212766249417e-7,0.021716972602277715,8.578271554257566e-18,310.66083973035745
1e-10,1.3489885482311288e-18,6.209212766249417e-7,0.021725597092817378,8.578271554257564e-18,310.6608397303574
1e-10,1.3494117494906267e-18,6.209212766249417e-7,0.021732412791931416,8.578271554257569e-18,310.66083973035757
1e-10,1.349753723785752e-18,6.209212766249417e-7,0.021737920322563706,8.578271554257569e-18,310.66083973035757
1e-10,1.3499939930491784e-18,6.209212766249417e-7,0.02174178988336749,8.578271554257572e-18,310.6608397303577
1e-10,1.3504050079879293e-18,6.209212766249417e-7,0.021748409320552588,8.578271554257572e-18,310.6608397303577
1e-10,1.3509760265300703e-18,6.209212766249417e-7,0.02175760563196335,8.57827155425757e-18,310.6608397303576
1e-10,1.3512199182632233e-18,6.209212766249417e-7,0.02176153353300869,8.578271554257567e-18,310.6608397303575
1e-10,1.3516793660096184e-18,6.209212766249417e-7,0.021768932985462508,8.578271554257566e-18,310.66083973035745
1e-10,1.352166392996872e-18,6.209212766249417e-7,0.021776776604381494,8.578271554257564e-18,310.6608397303574
1e-10,1.3524933359061864e-18,6.209212766249417e-7,0.02178204205302406,8.578271554257563e-18,310.66083973035734
1e-10,1.352811153689029e-18,6.209212766249417e-7,0.02178716054058129,8.578271554257557e-18,310.6608397303571
1e-10,1.3535216872153172e-18,6.209212766249417e-7,0.02179860375493127,8.578271554257555e-18,310.66083973035705
1e-10,1.3537504743442797e-18,6.209212766249417e-7,0.021802288394797472,8.578271554257553e-18,310.660839730357
1e-10,1.3542480216901392e-18,6.209212766249417e-7,0.021810301445156513,8.578271554257553e-18,310.660839730357
1e-10,1.3547592415552472e-18,6.209212766249417e-7,0.02181853469282177,8.578271554257558e-18,310.66083973035717
1e-10,1.3549178181577629e-18,6.209212766249417e-7,0.02182108858505393,8.578271554257564e-18,310.6608397303574
1e-10,1.3555204292747318e-18,6.209212766249417e-7,0.021830793698079602,8.578271554257569e-18,310.66083973035757
1e-10,1.3558909392966576e-18,6.209212766249417e-7,0.021836760799479955,8.578271554257566e-18,310.66083973035745
1e-10,1.3562791299908549e-18,6.209212766249417e-7,0.021843012649896604,8.578271554257564e-18,310.6608397303574
1e-10,1.3565678783217843e-18,6.209212766249417e-7,0.021847662970988817,8.578271554257569e-18,310.66083973035757
1e-10,1.3568608417452684e-18,6.209212766249417e-7,0.02185238117657321,8.578271554257577e-18,310.66083973035785
1e-10,1.3573002067649464e-18,6.209212766249417e-7,0.02185945719468079,8.578271554257575e-18,310.6608397303578
1e-10,1.3575791395756914e-18,6.209212766249417e-7,0.021863949435827066,8.578271554257577e-18,310.66083973035785
1e-10,1.3577679362507474e-18,6.209212766249417e-7,0.021866990025385894,8.578271554257583e-18,310.6608397303581
1e-10,1.3581961655896444e-18,6.209212766249417e-7,0.021873886702227514,8.578271554257586e-18,310.6608397303582
1e-10,1.3586290128242725e-18,6.209212766249417e-7,0.02188085775074724,8.578271554257587e-18,310.66083973035825
1e-10,1.3589068496560154e-18,6.209212766249417e-7,0.021885332341040762,8.578271554257584e-18,310.66083973035813
1e-10,1.3592790380705735e-18,6.209212766249417e-7,0.02189132647312432,8.578271554257584e-18,310.66083973035813
1e-10,1.3597864176624374e-18,6.209212766249417e-7,0.02189949787280033,8.578271554257584e-18,310.66083973035813
1e-10,1.3602678065456727e-18,6.209212766249417e-7,0.021907250689483498,8.578271554257583e-18,310.6608397303581
1e-10,1.3607170352251606e-18,6.209212766249417e-7,0.021914485562830564,8.578271554257586e-18,310.6608397303582
1e-10,1.361135958238304e-18,6.209212766249417e-7,0.021921232360354082,8.578271554257583e-18,310.6608397303581
1e-10,1.3613294432217297e-18,6.209212766249417e-7,0.02192434845559368,8.578271554257583e-18,310.6608397303581
1e-10,1.3619749087503508e-18,6.209212766249417e-7,0.021934743743256064,8.578271554257583e-18,310.6608397303581
1e-10,1.362344102552095e-18,6.209212766249417e-7,0.021940689646797188,8.578271554257578e-18,310.6608397303579
1e-10,1.3626442351926233e-18,6.209212766249417e-7,0.021945523313347634,8.578271554257577e-18,310.66083973035785
1e-10,1.3629254246995879e-18,6.209212766249417e-7,0.02195005189881491,8.578271554257573e-18,310.66083973035774
1e-10,1.3633225063559023e-18,6.209212766249417e-7,0.02195644693907626,8.57827155425758e-18,310.66083973035796
1e-10,1.3637111638111304e-18,6.209212766249417e-7,0.021962706306726545,8.578271554257578e-18,310.6608397303579
1e-10,1.363896389654469e-18,6.209212766249417e-7,0.02196568938767918,8.578271554257575e-18,310.6608397303578
1e-10,1.3642220317699448e-18,6.209212766249417e-7,0.02197093388690533,8.578271554257573e-18,310.66083973035774
1e-10,1.3646936332426073e-18,6.209212766249417e-7,0.021978529076350693,8.57827155425757e-18,310.6608397303576
1e-10,1.3649737696020152e-18,6.209212766249417e-7,0.021983040700769986,8.578271554257566e-18,310.66083973035745
1e-10,1.365224599687533e-18,6.209212766249417e-7,0.021987080344682355,8.578271554257567e-18,310.6608397303575
1e-10,1.3657110940569795e-18,6.209212766249417e-7,0.021994915385737654,8.578271554257567e-18,310.6608397303575
1e-10,1.366012692002438e-18,6.209212766249417e-7,0.021999772651172297,8.578271554257567e-18,310.6608397303575
1e-10,1.3661994909844771e-18,6.209212766249417e-7,0.02200278106768291,8.578271554257572e-18,310.6608397303577
1e-10,1.3663017738446676e-18,6.209212766249417e-7,0.022004428343497754,8.578271554257573e-18,310.66083973035774
1e-10,1.3667976725608174e-18,6.209212766249417e-7,0.02201241484250847,8.578271554257566e-18,310.66083973035745
1e-10,1.3672566090981165e-18,6.209212766249417e-7,0.02201980606188806,8.578271554257557e-18,310.6608397303571
1e-10,1.367569567557877e-18,6.209212766249417e-7,0.022024846289555273,8.578271554257555e-18,310.66083973035705
1e-10,1.368008582219931e-18,6.209212766249417e-7,0.022031916665117862,8.578271554257553e-18,310.660839730357
1e-10,1.3684367057848974e-18,6.209212766249417e-7,0.022038811638459627,8.57827155425755e-18,310.6608397303569
1e-10,1.3689743004749689e-18,6.209212766249417e-7,0.022047469655350167,8.578271554257547e-18,310.66083973035677
1e-10,1.3693010237177215e-18,6.209212766249417e-7,0.022052731566240522,8.57827155425755e-18,310.6608397303569
1e-10,1.3694053097222863e-18,6.209212766249417e-7,0.02205441110289824,8.578271554257549e-18,310.6608397303568
1e-10,1.3695883096320827e-18,6.209212766249417e-7,0.022057358334965905,8.578271554257544e-18,310.66083973035666
1e-10,1.3699534288187486e-18,6.209212766249417e-7,0.02206323861641882,8.578271554257549e-18,310.6608397303568
1e-10,1.3700912532466121e-18,6.209212766249417e-7,0.022065458292778,8.578271554257552e-18,310.66083973035694
1e-10,1.3705801574683625e-18,6.209212766249417e-7,0.02207333214474854,8.57827155425755e-18,310.6608397303569
1e-10,1.3708187692125867e-18,6.209212766249417e-7,0.022077175011037824,8.578271554257552e-18,310.66083973035694
1e-10,1.3713296166504254e-18,6.209212766249417e-7,0.022085402260724217,8.578271554257552e-18,310.66083973035694
1e-10,1.3718025993132286e-18,6.209212766249417e-7,0.022093019694376582,8.578271554257553e-18,310.660839730357
1e-10,1.3721888185373827e-18,6.209212766249417e-7,0.02209923979406866,8.578271554257553e-18,310.660839730357
1e-10,1.3727654018890166e-18,6.209212766249417e-7,0.02210852572729949,8.578271554257558e-18,310.66083973035717
1e-10,1.3732426233590298e-18,6.209212766249417e-7,0.02211621142737096,8.578271554257555e-18,310.66083973035705
1e-10,1.3735054208774092e-18,6.209212766249417e-7,0.02212044380800072,8.578271554257552e-18,310.66083973035694
1e-10,1.3738502192311191e-18,6.209212766249417e-7,0.02212599682038232,8.578271554257553e-18,310.660839730357
1e-10,1.3739782648282261e-18,6.209212766249417e-7,0.022128059007682506,8.57827155425755e-18,310.6608397303569
1e-10,1.374412155953462e-18,6.209212766249417e-7,0.02213504686816611,8.578271554257553e-18,310.660839730357
1e-10,1.3748436779722442e-18,6.209212766249417e-7,0.02214199657395052,8.578271554257552e-18,310.66083973035694
1e-10,1.375356809933181e-18,6.209212766249417e-7,0.022150260616112614,8.578271554257553e-18,310.660839730357
1e-10,1.3759460715634516e-18,6.209212766249417e-7,0.02215975073430398,8.57827155425755e-18,310.6608397303569
1e-10,1.3766462381738528e-18,6.209212766249417e-7,0.022171026988424422,8.57827155425755e-18,310.6608397303569
1e-10,1.3768401247022461e-18,6.209212766249417e-7,0.022174149550586362,8.578271554257555e-18,310.66083973035705
1e-10,1.3773940858758809e-18,6.209212766249417e-7,0.022183071151351052,8.578271554257549e-18,310.6608397303568
1e-10,1.3777411114629456e-18,6.209212766249417e-7,0.022188660033551237,8.57827155425755e-18,310.6608397303569
1e-10,1.378163610477617e-18,6.209212766249417e-7,0.022195464422941274,8.578271554257549e-18,310.6608397303568
1e-10,1.3787597048566125e-18,6.209212766249417e-7,0.02220506458324236,8.578271554257553e-18,310.660839730357
1e-10,1.3792482461678326e-18,6.209212766249417e-7,0.022212932590502082,8.578271554257555e-18,310.66083973035705
1e-10,1.3795101718664276e-18,6.209212766249417e-7,0.022217150930385985,8.57827155425756e-18,310.6608397303572
1e-10,1.3798231696639664e-18,6.209212766249417e-7,0.022222191791592096,8.578271554257561e-18,310.6608397303573
1e-10,1.380335770041139e-18,6.209212766249417e-7,0.022230447272543866,8.578271554257564e-18,310.6608397303574
1e-10,1.3807864818309674e-18,6.209212766249417e-7,0.02223770603153306,8.578271554257569e-18,310.66083973035757
1e-10,1.3811758560526656e-18,6.209212766249417e-7,0.02224397694277989,8.57827155425757e-18,310.6608397303576
1e-10,1.3814662465126087e-18,6.209212766249417e-7,0.022248653710526062,8.578271554257577e-18,310.66083973035785
1e-10,1.381952216456352e-18,6.209212766249417e-7,0.022256480305652335,8.578271554257583e-18,310.6608397303581
1e-10,1.3823957336279467e-18,6.209212766249417e-7,0.02226362319458675,8.578271554257581e-18,310.660839730358
1e-10,1.3827194853824362e-18,6.209212766249417e-7,0.0222688372493579,8.578271554257581e-18,310.660839730358
1e-10,1.3830724871588493e-18,6.209212766249417e-7,0.02227452237869236,8.578271554257575e-18,310.6608397303578
1e-10,1.3835778559850767e-18,6.209212766249417e-7,0.022282661394784294,8.578271554257577e-18,310.66083973035785
1e-10,1.383853870006286e-18,6.209212766249417e-7,0.022287106628529698,8.578271554257575e-18,310.6608397303578
1e-10,1.3841176359941565e-18,6.209212766249417e-7,0.022291354606458626,8.578271554257575e-18,310.6608397303578
1e-10,1.3844922514530973e-18,6.209212766249417e-7,0.022297387826337597,8.57827155425757e-18,310.6608397303576
1e-10,1.3848791800621103e-18,6.209212766249417e-7,0.02230361935074462,8.578271554257573e-18,310.66083973035774
1e-10,1.385325020666036e-18,6.209212766249417e-7,0.022310799658791867,8.578271554257572e-18,310.6608397303577
1e-10,1.385752217655627e-18,6.209212766249417e-7,0.02231767970954344,8.578271554257569e-18,310.66083973035757
1e-10,1.3859682851410076e-18,6.209212766249417e-7,0.02232115949826247,8.578271554257567e-18,310.6608397303575
1e-10,1.386487999801119e-18,6.209212766249417e-7,0.022329529555460966,8.578271554257578e-18,310.6608397303579
1e-10,1.3872546753126516e-18,6.209212766249417e-7,0.02234187694216512,8.57827155425758e-18,310.66083973035796
1e-10,1.3876639559591157e-18,6.209212766249417e-7,0.022348468448397423,8.578271554257575e-18,310.6608397303578
1e-10,1.3880709412079648e-18,6.209212766249417e-7,0.02235502298701883,8.578271554257578e-18,310.6608397303579
1e-10,1.388709017996554e-18,6.209212766249417e-7,0.022365299278275227,8.578271554257575e-18,310.6608397303578
1e-10,1.3892306721642186e-18,6.209212766249417e-7,0.022373700571439153,8.578271554257577e-18,310.66083973035785
1e-10,1.3894562645022867e-18,6.209212766249417e-7,0.022377333758874674,8.578271554257577e-18,310.66083973035785
1e-10,1.3899491355330512e-18,6.209212766249417e-7,0.022385271496705845,8.578271554257578e-18,310.6608397303579
1e-10,1.3903720887578484e-18,6.209212766249417e-7,0.022392083201195925,8.578271554257575e-18,310.6608397303578
1e-10,1.3906302192226767e-18,6.209212766249417e-7,0.02239624041845592,8.578271554257577e-18,310.66083973035785
1e-10,1.3908548544506292e-18,6.209212766249417e-7,0.022399858191536164,8.578271554257578e-18,310.6608397303579
1e-10,1.3914538585582452e-18,6.209212766249417e-7,0.02240950521331116,8.578271554257573e-18,310.66083973035774
1e-10,1.3919345065458299e-18,6.209212766249417e-7,0.022417246097794895,8.578271554257578e-18,310.6608397303579
1e-10,1.3923999912203745e-18,6.209212766249417e-7,0.022424742775587526,8.578271554257581e-18,310.660839730358
1e-10,1.3929714217499333e-18,6.209212766249417e-7,0.022433945722097344,8.578271554257577e-18,310.66083973035785
1e-10,1.3934375844778038e-18,6.209212766249417e-7,0.022441453320007413,8.578271554257573e-18,310.66083973035774
1e-10,1.393845430564305e-18,6.209212766249417e-7,0.022448021722506324,8.578271554257578e-18,310.6608397303579
1e-10,1.3943626779632516e-18,6.209212766249417e-7,0.022456352044214065,8.578271554257575e-18,310.6608397303578
1e-10,1.394938603511172e-18,6.209212766249417e-7,0.022465627383449514,8.578271554257575e-18,310.6608397303578
1e-10,1.3953190957612333e-18,6.209212766249417e-7,0.022471755249644235,8.578271554257578e-18,310.6608397303579
1e-10,1.3956723867724323e-18,6.209212766249417e-7,0.022477445037134194,8.578271554257578e-18,310.6608397303579
1e-10,1.3959543966396064e-18,6.209212766249417e-7,0.022481986834585667,8.578271554257575e-18,310.6608397303578
1e-10,1.3965570032560004e-18,6.209212766249417e-7,0.022491691875129123,8.578271554257572e-18,310.6608397303577
1e-10,1.396996946904803e-18,6.209212766249417e-7,0.022498777212117314,8.57827155425757e-18,310.6608397303576
1e-10,1.3974733219031805e-18,6.209212766249417e-7,0.022506449279677425,8.578271554257569e-18,310.66083973035757
1e-10,1.39774650347602e-18,6.209212766249417e-7,0.022510848896555177,8.578271554257564e-18,310.6608397303574
1e-10,1.3983149359979268e-18,6.209212766249417e-7,0.02252000355984835,8.578271554257567e-18,310.6608397303575
1e-10,1.3986848116201196e-18,6.209212766249417e-7,0.022525960444176797,8.578271554257561e-18,310.6608397303573
1e-10,1.399332917993161e-18,6.209212766249417e-7,0.022536398262905835,8.578271554257561e-18,310.6608397303573
1e-10,1.3997243346519992e-18,6.209212766249417e-7,0.022542702067809506,8.578271554257569e-18,310.66083973035757
1e-10,1.4001973273314562e-18,6.209212766249417e-7,0.022550319662781097,8.578271554257564e-18,310.6608397303574
1e-10,1.4005092071600221e-18,6.209212766249417e-7,0.022555342518983754,8.578271554257572e-18,310.6608397303577
1e-10,1.4009503425137922e-18,6.209212766249417e-7,0.022562447048501053,8.578271554257575e-18,310.6608397303578
1e-10,1.4017597872267195e-18,6.209212766249417e-7,0.022575483237522103,8.578271554257573e-18,310.66083973035774
1e-10,1.4021661604327695e-18,6.209212766249417e-7,0.022582027919132285,8.578271554257577e-18,310.66083973035785
1e-10,1.4023875581724872e-18,6.209212766249417e-7,0.02258559355213686,8.578271554257577e-18,310.66083973035785
1e-10,1.402877140834253e-18,6.209212766249417e-7,0.022593478330452513,8.578271554257581e-18,310.660839730358
1e-10,1.403007579972165e-18,6.209212766249417e-7,0.022595579065969595,8.578271554257573e-18,310.66083973035774
1e-10,1.4033207302503104e-18,6.209212766249417e-7,0.02260062238289131,8.578271554257567e-18,310.6608397303575
1e-10,1.403509587699931e-18,6.209212766249417e-7,0.022603663951230653,8.57827155425757e-18,310.6608397303576
1e-10,1.4041151451426504e-18,6.209212766249417e-7,0.022613416515130717,8.578271554257572e-18,310.6608397303577
1e-10,1.4045658256061858e-18,6.209212766249417e-7,0.022620674769606792,8.578271554257569e-18,310.66083973035757
1e-10,1.4049529755558465e-18,6.209212766249417e-7,0.02262690985872735,8.578271554257569e-18,310.66083973035757
1e-10,1.4054877124363792e-18,6.209212766249417e-7,0.022635521850306047,8.578271554257558e-18,310.66083973035717
1e-10,1.4058941960217859e-18,6.209212766249417e-7,0.02264206830958694,8.578271554257558e-18,310.66083973035717
1e-10,1.4061910676880987e-18,6.209212766249417e-7,0.022646849457817624,8.578271554257564e-18,310.6608397303574
1e-10,1.4066105335877157e-18,6.209212766249417e-7,0.022653604998582745,8.578271554257563e-18,310.66083973035734
1e-10,1.4069724332194868e-18,6.209212766249417e-7,0.022659433428778245,8.578271554257566e-18,310.66083973035745
1e-10,1.4074923178612653e-18,6.209212766249417e-7,0.022667806223548696,8.578271554257566e-18,310.66083973035745
1e-10,1.4077705328193886e-18,6.209212766249417e-7,0.022672286903605843,8.578271554257572e-18,310.6608397303577
1e-10,1.4081847654592144e-18,6.209212766249417e-7,0.022678958162192397,8.578271554257575e-18,310.6608397303578
1e-10,1.4083757420301506e-18,6.209212766249417e-7,0.02268203385919499,8.578271554257569e-18,310.66083973035757
1e-10,1.4090303088182374e-18,6.209212766249417e-7,0.022692575723562158,8.578271554257566e-18,310.66083973035745
1e-10,1.4093149487053391e-18,6.209212766249417e-7,0.022697159877750735,8.57827155425756e-18,310.6608397303572
1e-10,1.4098643055670852e-18,6.209212766249417e-7,0.02270600732560648,8.578271554257561e-18,310.6608397303573
1e-10,1.410256554255833e-18,6.209212766249417e-7,0.022712324530436048,8.57827155425756e-18,310.6608397303572
1e-10,1.4106691122168156e-18,6.209212766249417e-7,0.02271896881815035,8.57827155425756e-18,310.6608397303572
1e-10,1.4109796117033868e-18,6.209212766249417e-7,0.022723969443805486,8.578271554257566e-18,310.66083973035745
1e-10,1.4113714636795226e-18,6.209212766249417e-7,0.022730280259538292,8.578271554257566e-18,310.66083973035745
1e-10,1.4118527791750874e-18,6.209212766249417e-7,0.0227380318943056,8.578271554257563e-18,310.66083973035734
1e-10,1.4123414411207728e-18,6.209212766249417e-7,0.022745901844395594,8.578271554257558e-18,310.66083973035717
1e-10,1.412698597840836e-18,6.209212766249417e-7,0.02275165388951804,8.578271554257553e-18,310.660839730357
1e-10,1.4132079656636854e-18,6.209212766249417e-7,0.022759857309855285,8.578271554257555e-18,310.66083973035705
1e-10,1.4136275662735853e-18,6.209212766249417e-7,0.022766615020143145,8.578271554257558e-18,310.66083973035717
1e-10,1.4140723372231016e-18,6.209212766249417e-7,0.022773778101297874,8.578271554257567e-18,310.6608397303575
1e-10,1.4147405994008613e-18,6.209212766249417e-7,0.022784540531301755,8.578271554257567e-18,310.6608397303575
1e-10,1.4150869079711633e-18,6.209212766249417e-7,0.022790117865874416,8.578271554257561e-18,310.6608397303573
1e-10,1.415542080917679e-18,6.209212766249417e-7,0.022797448472243548,8.578271554257567e-18,310.6608397303575
1e-10,1.4158104571368048e-18,6.209212766249417e-7,0.02280177069841342,8.578271554257578e-18,310.6608397303579
1e-10,1.416063224635319e-18,6.209212766249417e-7,0.02280584154455817,8.578271554257577e-18,310.66083973035785
1e-10,1.4165306055659908e-18,6.209212766249417e-7,0.022813368761747638,8.578271554257569e-18,310.66083973035757
1e-10,1.4168105012589697e-18,6.209212766249417e-7,0.022817876510209733,8.578271554257573e-18,310.66083973035774
1e-10,1.4173517142862097e-18,6.209212766249417e-7,0.022826592800786565,8.57827155425757e-18,310.6608397303576
1e-10,1.417869101476949e-18,6.209212766249417e-7,0.022834925373855272,8.578271554257569e-18,310.66083973035757
1e-10,1.4182801380997701e-18,6.209212766249417e-7,0.022841545160264515,8.578271554257567e-18,310.6608397303575
1e-10,1.4186609669257865e-18,6.209212766249417e-7,0.022847678447049057,8.578271554257567e-18,310.6608397303575
1e-10,1.4192162842363583e-18,6.209212766249417e-7,0.02285662188853636,8.578271554257566e-18,310.66083973035745
1e-10,1.4195610955148275e-18,6.209212766249417e-7,0.02286217510907252,8.578271554257566e-18,310.66083973035745
1e-10,1.419835177294744e-18,6.209212766249417e-7,0.022866589223876355,8.578271554257563e-18,310.66083973035734
1e-10,1.4203309853804021e-18,6.209212766249417e-7,0.022874574263273828,8.578271554257566e-18,310.66083973035745
1e-10,1.4206824145887346e-18,6.209212766249417e-7,0.0228802340662402,8.578271554257561e-18,310.6608397303573
1e-10,1.4210951558783955e-18,6.209212766249417e-7,0.022886881306481418,8.578271554257561e-18,310.6608397303573
1e-10,1.4215427485290447e-18,6.209212766249417e-7,0.02289408983141846,8.578271554257564e-18,310.6608397303574
1e-10,1.4217721410194532e-18,6.209212766249417e-7,0.022897784220692018,8.578271554257566e-18,310.66083973035745
1e-10,1.4223212252541589e-18,6.209212766249417e-7,0.022906627277861684,8.578271554257558e-18,310.66083973035717
1e-10,1.423086754086058e-18,6.209212766249417e-7,0.02291895619717429,8.57827155425755e-18,310.6608397303569
1e-10,1.4234645617361352e-18,6.209212766249417e-7,0.022925040827614575,8.578271554257552e-18,310.66083973035694
1e-10,1.4238085592421385e-18,6.209212766249417e-7,0.022930580942262815,8.578271554257555e-18,310.66083973035705
1e-10,1.4242333732361274e-18,6.209212766249417e-7,0.022937422614629045,8.578271554257553e-18,310.660839730357
1e-10,1.4246313293241896e-18,6.209212766249417e-7,0.022943831737702185,8.578271554257558e-18,310.66083973035717
1e-10,1.4249764653941168e-18,6.209212766249417e-7,0.022949390189037647,8.578271554257561e-18,310.6608397303573
1e-10,1.4250915171863283e-18,6.209212766249417e-7,0.02295124310979496,8.57827155425756e-18,310.6608397303572
1e-10,1.4257077513654188e-18,6.209212766249417e-7,0.022961167623614814,8.57827155425756e-18,310.6608397303572
1e-10,1.4260246222782853e-18,6.209212766249417e-7,0.022966270861735253,8.578271554257564e-18,310.6608397303574
1e-10,1.4267054106774296e-18,6.209212766249417e-7,0.022977235027802245,8.578271554257572e-18,310.6608397303577
1e-10,1.4269665987087591e-18,6.209212766249417e-7,0.02298144148748018,8.578271554257566e-18,310.66083973035745
1e-10,1.4273169693205183e-18,6.209212766249417e-7,0.0229870842416416,8.578271554257572e-18,310.6608397303577
1e-10,1.4277443367624484e-18,6.209212766249417e-7,0.022993967037545346,8.578271554257577e-18,310.66083973035785
1e-10,1.427989537091258e-18,6.209212766249417e-7,0.022997916013656174,8.578271554257581e-18,310.660839730358
1e-10,1.4287377062704997e-18,6.209212766249417e-7,0.02300996535400586,8.57827155425758e-18,310.66083973035796
1e-10,1.4290581058824606e-18,6.209212766249417e-7,0.023015125422182335,8.578271554257577e-18,310.66083973035785
1e-10,1.4296292003426297e-18,6.209212766249417e-7,0.023024322956260623,8.57827155425758e-18,310.66083973035796
1e-10,1.4301447135861536e-18,6.209212766249417e-7,0.023032625349219776,8.578271554257577e-18,310.66083973035785
1e-10,1.430860215599318e-18,6.209212766249417e-7,0.02304414858155373,8.578271554257578e-18,310.6608397303579
1e-10,1.4313146159014224e-18,6.209212766249417e-7,0.02305146674440642,8.578271554257581e-18,310.660839730358
1e-10,1.4317245036971754e-18,6.209212766249417e-7,0.023058068028839467,8.578271554257589e-18,310.6608397303583
1e-10,1.4320814270589383e-18,6.209212766249417e-7,0.023063816315702867,8.578271554257587e-18,310.66083973035825
1e-10,1.4327056132920972e-18,6.209212766249417e-7,0.023073868898158274,8.578271554257584e-18,310.66083973035813
1e-10,1.4330722310688977e-18,6.209212766249417e-7,0.023079773314556972,8.578271554257589e-18,310.6608397303583
1e-10,1.4335775445187998e-18,6.209212766249417e-7,0.023087911438807583,8.578271554257587e-18,310.66083973035825
1e-10,1.4341479794143076e-18,6.209212766249417e-7,0.023097098350530247,8.578271554257584e-18,310.66083973035813
1e-10,1.4344099924168827e-18,6.209212766249417e-7,0.023101318096453584,8.578271554257589e-18,310.6608397303583
1e-10,1.4349111870072233e-18,6.209212766249417e-7,0.02310938988605411,8.578271554257587e-18,310.66083973035825
1e-10,1.4352953688807165e-18,6.209212766249417e-7,0.02311557717400761,8.578271554257586e-18,310.6608397303582
1e-10,1.4359528276020893e-18,6.209212766249417e-7,0.023126165613253022,8.578271554257584e-18,310.66083973035813
1e-10,1.4363184410010625e-18,6.209212766249417e-7,0.023132053854045164,8.578271554257583e-18,310.6608397303581
1e-10,1.4366113046573834e-18,6.209212766249417e-7,0.0231367704528693,8.57827155425758e-18,310.66083973035796
1e-10,1.4373756780797882e-18,6.209212766249417e-7,0.023149080764195067,8.57827155425758e-18,310.66083973035796
1e-10,1.4378715290407992e-18,6.209212766249417e-7,0.023157066494104442,8.578271554257581e-18,310.660839730358
1e-10,1.4383654756481811e-18,6.209212766249417e-7,0.02316502155420589,8.578271554257581e-18,310.660839730358
1e-10,1.438835914988823e-18,6.209212766249417e-7,0.02317259802739745,8.578271554257583e-18,310.6608397303581
1e-10,1.4391888029661924e-18,6.209212766249417e-7,0.023178281323986794,8.578271554257586e-18,310.6608397303582
1e-10,1.4394530487839462e-18,6.209212766249417e-7,0.023182537029624556,8.578271554257589e-18,310.6608397303583
1e-10,1.4398409657051683e-18,6.209212766249417e-7,0.02318878447089973,8.578271554257581e-18,310.660839730358
1e-10,1.4400277824295814e-18,6.209212766249417e-7,0.023191793173153074,8.578271554257577e-18,310.66083973035785
1e-10,1.4407235403264039e-18,6.209212766249417e-7,0.02320299842449515,8.578271554257578e-18,310.6608397303579
1e-10,1.4410141592957126e-18,6.209212766249417e-7,0.02320767887240778,8.578271554257577e-18,310.66083973035785
1e-10,1.4414248780895199e-18,6.209212766249417e-7,0.02321429354014859,8.57827155425758e-18,310.66083973035796
1e-10,1.4419415369241713e-18,6.209212766249417e-7,0.02322261438296879,8.57827155425758e-18,310.66083973035796
1e-10,1.4422329935695495e-18,6.209212766249417e-7,0.023227308321739297,8.57827155425758e-18,310.66083973035796
1e-10,1.442720872058222e-18,6.209212766249417e-7,0.023235165654174807,8.578271554257584e-18,310.66083973035813
1e-10,1.4428613674824955e-18,6.209212766249417e-7,0.023237428347201487,8.578271554257581e-18,310.660839730358
1e-10,1.443209376241746e-18,6.209212766249417e-7,0.023243033063489228,8.578271554257584e-18,310.66083973035813
1e-10,1.4435347923800397e-18,6.209212766249417e-7,0.02324827392332999,8.578271554257583e-18,310.6608397303581
1e-10,1.443963372019419e-18,6.209212766249417e-7,0.02325517624179633,8.578271554257583e-18,310.6608397303581
1e-10,1.4443662350899477e-18,6.209212766249417e-7,0.023261664392318703,8.578271554257586e-18,310.6608397303582
1e-10,1.4448016620351317e-18,6.209212766249417e-7,0.023268676987338005,8.578271554257584e-18,310.66083973035813
1e-10,1.445151201184403e-18,6.209212766249417e-7,0.023274306350711916,8.578271554257586e-18,310.6608397303582
1e-10,1.4454436300543269e-18,6.209212766249417e-7,0.023279015947257124,8.57827155425759e-18,310.6608397303583
1e-10,1.4456103294834724e-18,6.209212766249417e-7,0.023281700658434226,8.578271554257587e-18,310.66083973035825
1e-10,1.4460134457710557e-18,6.209212766249417e-7,0.02328819288704289,8.57827155425759e-18,310.6608397303583
1e-10,1.4462472795494182e-18,6.209212766249417e-7,0.02329195880370842,8.578271554257584e-18,310.66083973035813
1e-10,1.4466164459196768e-18,6.209212766249417e-7,0.02329790426546269,8.578271554257586e-18,310.6608397303582
1e-10,1.4470915848088564e-18,6.209212766249417e-7,0.023305556425359066,8.578271554257583e-18,310.6608397303581
1e-10,1.447569354490904e-18,6.209212766249417e-7,0.02331325095444083,8.578271554257581e-18,310.660839730358
1e-10,1.4479391250405976e-18,6.209212766249417e-7,0.023319206146566046,8.578271554257583e-18,310.6608397303581
1e-10,1.44828982359737e-18,6.209212766249417e-7,0.023324854182315096,8.57827155425758e-18,310.66083973035796
1e-10,1.448503344027877e-18,6.209212766249417e-7,0.023328292950457616,8.578271554257573e-18,310.66083973035774
1e-10,1.4487005929134666e-18,6.209212766249417e-7,0.023331469663722487,8.578271554257573e-18,310.66083973035774
1e-10,1.449062416574444e-18,6.209212766249417e-7,0.02333729687040067,8.578271554257573e-18,310.66083973035774
1e-10,1.449536231998823e-18,6.209212766249417e-7,0.023344927715762492,8.578271554257575e-18,310.6608397303578
1e-10,1.4497804412054124e-18,6.209212766249417e-7,0.023348860729749656,8.578271554257578e-18,310.6608397303579
1e-10,1.4499827663052258e-18,6.209212766249417e-7,0.023352119195958337,8.578271554257573e-18,310.66083973035774
1e-10,1.4504285269599365e-18,6.209212766249417e-7,0.023359298216415386,8.578271554257572e-18,310.6608397303577
1e-10,1.4509681291057656e-18,6.209212766249417e-7,0.023367988563584068,8.578271554257572e-18,310.6608397303577
1e-10,1.4512660371864185e-18,6.209212766249417e-7,0.023372786403372585,8.578271554257572e-18,310.6608397303577
1e-10,1.4517501221506322e-18,6.209212766249417e-7,0.023380582640712768,8.578271554257572e-18,310.6608397303577
1e-10,1.4522368935798964e-18,6.209212766249417e-7,0.02338842214384447,8.578271554257572e-18,310.6608397303577
1e-10,1.4526478395039057e-18,6.209212766249417e-7,0.02339504046954017,8.57827155425757e-18,310.6608397303576
1e-10,1.4532081155791157e-18,6.209212766249417e-7,0.02340406377243382,8.578271554257578e-18,310.6608397303579
1e-10,1.4536638926698758e-18,6.209212766249417e-7,0.02341140410860715,8.578271554257572e-18,310.6608397303577
1e-10,1.453910155983784e-18,6.209212766249417e-7,0.02341537020420057,8.578271554257573e-18,310.66083973035774
1e-10,1.4544252118748614e-18,6.209212766249417e-7,0.023423665231452288,8.578271554257577e-18,310.66083973035785
1e-10,1.4549513685326229e-18,6.209212766249417e-7,0.023432139037674896,8.578271554257577e-18,310.66083973035785
1e-10,1.455479383366348e-18,6.209212766249417e-7,0.023440642770009457,8.578271554257572e-18,310.6608397303577
1e-10,1.4557524175583917e-18,6.209212766249417e-7,0.023445040013304577,8.578271554257575e-18,310.6608397303578
1e-10,1.4560179238394613e-18,6.209212766249417e-7,0.0234493160188316,8.578271554257573e-18,310.66083973035774
1e-10,1.4563433941854785e-18,6.209212766249417e-7,0.023454557751693233,8.578271554257572e-18,310.6608397303577
1e-10,1.4567681634824515e-18,6.209212766249417e-7,0.0234613987042095,8.57827155425757e-18,310.6608397303576
1e-10,1.4571680331583292e-18,6.209212766249417e-7,0.023467838645808075,8.578271554257575e-18,310.6608397303578
1e-10,1.4577052828294017e-18,6.209212766249417e-7,0.02347649110613272,8.578271554257575e-18,310.6608397303578
1e-10,1.458092142013136e-18,6.209212766249417e-7,0.023482721512438607,8.57827155425758e-18,310.66083973035796
1e-10,1.4581656999606059e-18,6.209212766249417e-7,0.023483906170626994,8.578271554257584e-18,310.66083973035813
1e-10,1.4587168299903397e-18,6.209212766249417e-7,0.023492782175532634,8.578271554257581e-18,310.660839730358
1e-10,1.459190823388637e-18,6.209212766249417e-7,0.023500415887182418,8.57827155425758e-18,310.66083973035796
1e-10,1.4595814382549769e-18,6.209212766249417e-7,0.02350670677913676,8.578271554257577e-18,310.66083973035785
1e-10,1.4598494321494696e-18,6.209212766249417e-7,0.023511022847929722,8.578271554257581e-18,310.660839730358
1e-10,1.4604589345046368e-18,6.209212766249417e-7,0.023520838945044,8.578271554257583e-18,310.6608397303581
1e-10,1.4609588003943772e-18,6.209212766249417e-7,0.02352888933578689,8.578271554257577e-18,310.66083973035785
1e-10,1.4611121734520992e-18,6.209212766249417e-7,0.023531359424403528,8.578271554257577e-18,310.66083973035785
1e-10,1.4618875091585084e-18,6.209212766249417e-7,0.02354384628442262,8.578271554257581e-18,310.660839730358
1e-10,1.462367221758649e-18,6.209212766249417e-7,0.023551572104396904,8.578271554257581e-18,310.660839730358
1e-10,1.462914588883553e-18,6.209212766249417e-7,0.023560387507339436,8.578271554257583e-18,310.6608397303581
1e-10,1.4634609078329629e-18,6.209212766249417e-7,0.023569186029309554,8.578271554257583e-18,310.6608397303581
1e-10,1.4639248025550872e-18,6.209212766249417e-7,0.023576657100757546,8.57827155425758e-18,310.66083973035796
1e-10,1.4643211403819444e-18,6.209212766249417e-7,0.023583040161570208,8.578271554257578e-18,310.6608397303579
1e-10,1.4646265437894975e-18,6.209212766249417e-7,0.023587958714357014,8.578271554257581e-18,310.660839730358
1e-10,1.46524264525732e-18,6.209212766249417e-7,0.023597881090848462,8.578271554257581e-18,310.660839730358
1e-10,1.4657040567216744e-18,6.209212766249417e-7,0.023605312169178758,8.578271554257586e-18,310.6608397303582
1e-10,1.4661312103343236e-18,6.209212766249417e-7,0.023612191521340288,8.578271554257583e-18,310.6608397303581
1e-10,1.4664166708127467e-18,6.209212766249417e-7,0.023616788891235144,8.578271554257586e-18,310.6608397303582
1e-10,1.4666829843095284e-18,6.209212766249417e-7,0.02362107789705291,8.578271554257583e-18,310.6608397303581
1e-10,1.4670562663055318e-18,6.209212766249417e-7,0.023627089641376317,8.578271554257584e-18,310.66083973035813
1e-10,1.467623742897579e-18,6.209212766249417e-7,0.023636228909322356,8.578271554257583e-18,310.6608397303581
1e-10,1.4679964927178855e-18,6.209212766249417e-7,0.02364223208290231,8.578271554257583e-18,310.6608397303581
1e-10,1.4683770820396509e-18,6.209212766249417e-7,0.023648361512446647,8.57827155425758e-18,310.66083973035796
1e-10,1.468598175521001e-18,6.209212766249417e-7,0.02365192224533942,8.578271554257581e-18,310.660839730358
1e-10,1.468946779019376e-18,6.209212766249417e-7,0.023657536539960954,8.578271554257581e-18,310.660839730358
1e-10,1.4693472968388997e-18,6.209212766249417e-7,0.023663986919978543,8.578271554257581e-18,310.660839730358
1e-10,1.4697813527262802e-18,6.209212766249417e-7,0.023670977433973162,8.578271554257577e-18,310.66083973035785
1e-10,1.4701724800247748e-18,6.209212766249417e-7,0.023677276578699214,8.578271554257578e-18,310.6608397303579
1e-10,1.4702428674634457e-18,6.209212766249417e-7,0.023678410175522527,8.578271554257583e-18,310.6608397303581
1e-10,1.470461068158555e-18,6.209212766249417e-7,0.023681924319800127,8.578271554257575e-18,310.6608397303578
1e-10,1.4709262861910148e-18,6.209212766249417e-7,0.023689416703295,8.578271554257573e-18,310.66083973035774
1e-10,1.4714008039233818e-18,6.209212766249417e-7,0.023697058859398042,8.57827155425758e-18,310.66083973035796
1e-10,1.47171952010514e-18,6.209212766249417e-7,0.023702191815760738,8.578271554257578e-18,310.6608397303579
1e-10,1.4725491151241395e-18,6.209212766249417e-7,0.023715552527500374,8.578271554257578e-18,310.6608397303579
1e-10,1.4729018713328213e-18,6.209212766249417e-7,0.02372123370194167,8.57827155425758e-18,310.66083973035796
1e-10,1.4733000126759173e-18,6.209212766249417e-7,0.02372764580856588,8.578271554257575e-18,310.6608397303578
1e-10,1.4736535339624914e-18,6.209212766249417e-7,0.02373333930466406,8.57827155425757e-18,310.6608397303576
1e-10,1.474038423834704e-18,6.209212766249417e-7,0.023739537995008584,8.578271554257572e-18,310.6608397303577
1e-10,1.4744635631334076e-18,6.209212766249417e-7,0.02374638490644017,8.578271554257573e-18,310.66083973035774
1e-10,1.474965119581126e-18,6.209212766249417e-7,0.023754462523790387,8.578271554257573e-18,310.66083973035774
1e-10,1.4752486257005645e-18,6.209212766249417e-7,0.023759028418536006,8.578271554257575e-18,310.6608397303578
1e-10,1.4756596137666585e-18,6.209212766249417e-7,0.023765647422934244,8.578271554257573e-18,310.66083973035774
1e-10,1.4760812887889071e-18,6.209212766249417e-7,0.023772438541842918,8.578271554257572e-18,310.6608397303577
1e-10,1.4767683763466302e-18,6.209212766249417e-7,0.02378350415649632,8.578271554257567e-18,310.6608397303575
1e-10,1.4770708796174118e-18,6.209212766249417e-7,0.023788376002286917,8.578271554257567e-18,310.6608397303575
1e-10,1.4776574155540045e-18,6.209212766249417e-7,0.02379782222290575,8.578271554257566e-18,310.66083973035745
1e-10,1.4780928585297561e-18,6.209212766249417e-7,0.023804835076098967,8.578271554257566e-18,310.66083973035745
1e-10,1.4783672401600287e-18,6.209212766249417e-7,0.02380925402002313,8.578271554257567e-18,310.6608397303575
1e-10,1.47889516454356e-18,6.209212766249417e-7,0.023817756295648165,8.578271554257569e-18,310.66083973035757
1e-10,1.4791517513572726e-18,6.209212766249417e-7,0.023821888652250715,8.57827155425757e-18,310.6608397303576
1e-10,1.479388919255566e-18,6.209212766249417e-7,0.023825708265255163,8.578271554257573e-18,310.66083973035774
1e-10,1.4798489590301857e-18,6.209212766249417e-7,0.023833117252383455,8.578271554257573e-18,310.66083973035774
1e-10,1.4801131224876668e-18,6.209212766249417e-7,0.023837371631600688,8.578271554257573e-18,310.66083973035774
1e-10,1.4806595893929949e-18,6.209212766249417e-7,0.02384617253641584,8.578271554257577e-18,310.66083973035785
1e-10,1.4811240858400552e-18,6.209212766249417e-7,0.023853653298704827,8.57827155425757e-18,310.6608397303576
1e-10,1.4813952555190535e-18,6.209212766249417e-7,0.023858020513828654,8.578271554257572e-18,310.6608397303577
1e-10,1.4821458654798158e-18,6.209212766249417e-7,0.02387010916321175,8.578271554257569e-18,310.66083973035757
1e-10,1.4824516505623618e-18,6.209212766249417e-7,0.023875033862912943,8.578271554257567e-18,310.6608397303575
1e-10,1.4828844143155084e-18,6.209212766249417e-7,0.023882003566954958,8.578271554257564e-18,310.6608397303574
1e-10,1.48306064758103e-18,6.209212766249417e-7,0.023884841821531763,8.578271554257569e-18,310.66083973035757
1e-10,1.4836296956394836e-18,6.209212766249417e-7,0.023894006398103317,8.578271554257567e-18,310.6608397303575
1e-10,1.4840574255591729e-18,6.209212766249417e-7,0.023900895031748054,8.57827155425757e-18,310.6608397303576
1e-10,1.4843908530671812e-18,6.209212766249417e-7,0.023906264915508856,8.57827155425757e-18,310.6608397303576
1e-10,1.4849459501825207e-18,6.209212766249417e-7,0.02391520481072966,8.57827155425757e-18,310.6608397303576
1e-10,1.4854634288503764e-18,6.209212766249417e-7,0.023923538857046588,8.578271554257567e-18,310.6608397303575
1e-10,1.4857840177233714e-18,6.209212766249417e-7,0.02392870197329117,8.578271554257569e-18,310.66083973035757
1e-10,1.4861277397439834e-18,6.209212766249417e-7,0.0239342376512193,8.578271554257566e-18,310.66083973035745
1e-10,1.486368574235213e-18,6.209212766249417e-7,0.02393811631507406,8.57827155425757e-18,310.6608397303576
1e-10,1.4865695290079523e-18,6.209212766249417e-7,0.02394135271202653,8.578271554257569e-18,310.66083973035757
1e-10,1.4870017881020738e-18,6.209212766249417e-7,0.02394831428848387,8.578271554257563e-18,310.66083973035734
1e-10,1.4872914618203096e-18,6.209212766249417e-7,0.02395297951303231,8.578271554257567e-18,310.6608397303575
1e-10,1.4878331262667942e-18,6.209212766249417e-7,0.02396170307376176,8.578271554257564e-18,310.6608397303574
1e-10,1.4881714958003381e-18,6.209212766249417e-7,0.023967152549343968,8.578271554257566e-18,310.66083973035745
1e-10,1.4884717629136974e-18,6.209212766249417e-7,0.023971988381592965,8.578271554257564e-18,310.6608397303574
1e-10,1.489134808916264e-18,6.209212766249417e-7,0.02398266680456746,8.578271554257564e-18,310.6608397303574
1e-10,1.48977379649837e-18,6.209212766249417e-7,0.023992957764245624,8.578271554257567e-18,310.6608397303575
1e-10,1.490155931498588e-18,6.209212766249417e-7,0.023999112087097874,8.578271554257563e-18,310.66083973035734
1e-10,1.4905340630717176e-18,6.209212766249417e-7,0.0240052019343517,8.578271554257561e-18,310.6608397303573
1e-10,1.4911035478073189e-18,6.209212766249417e-7,0.02401437354365291,8.578271554257558e-18,310.66083973035717
1e-10,1.4915418704751338e-18,6.209212766249417e-7,0.024021432774578244,8.578271554257558e-18,310.66083973035717
1e-10,1.4924005597784939e-18,6.209212766249417e-7,0.02403526205271198,8.578271554257561e-18,310.6608397303573
1e-10,1.4925856851642395e-18,6.209212766249417e-7,0.024038243515784912,8.578271554257557e-18,310.6608397303571
1e-10,1.4930591702485703e-18,6.209212766249417e-7,0.02404586904098683,8.578271554257561e-18,310.6608397303573
1e-10,1.4936114893892362e-18,6.209212766249417e-7,0.02405476419664437,8.578271554257564e-18,310.6608397303574
1e-10,1.4939021670976648e-18,6.209212766249417e-7,0.02405944559055647,8.578271554257561e-18,310.6608397303573
1e-10,1.4942662278209658e-18,6.209212766249417e-7,0.024065308825349775,8.578271554257557e-18,310.6608397303571
1e-10,1.4944061134795406e-18,6.209212766249417e-7,0.024067561698038167,8.578271554257553e-18,310.660839730357
1e-10,1.4948370935715501e-18,6.209212766249417e-7,0.024074502676037054,8.578271554257547e-18,310.66083973035677
1e-10,1.49530362437345e-18,6.209212766249417e-7,0.02408201620181661,8.57827155425755e-18,310.6608397303569
1e-10,1.4956676602379273e-18,6.209212766249417e-7,0.024087879036256046,8.578271554257552e-18,310.66083973035694
1e-10,1.4960419775509506e-18,6.209212766249417e-7,0.02409390745446484,8.578271554257557e-18,310.6608397303571
1e-10,1.4965604140726825e-18,6.209212766249417e-7,0.02410225692711538,8.57827155425756e-18,310.6608397303572
1e-10,1.4969624700081728e-18,6.209212766249417e-7,0.024108732078646274,8.578271554257557e-18,310.6608397303571
1e-10,1.4974032988391746e-18,6.209212766249417e-7,0.02411583167158337,8.57827155425756e-18,310.6608397303572
1e-10,1.4977658287130164e-18,6.209212766249417e-7,0.024121670251891204,8.578271554257561e-18,310.6608397303573
1e-10,1.4983313823430785e-18,6.209212766249417e-7,0.02413077855033986,8.578271554257564e-18,310.6608397303574
1e-10,1.4990474528155143e-18,6.209212766249417e-7,0.02414231093776791,8.578271554257566e-18,310.66083973035745
1e-10,1.4993550097381712e-18,6.209212766249417e-7,0.02414726417313341,8.578271554257569e-18,310.66083973035757
1e-10,1.4995929565511307e-18,6.209212766249417e-7,0.02415109633063738,8.578271554257569e-18,310.66083973035757
1e-10,1.5001226738570137e-18,6.209212766249417e-7,0.02415962748145834,8.578271554257567e-18,310.6608397303575
1e-10,1.5005068174095399e-18,6.209212766249417e-7,0.024165814152248787,8.578271554257563e-18,310.66083973035734
1e-10,1.500936604264751e-18,6.209212766249417e-7,0.024172735913048273,8.578271554257564e-18,310.6608397303574
1e-10,1.5011806898030015e-18,6.209212766249417e-7,0.024176666935344326,8.578271554257561e-18,310.6608397303573
1e-10,1.5017661621408323e-18,6.209212766249417e-7,0.024186096026597458,8.578271554257566e-18,310.66083973035745
1e-10,1.5020678742662615e-18,6.209212766249417e-7,0.024190955130912083,8.578271554257566e-18,310.66083973035745
1e-10,1.5023406198743482e-18,6.209212766249417e-7,0.024195347726533374,8.578271554257561e-18,310.6608397303573
1e-10,1.5027538731381e-18,6.209212766249417e-7,0.02420200321216914,8.578271554257561e-18,310.6608397303573
1e-10,1.5031841700168395e-18,6.209212766249417e-7,0.024208933186949166,8.578271554257564e-18,310.6608397303574
1e-10,1.5040389391470726e-18,6.209212766249417e-7,0.024222699330297956,8.578271554257561e-18,310.6608397303573
1e-10,1.5042655619520064e-18,6.209212766249417e-7,0.024226349113506636,8.578271554257564e-18,310.6608397303574
1e-10,1.5045685172533891e-18,6.209212766249417e-7,0.02423122823929581,8.578271554257561e-18,310.6608397303573
1e-10,1.5047948918843315e-18,6.209212766249417e-7,0.024234874025637242,8.57827155425756e-18,310.6608397303572
1e-10,1.505194605320473e-18,6.209212766249417e-7,0.024241311450979054,8.578271554257555e-18,310.66083973035705
1e-10,1.5055278537836032e-18,6.209212766249417e-7,0.024246678451203967,8.578271554257555e-18,310.66083973035705
1e-10,1.505754576863433e-18,6.209212766249417e-7,0.024250329849349998,8.578271554257557e-18,310.6608397303571
1e-10,1.5062749298628805e-18,6.209212766249417e-7,0.024258710187068103,8.578271554257558e-18,310.66083973035717
1e-10,1.5063694423782744e-18,6.209212766249417e-7,0.024260232320693603,8.578271554257558e-18,310.66083973035717
1e-10,1.5070389172590324e-18,6.209212766249417e-7,0.024271014281402003,8.578271554257552e-18,310.66083973035694
1e-10,1.507704017191638e-18,6.209212766249417e-7,0.024281725783127647,8.578271554257557e-18,310.6608397303571
1e-10,1.5084047641791122e-18,6.209212766249417e-7,0.024293011384279587,8.578271554257557e-18,310.6608397303571
1e-10,1.5087431277135643e-18,6.209212766249417e-7,0.02429846076324581,8.578271554257555e-18,310.66083973035705
1e-10,1.5089631553895624e-18,6.209212766249417e-7,0.024302004331235524,8.578271554257557e-18,310.6608397303571
1e-10,1.5092880071846376e-18,6.209212766249417e-7,0.024307236102271635,8.578271554257552e-18,310.66083973035694
1e-10,1.509563262575864e-18,6.209212766249417e-7,0.024311669118204392,8.57827155425755e-18,310.6608397303569
1e-10,1.509973750745166e-18,6.209212766249417e-7,0.0243182800717142,8.578271554257546e-18,310.6608397303567
1e-10,1.5105132339663688e-18,6.209212766249417e-7,0.02432696850358974,8.57827155425755e-18,310.6608397303569
1e-10,1.5109199862158768e-18,6.209212766249417e-7,0.024333519289733176,8.578271554257549e-18,310.6608397303568
1e-10,1.511321619617266e-18,6.209212766249417e-7,0.02433998763630961,8.578271554257555e-18,310.66083973035705
1e-10,1.512057956553813e-18,6.209212766249417e-7,0.024351846417193224,8.578271554257552e-18,310.66083973035694
1e-10,1.5126491187643758e-18,6.209212766249417e-7,0.02436136714442255,8.578271554257552e-18,310.66083973035694
1e-10,1.512994362421734e-18,6.209212766249417e-7,0.024366927328464474,8.578271554257553e-18,310.660839730357
1e-10,1.5133969828888018e-18,6.209212766249417e-7,0.024373411571833557,8.578271554257552e-18,310.66083973035694
1e-10,1.5139809925604518e-18,6.209212766249417e-7,0.024382817106699817,8.57827155425756e-18,310.6608397303572
1e-10,1.5143569429605128e-18,6.209212766249417e-7,0.02438887182594063,8.578271554257561e-18,310.6608397303573
1e-10,1.5145322915365126e-18,6.209212766249417e-7,0.02439169583250315,8.57827155425756e-18,310.6608397303572
1e-10,1.5151877613149016e-18,6.209212766249417e-7,0.02440225223962052,8.57827155425756e-18,310.6608397303572
1e-10,1.5155475036130443e-18,6.209212766249417e-7,0.024408045925739606,8.578271554257557e-18,310.6608397303571
1e-10,1.5159722900207683e-18,6.209212766249417e-7,0.02441488715382625,8.578271554257561e-18,310.6608397303573
1e-10,1.5166970785074509e-18,6.209212766249417e-7,0.024426559945756043,8.578271554257563e-18,310.66083973035734
1e-10,1.5169861611658425e-18,6.209212766249417e-7,0.024431215651225874,8.57827155425756e-18,310.6608397303572
1e-10,1.517600827714335e-18,6.209212766249417e-7,0.024441114918196297,8.578271554257558e-18,310.66083973035717
1e-10,1.5180915129789647e-18,6.209212766249417e-7,0.024449017454042654,8.578271554257558e-18,310.66083973035717
1e-10,1.5184160006505894e-18,6.209212766249417e-7,0.024454243360833745,8.578271554257558e-18,310.66083973035717
1e-10,1.5191491601104436e-18,6.209212766249417e-7,0.02446605096813365,8.578271554257558e-18,310.66083973035717
1e-10,1.5196275717196247e-18,6.209212766249417e-7,0.024473755835516864,8.578271554257557e-18,310.6608397303571
1e-10,1.5199133289219968e-18,6.209212766249417e-7,0.024478357984180948,8.578271554257557e-18,310.6608397303571
1e-10,1.5201419924626301e-18,6.209212766249417e-7,0.0244820406336446,8.578271554257555e-18,310.66083973035705
1e-10,1.520591689505693e-18,6.209212766249417e-7,0.024489283050034442,8.578271554257553e-18,310.660839730357
1e-10,1.5209242622223145e-18,6.209212766249417e-7,0.024494639167293445,8.578271554257558e-18,310.66083973035717
1e-10,1.5214417086440336e-18,6.209212766249417e-7,0.024502972694283077,8.578271554257561e-18,310.6608397303573
1e-10,1.5217531716830633e-18,6.209212766249417e-7,0.024507988838048077,8.578271554257563e-18,310.66083973035734
1e-10,1.5222188740144066e-18,6.209212766249417e-7,0.024515489021225478,8.578271554257566e-18,310.66083973035745
1e-10,1.5226011505861175e-18,6.209212766249417e-7,0.024521645624100946,8.578271554257569e-18,310.66083973035757
1e-10,1.5228820286404858e-18,6.209212766249417e-7,0.02452616919359264,8.578271554257569e-18,310.66083973035757
1e-10,1.5232672047497101e-18,6.209212766249417e-7,0.02453237249381321,8.578271554257569e-18,310.66083973035757
1e-10,1.5237482096639828e-18,6.209212766249417e-7,0.024540119126637377,8.578271554257572e-18,310.6608397303577
1e-10,1.5241694176197127e-18,6.209212766249417e-7,0.024546902723392498,8.57827155425757e-18,310.6608397303576
1e-10,1.5245071021118934e-18,6.209212766249417e-7,0.024552341166314218,8.578271554257567e-18,310.6608397303575
1e-10,1.5249537716135449e-18,6.209212766249417e-7,0.024559534823843227,8.578271554257566e-18,310.66083973035745
1e-10,1.5251543571988062e-18,6.209212766249417e-7,0.024562765274994004,8.578271554257561e-18,310.6608397303573
1e-10,1.5254581031736265e-18,6.209212766249417e-7,0.02456765713465891,8.578271554257563e-18,310.66083973035734
1e-10,1.5258355965746943e-18,6.209212766249417e-7,0.024573736704087093,8.57827155425757e-18,310.6608397303576
1e-10,1.5261909825159336e-18,6.209212766249417e-7,0.024579460230637364,8.57827155425757e-18,310.6608397303576
1e-10,1.5264520868017927e-18,6.209212766249417e-7,0.024583665341586024,8.578271554257572e-18,310.6608397303577
1e-10,1.526706328504931e-18,6.209212766249417e-7,0.02458775992994544,8.578271554257577e-18,310.66083973035785
1e-10,1.5270539859709326e-18,6.209212766249417e-7,0.024593358988619855,8.57827155425758e-18,310.66083973035796
1e-10,1.5277693866289212e-18,6.209212766249417e-7,0.024604880588618445,8.578271554257573e-18,310.66083973035774
1e-10,1.528342780805419e-18,6.209212766249417e-7,0.02461411515986095,8.578271554257573e-18,310.66083973035774
1e-10,1.528864034168904e-18,6.209212766249417e-7,0.024622509998033,8.578271554257572e-18,310.6608397303577
1e-10,1.5290133874652279e-18,6.209212766249417e-7,0.024624915347985502,8.578271554257569e-18,310.66083973035757
1e-10,1.5296481236438392e-18,6.209212766249417e-7,0.024635137838380124,8.578271554257564e-18,310.6608397303574
1e-10,1.52978090443321e-18,6.209212766249417e-7,0.024637276286430938,8.578271554257566e-18,310.66083973035745
1e-10,1.5299477193119242e-18,6.209212766249417e-7,0.024639962856935028,8.578271554257569e-18,310.66083973035757
1e-10,1.530363464879938e-18,6.209212766249417e-7,0.024646658481383164,8.57827155425757e-18,310.6608397303576
1e-10,1.530824450415632e-18,6.209212766249417e-7,0.024654082700089272,8.578271554257572e-18,310.6608397303577
1e-10,1.5311475342464813e-18,6.209212766249417e-7,0.0246592859978826,8.578271554257572e-18,310.6608397303577
1e-10,1.5314211393656444e-18,6.209212766249417e-7,0.02466369243601676,8.578271554257573e-18,310.66083973035774
1e-10,1.532104477022738e-18,6.209212766249417e-7,0.02467469765814102,8.578271554257577e-18,310.66083973035785
1e-10,1.532550923584961e-18,6.209212766249417e-7,0.02468188772520797,8.578271554257578e-18,310.6608397303579
1e-10,1.5330359917606814e-18,6.209212766249417e-7,0.024689699797268972,8.578271554257578e-18,310.6608397303579
1e-10,1.533415553282247e-18,6.209212766249417e-7,0.02469581267398708,8.578271554257577e-18,310.66083973035785
1e-10,1.533673945099016e-18,6.209212766249417e-7,0.024699974100346526,8.578271554257575e-18,310.6608397303578
1e-10,1.5340997021827644e-18,6.209212766249417e-7,0.024706830961268775,8.578271554257575e-18,310.6608397303578
1e-10,1.5342953936370412e-18,6.209212766249417e-7,0.024709982591944738,8.578271554257578e-18,310.6608397303579
1e-10,1.5348841418280102e-18,6.209212766249417e-7,0.02471946444114419,8.578271554257578e-18,310.6608397303579
1e-10,1.5351576921864943e-18,6.209212766249417e-7,0.02472386999735207,8.578271554257573e-18,310.66083973035774
1e-10,1.5356498818143206e-18,6.209212766249417e-7,0.024731796761119963,8.578271554257569e-18,310.66083973035757
1e-10,1.5361879976634703e-18,6.209212766249417e-7,0.024740463171330204,8.578271554257564e-18,310.6608397303574
1e-10,1.5370762919714035e-18,6.209212766249417e-7,0.024754769241058745,8.578271554257564e-18,310.6608397303574
1e-10,1.5373921080188351e-18,6.209212766249417e-7,0.0247598554904646,8.578271554257566e-18,310.66083973035745
1e-10,1.5378983849372708e-18,6.209212766249417e-7,0.02476800913147345,8.57827155425757e-18,310.6608397303576
1e-10,1.538476244880188e-18,6.209212766249417e-7,0.02477731562433609,8.578271554257567e-18,310.6608397303575
1e-10,1.5387630706847026e-18,6.209212766249417e-7,0.024781934982945827,8.578271554257566e-18,310.66083973035745
1e-10,1.539140281262792e-18,6.209212766249417e-7,0.024788009997481323,8.578271554257564e-18,310.6608397303574
1e-10,1.5393801214530648e-18,6.209212766249417e-7,0.024791872648018545,8.578271554257557e-18,310.6608397303571
1e-10,1.5397722345596314e-18,6.209212766249417e-7,0.024798187669283364,8.578271554257553e-18,310.660839730357
1e-10,1.5403506575048741e-18,6.209212766249417e-7,0.024807503229355436,8.578271554257552e-18,310.66083973035694
1e-10,1.5407061438547784e-18,6.209212766249417e-7,0.02481322837299742,8.578271554257544e-18,310.66083973035666
1e-10,1.541083333112796e-18,6.209212766249417e-7,0.024819303044171,8.578271554257544e-18,310.66083973035666
1e-10,1.5414569341258936e-18,6.209212766249417e-7,0.024825319926297,8.578271554257544e-18,310.66083973035666
1e-10,1.5418072453042532e-18,6.209212766249417e-7,0.024830961723277506,8.578271554257544e-18,310.66083973035666
1e-10,1.542451638755839e-18,6.209212766249417e-7,0.024841339745030742,8.578271554257543e-18,310.6608397303566
1e-10,1.543179781462699e-18,6.209212766249417e-7,0.024853066557015954,8.57827155425754e-18,310.6608397303565
1e-10,1.5432846701683255e-18,6.209212766249417e-7,0.024854755800235266,8.578271554257537e-18,310.6608397303564
1e-10,1.5434821171293783e-18,6.209212766249417e-7,0.02485793570352552,8.578271554257538e-18,310.66083973035643
1e-10,1.5438786076531341e-18,6.209212766249417e-7,0.024864321223537187,8.578271554257538e-18,310.66083973035643
1e-10,1.5441592874351729e-18,6.209212766249417e-7,0.024868841599832943,8.578271554257541e-18,310.66083973035654
1e-10,1.5443435801695243e-18,6.209212766249417e-7,0.024871809652970908,8.578271554257541e-18,310.66083973035654
1e-10,1.5447004902031373e-18,6.209212766249417e-7,0.024877557725183103,8.578271554257546e-18,310.6608397303567
1e-10,1.5450607713630057e-18,6.209212766249417e-7,0.024883360089724818,8.578271554257546e-18,310.6608397303567
1e-10,1.5454181903627332e-18,6.209212766249417e-7,0.0248891163588878,8.578271554257552e-18,310.66083973035694
1e-10,1.5459409395921931e-18,6.209212766249417e-7,0.024897535288132763,8.578271554257553e-18,310.660839730357
1e-10,1.546314483634364e-18,6.209212766249417e-7,0.02490355125273622,8.578271554257558e-18,310.66083973035717
1e-10,1.5466024973842234e-18,6.209212766249417e-7,0.02490818974332596,8.578271554257555e-18,310.66083973035705
1e-10,1.5470943038236276e-18,6.209212766249417e-7,0.024916110335805534,8.578271554257555e-18,310.66083973035705
1e-10,1.5472121078469104e-18,6.209212766249417e-7,0.024918007581522787,8.57827155425756e-18,310.6608397303572
1e-10,1.5476535823146274e-18,6.209212766249417e-7,0.02492511757250452,8.578271554257555e-18,310.66083973035705
1e-10,1.5480749629453923e-18,6.209212766249417e-7,0.024931903950208556,8.57827155425756e-18,310.6608397303572
1e-10,1.5484241109395722e-18,6.209212766249417e-7,0.02493752701399013,8.578271554257558e-18,310.66083973035717
1e-10,1.5486633221284452e-18,6.209212766249417e-7,0.024941379534396152,8.578271554257564e-18,310.6608397303574
1e-10,1.5489621573474465e-18,6.209212766249417e-7,0.0249461923058416,8.57827155425757e-18,310.6608397303576
1e-10,1.5493955782227123e-18,6.209212766249417e-7,0.024953172592901852,8.578271554257572e-18,310.6608397303577
1e-10,1.5497730298956348e-18,6.209212766249417e-7,0.024959251490294033,8.578271554257566e-18,310.66083973035745
1e-10,1.5503085761240253e-18,6.209212766249417e-7,0.024967876516501886,8.578271554257558e-18,310.66083973035717
1e-10,1.55098862356423e-18,6.209212766249417e-7,0.024978828749350167,8.57827155425756e-18,310.6608397303572
1e-10,1.5513224825018489e-18,6.209212766249417e-7,0.024984205581328505,8.578271554257557e-18,310.6608397303571
1e-10,1.5517134009221937e-18,6.209212766249417e-7,0.024990501362050818,8.57827155425755e-18,310.6608397303569
1e-10,1.5518709940722585e-18,6.209212766249417e-7,0.024993039415681727,8.578271554257552e-18,310.66083973035694
1e-10,1.5523114588815783e-18,6.209212766249417e-7,0.025000133146012793,8.578271554257555e-18,310.66083973035705
1e-10,1.5526610219766083e-18,6.209212766249417e-7,0.025005762895035567,8.578271554257558e-18,310.66083973035717
1e-10,1.5529656703329059e-18,6.209212766249417e-7,0.02501066928764549,8.578271554257557e-18,310.6608397303571
1e-10,1.5534448025111547e-18,6.209212766249417e-7,0.025018385759866466,8.578271554257558e-18,310.66083973035717
1e-10,1.553841396655539e-18,6.209212766249417e-7,0.02502477294869884,8.578271554257553e-18,310.660839730357
1e-10,1.554244016825289e-18,6.209212766249417e-7,0.025031257187279592,8.578271554257558e-18,310.66083973035717
1e-10,1.5545139882777217e-18,6.209212766249417e-7,0.025035605104843314,8.578271554257557e-18,310.6608397303571
1e-10,1.5550553014072893e-18,6.209212766249417e-7,0.02504432300757826,8.578271554257563e-18,310.66083973035734
1e-10,1.5558011688719055e-18,6.209212766249417e-7,0.025056335278580963,8.578271554257558e-18,310.66083973035717
1e-10,1.5564153895234293e-18,6.209212766249417e-7,0.025066227364335576,8.578271554257552e-18,310.66083973035694
1e-10,1.5567975628068359e-18,6.209212766249417e-7,0.025072382303742452,8.578271554257553e-18,310.660839730357
1e-10,1.5572889138756201e-18,6.209212766249417e-7,0.025080295562432103,8.578271554257547e-18,310.66083973035677
1e-10,1.5574569990008928e-18,6.209212766249417e-7,0.02508300259038557,8.578271554257553e-18,310.660839730357
1e-10,1.5576855889748788e-18,6.209212766249417e-7,0.025086684055050924,8.57827155425756e-18,310.6608397303572
1e-10,1.5580924570814424e-18,6.209212766249417e-7,0.025093236707083966,8.578271554257555e-18,310.66083973035705
1e-10,1.5586969913118823e-18,6.209212766249417e-7,0.025102972792046714,8.578271554257558e-18,310.66083973035717
1e-10,1.5590157846497492e-18,6.209212766249417e-7,0.025108106991016343,8.578271554257563e-18,310.66083973035734
1e-10,1.5592041582247111e-18,6.209212766249417e-7,0.02511114076650534,8.578271554257563e-18,310.66083973035734
1e-10,1.5597318433038965e-18,6.209212766249417e-7,0.025119639188109662,8.578271554257563e-18,310.66083973035734
1e-10,1.5605499280174317e-18,6.209212766249417e-7,0.025132814525214906,8.578271554257561e-18,310.6608397303573
1e-10,1.5609995562345978e-18,6.209212766249417e-7,0.02514005583315671,8.578271554257567e-18,310.6608397303575
1e-10,1.561703274411125e-18,6.209212766249417e-7,0.025151389285609047,8.57827155425757e-18,310.6608397303576
1e-10,1.562101752038215e-18,6.209212766249417e-7,0.025157806808121016,8.578271554257569e-18,310.66083973035757
1e-10,1.5622836797935234e-18,6.209212766249417e-7,0.025160736773032145,8.57827155425757e-18,310.6608397303576
1e-10,1.5627067749777644e-18,6.209212766249417e-7,0.02516755076379343,8.578271554257573e-18,310.66083973035774
1e-10,1.5632260826365802e-18,6.209212766249417e-7,0.025175914266194872,8.578271554257567e-18,310.6608397303575
1e-10,1.563638145177765e-18,6.209212766249417e-7,0.02518255057512319,8.578271554257561e-18,310.6608397303573
1e-10,1.5640007938766592e-18,6.209212766249417e-7,0.02518839106912052,8.578271554257567e-18,310.6608397303575
1e-10,1.5643117077761356e-18,6.209212766249417e-7,0.025193398368937435,8.578271554257569e-18,310.66083973035757
1e-10,1.564958495799603e-18,6.209212766249417e-7,0.025203814955513163,8.578271554257561e-18,310.6608397303573
1e-10,1.5654359050752159e-18,6.209212766249417e-7,0.02521150368021282,8.578271554257566e-18,310.66083973035745
1e-10,1.5657411645035224e-18,6.209212766249417e-7,0.025216419914199286,8.57827155425757e-18,310.6608397303576
1e-10,1.5663981169397817e-18,6.209212766249417e-7,0.02522700019967171,8.57827155425757e-18,310.6608397303576
1e-10,1.5670719338077743e-18,6.209212766249417e-7,0.025237852088523954,8.578271554257569e-18,310.66083973035757
1e-10,1.5674318121079826e-18,6.209212766249417e-7,0.025243647964970067,8.578271554257564e-18,310.6608397303574
1e-10,1.567761626835831e-18,6.209212766249417e-7,0.025248959664540764,8.578271554257564e-18,310.6608397303574
1e-10,1.5682380339565656e-18,6.209212766249417e-7,0.025256632249434682,8.57827155425757e-18,310.6608397303576
1e-10,1.5687504244788365e-18,6.209212766249417e-7,0.025264884350652023,8.578271554257572e-18,310.6608397303577
1e-10,1.5692788671213367e-18,6.209212766249417e-7,0.025273394972890204,8.578271554257569e-18,310.66083973035757
1e-10,1.5696113725305624e-18,6.209212766249417e-7,0.025278750006156786,8.578271554257567e-18,310.6608397303575
1e-10,1.5701268848878927e-18,6.209212766249417e-7,0.0252870523848437,8.578271554257569e-18,310.66083973035757
1e-10,1.570373078156428e-18,6.209212766249417e-7,0.025291017352349298,8.578271554257575e-18,310.6608397303578
1e-10,1.5708743373509214e-18,6.209212766249417e-7,0.025299090182406243,8.578271554257575e-18,310.6608397303578
1e-10,1.5711022326052751e-18,6.209212766249417e-7,0.02530276045854161,8.578271554257572e-18,310.6608397303577
1e-10,1.5716350382846108e-18,6.209212766249417e-7,0.025311341347929582,8.578271554257566e-18,310.66083973035745
1e-10,1.5720581471798918e-18,6.209212766249417e-7,0.02531815555950856,8.578271554257564e-18,310.6608397303574
1e-10,1.5725635982325823e-18,6.209212766249417e-7,0.025326295899866,8.578271554257561e-18,310.6608397303573
1e-10,1.5727851925235137e-18,6.209212766249417e-7,0.025329864698347762,8.57827155425756e-18,310.6608397303572
1e-10,1.5732115260036554e-18,6.209212766249417e-7,0.025336730842192262,8.578271554257561e-18,310.6608397303573
1e-10,1.5735162337751934e-18,6.209212766249417e-7,0.025341638191690646,8.578271554257566e-18,310.66083973035745
1e-10,1.573871076495181e-18,6.209212766249417e-7,0.025347352969607686,8.578271554257564e-18,310.6608397303574
1e-10,1.5742288285233492e-18,6.209212766249417e-7,0.025353114602227406,8.578271554257558e-18,310.66083973035717
1e-10,1.5747034559134618e-18,6.209212766249417e-7,0.025360758524379544,8.578271554257564e-18,310.6608397303574
1e-10,1.5751674958413071e-18,6.209212766249417e-7,0.025368231934380366,8.57827155425756e-18,310.6608397303572
1e-10,1.575451801129266e-18,6.209212766249417e-7,0.02537281069981589,8.578271554257558e-18,310.66083973035717
1e-10,1.5759435763980746e-18,6.209212766249417e-7,0.025380730790289862,8.578271554257569e-18,310.66083973035757
1e-10,1.5761321758293934e-18,6.209212766249417e-7,0.025383768203218342,8.578271554257569e-18,310.66083973035757
1e-10,1.576272097973263e-18,6.209212766249417e-7,0.025386021663506095,8.578271554257567e-18,310.6608397303575
1e-10,1.5765849744452078e-18,6.209212766249417e-7,0.025391060570751238,8.578271554257573e-18,310.66083973035774
1e-10,1.5769418203437135e-18,6.209212766249417e-7,0.02539680761006104,8.578271554257567e-18,310.6608397303575
1e-10,1.5771571307450416e-18,6.209212766249417e-7,0.025400275205864787,8.578271554257566e-18,310.66083973035745
1e-10,1.5778484986072172e-18,6.209212766249417e-7,0.02541140975525458,8.578271554257572e-18,310.6608397303577
1e-10,1.578351763465338e-18,6.209212766249417e-7,0.025419514886727227,8.57827155425757e-18,310.6608397303576
1e-10,1.5786941645959505e-18,6.209212766249417e-7,0.025425029291588238,8.57827155425757e-18,310.6608397303576
1e-10,1.5790498462116764e-18,6.209212766249417e-7,0.02543075758000604,8.578271554257575e-18,310.6608397303578
1e-10,1.5794554079444364e-18,6.209212766249417e-7,0.025437289192756767,8.578271554257573e-18,310.66083973035774
1e-10,1.5799139322933008e-18,6.209212766249417e-7,0.025444673773799904,8.578271554257573e-18,310.66083973035774
1e-10,1.5804244618372352e-18,6.209212766249417e-7,0.025452895903772796,8.57827155425757e-18,310.6608397303576
1e-10,1.5809298597550108e-18,6.209212766249417e-7,0.025461035388387055,8.578271554257567e-18,310.6608397303575
1e-10,1.5813564114221685e-18,6.209212766249417e-7,0.02546790504615553,8.578271554257566e-18,310.66083973035745
1e-10,1.5815072238534937e-18,6.209212766249417e-7,0.025470333895624902,8.578271554257563e-18,310.66083973035734
1e-10,1.5819307740074363e-18,6.209212766249417e-7,0.02547715521371928,8.578271554257566e-18,310.66083973035745
1e-10,1.5823976984667451e-18,6.209212766249417e-7,0.02548467507939125,8.578271554257564e-18,310.6608397303574
1e-10,1.5828711408555984e-18,6.209212766249417e-7,0.025492299916978177,8.578271554257566e-18,310.66083973035745
1e-10,1.5831233175242354e-18,6.209212766249417e-7,0.02549636124774796,8.57827155425756e-18,310.6608397303572
1e-10,1.5834843931271067e-18,6.209212766249417e-7,0.025502176406874636,8.578271554257561e-18,310.6608397303573
1e-10,1.5838474684684904e-18,6.209212766249417e-7,0.025508023771992436,8.57827155425756e-18,310.6608397303572
1e-10,1.5841882864912148e-18,6.209212766249417e-7,0.02551351268074069,8.578271554257563e-18,310.66083973035734
1e-10,1.584644116850103e-18,6.209212766249417e-7,0.025520853874802615,8.578271554257561e-18,310.6608397303573
1e-10,1.5850573501075942e-18,6.209212766249417e-7,0.02552750903823553,8.578271554257566e-18,310.66083973035745
1e-10,1.5853126892461866e-18,6.209212766249417e-7,0.025531621300904,8.578271554257566e-18,310.66083973035745
1e-10,1.5857828237356562e-18,6.209212766249417e-7,0.02553919286443658,8.578271554257566e-18,310.66083973035745
1e-10,1.5862166440570601e-18,6.209212766249417e-7,0.025546179584617308,8.57827155425757e-18,310.6608397303576
1e-10,1.5865667152725139e-18,6.209212766249417e-7,0.025551817516970932,8.57827155425757e-18,310.6608397303576
1e-10,1.5868748492683473e-18,6.209212766249417e-7,0.025556780046158342,8.578271554257567e-18,310.6608397303575
1e-10,1.5872533359527132e-18,6.209212766249417e-7,0.025562875612514566,8.578271554257569e-18,310.66083973035757
1e-10,1.5878191378638221e-18,6.209212766249417e-7,0.02557198790955461,8.578271554257564e-18,310.6608397303574
1e-10,1.588343238947806e-18,6.209212766249417e-7,0.025580428610553495,8.578271554257555e-18,310.66083973035705
1e-10,1.588531913848606e-18,6.209212766249417e-7,0.025583467238925607,8.57827155425756e-18,310.6608397303572
1e-10,1.588875865490711e-18,6.209212766249417e-7,0.02558900661493112,8.57827155425756e-18,310.6608397303572
1e-10,1.5892717374327544e-18,6.209212766249417e-7,0.02559538217262171,8.578271554257557e-18,310.6608397303571
1e-10,1.5897544788165063e-18,6.209212766249417e-7,0.025603156771462576,8.57827155425756e-18,310.6608397303572
1e-10,1.5901769098475547e-18,6.209212766249417e-7,0.025609960065969484,8.578271554257558e-18,310.66083973035717
1e-10,1.5903601553773537e-18,6.209212766249417e-7,0.025612911253772148,8.578271554257558e-18,310.66083973035717
1e-10,1.590811818088191e-18,6.209212766249417e-7,0.02562018532744043,8.578271554257557e-18,310.6608397303571
1e-10,1.5911414301847496e-18,6.209212766249417e-7,0.025625493763613692,8.57827155425755e-18,310.6608397303569
1e-10,1.5915258306583445e-18,6.209212766249417e-7,0.025631684572143952,8.578271554257544e-18,310.66083973035666
1e-10,1.592262219670503e-18,6.209212766249417e-7,0.02564354419171056,8.578271554257547e-18,310.66083973035677
1e-10,1.5928866705299357e-18,6.209212766249417e-7,0.02565360103599889,8.57827155425755e-18,310.6608397303569
1e-10,1.5931619569757506e-18,6.209212766249417e-7,0.025658034552068935,8.57827155425755e-18,310.6608397303569
1e-10,1.5936166327802018e-18,6.209212766249417e-7,0.025665357151914807,8.578271554257543e-18,310.6608397303566
1e-10,1.593948444384474e-18,6.209212766249417e-7,0.0256707010113824,8.578271554257544e-18,310.66083973035666
1e-10,1.5944455768797845e-18,6.209212766249417e-7,0.025678707380531362,8.578271554257543e-18,310.6608397303566
1e-10,1.5952576523564863e-18,6.209212766249417e-7,0.025691785938269242,8.578271554257553e-18,310.660839730357
1e-10,1.5954981330874498e-18,6.209212766249417e-7,0.025695658904779112,8.578271554257558e-18,310.66083973035717
1e-10,1.5956981175521688e-18,6.209212766249417e-7,0.025698879674822716,8.578271554257558e-18,310.66083973035717
1e-10,1.5963561990387258e-18,6.209212766249417e-7,0.02570947814376445,8.578271554257561e-18,310.6608397303573
1e-10,1.5969028094456876e-18,6.209212766249417e-7,0.025718281359687938,8.578271554257561e-18,310.6608397303573
1e-10,1.597311176055683e-18,6.209212766249417e-7,0.025724858145270407,8.578271554257557e-18,310.6608397303571
1e-10,1.5976393044086591e-18,6.209212766249417e-7,0.025730142685603113,8.578271554257561e-18,310.6608397303573
1e-10,1.5980260454209827e-18,6.209212766249417e-7,0.02573637118874647,8.57827155425756e-18,310.6608397303572
1e-10,1.5984888851599933e-18,6.209212766249417e-7,0.025743825269584648,8.57827155425756e-18,310.6608397303572
1e-10,1.598877469229533e-18,6.209212766249417e-7,0.025750083455350996,8.578271554257555e-18,310.66083973035705
1e-10,1.5989383835780746e-18,6.209212766249417e-7,0.02575106448709906,8.578271554257555e-18,310.66083973035705
1e-10,1.5992052541880206e-18,6.209212766249417e-7,0.025755362465280714,8.578271554257555e-18,310.66083973035705
1e-10,1.5997347029792166e-18,6.209212766249417e-7,0.025763889291645466,8.578271554257557e-18,310.6608397303571
1e-10,1.5999622264144366e-18,6.209212766249417e-7,0.025767553579596054,8.578271554257558e-18,310.66083973035717
1e-10,1.6003260494672482e-18,6.209212766249417e-7,0.025773412986682072,8.578271554257561e-18,310.6608397303573
1e-10,1.6008608514540636e-18,6.209212766249417e-7,0.025782026026804038,8.578271554257561e-18,310.6608397303573
1e-10,1.6016397166610401e-18,6.209212766249417e-7,0.025794569729786967,8.57827155425757e-18,310.6608397303576
1e-10,1.6022368845613776e-18,6.209212766249417e-7,0.025804187179257913,8.578271554257566e-18,310.66083973035745
1e-10,1.6027466630057597e-18,6.209212766249417e-7,0.0258123972126965,8.578271554257567e-18,310.6608397303575
1e-10,1.603051451300057e-18,6.209212766249417e-7,0.025817305859022067,8.578271554257567e-18,310.6608397303575
1e-10,1.6034340901019614e-18,6.209212766249417e-7,0.025823468295651464,8.578271554257569e-18,310.66083973035757
1e-10,1.6037844662133641e-18,6.209212766249417e-7,0.025829111138385204,8.578271554257563e-18,310.66083973035734
1e-10,1.6040632231336771e-18,6.209212766249417e-7,0.025833600546798268,8.578271554257561e-18,310.6608397303573
1e-10,1.6045549768031113e-18,6.209212766249417e-7,0.025841520289412133,8.578271554257561e-18,310.6608397303573
1e-10,1.6049942144134065e-18,6.209212766249417e-7,0.025848594255578707,8.578271554257553e-18,310.660839730357
1e-10,1.6052458560905163e-18,6.209212766249417e-7,0.025852646970255803,8.578271554257553e-18,310.660839730357
1e-10,1.6058244256105348e-18,6.209212766249417e-7,0.025861964890929474,8.578271554257558e-18,310.66083973035717
1e-10,1.6059387048604661e-18,6.209212766249417e-7,0.025863805369815175,8.578271554257561e-18,310.6608397303573
1e-10,1.6062029340654417e-18,6.209212766249417e-7,0.025868060807902462,8.578271554257563e-18,310.66083973035734
1e-10,1.6064436069783219e-18,6.209212766249417e-7,0.02587193686952155,8.578271554257566e-18,310.66083973035745
1e-10,1.6070777756965895e-18,6.209212766249417e-7,0.025882150220909905,8.57827155425757e-18,310.6608397303576
1e-10,1.607309729264094e-18,6.209212766249417e-7,0.025885885856589286,8.578271554257572e-18,310.6608397303577
1e-10,1.6080219516377404e-18,6.209212766249417e-7,0.025897356269996886,8.578271554257575e-18,310.6608397303578
1e-10,1.608724805872069e-18,6.209212766249417e-7,0.025908675808572677,8.578271554257575e-18,310.6608397303578
1e-10,1.609044028131882e-18,6.209212766249417e-7,0.025913816915373658,8.57827155425757e-18,310.6608397303576
1e-10,1.6091920033970684e-18,6.209212766249417e-7,0.02591620007199523,8.578271554257567e-18,310.6608397303575
1e-10,1.6094937821041164e-18,6.209212766249417e-7,0.025921060248613566,8.578271554257563e-18,310.66083973035734
1e-10,1.6098454451472913e-18,6.209212766249417e-7,0.02592672381751374,8.578271554257564e-18,310.6608397303574
1e-10,1.610289684536655e-18,6.209212766249417e-7,0.025933878337838414,8.578271554257569e-18,310.66083973035757
1e-10,1.6106712093867924e-18,6.209212766249417e-7,0.025940022834161868,8.57827155425757e-18,310.6608397303576
1e-10,1.6110742379623968e-18,6.209212766249417e-7,0.025946513650160232,8.578271554257567e-18,310.6608397303575
1e-10,1.6112699934945315e-18,6.209212766249417e-7,0.02594966631281658,8.578271554257575e-18,310.6608397303578
1e-10,1.6114696388494588e-18,6.209212766249417e-7,0.02595288162146267,8.578271554257577e-18,310.66083973035785
1e-10,1.6117707939186817e-18,6.209212766249417e-7,0.02595773175433072,8.578271554257578e-18,310.6608397303579
1e-10,1.6124769954509332e-18,6.209212766249417e-7,0.02596910520147832,8.578271554257569e-18,310.66083973035757
1e-10,1.612703287842719e-18,6.209212766249417e-7,0.025972749663349812,8.578271554257567e-18,310.6608397303575
1e-10,1.6129619410365958e-18,6.209212766249417e-7,0.025976915299214035,8.578271554257569e-18,310.66083973035757
1e-10,1.6135523357962064e-18,6.209212766249417e-7,0.025986423666568104,8.578271554257575e-18,310.6608397303578
1e-10,1.6141038283894643e-18,6.209212766249417e-7,0.02599530551059599,8.578271554257573e-18,310.66083973035774
1e-10,1.6148624844902019e-18,6.209212766249417e-7,0.02600752374387769,8.578271554257575e-18,310.6608397303578
1e-10,1.6153798246379665e-18,6.209212766249417e-7,0.02601585555931453,8.578271554257575e-18,310.6608397303578
1e-10,1.6158331578213623e-18,6.209212766249417e-7,0.026023156536112427,8.578271554257567e-18,310.6608397303575
1e-10,1.6162179121133532e-18,6.209212766249417e-7,0.02602935304292376,8.578271554257573e-18,310.66083973035774
1e-10,1.6166488937466063e-18,6.209212766249417e-7,0.02603629404574453,8.578271554257569e-18,310.66083973035757
1e-10,1.6170406371696146e-18,6.209212766249417e-7,0.026042603113218234,8.578271554257566e-18,310.66083973035745
1e-10,1.6177497751231778e-18,6.209212766249417e-7,0.02605402385172824,8.578271554257564e-18,310.6608397303574
1e-10,1.6181189132571055e-18,6.209212766249417e-7,0.026059968858733542,8.578271554257563e-18,310.66083973035734
1e-10,1.618441569288051e-18,6.209212766249417e-7,0.026065165266766124,8.57827155425756e-18,310.6608397303572
1e-10,1.6185402418920702e-18,6.209212766249417e-7,0.02606675439903995,8.578271554257557e-18,310.6608397303571
1e-10,1.618992182817147e-18,6.209212766249417e-7,0.02607403295337672,8.578271554257557e-18,310.6608397303571
1e-10,1.6192444520082887e-18,6.209212766249417e-7,0.026078095774230804,8.578271554257557e-18,310.6608397303571
1e-10,1.6195786127411601e-18,6.209212766249417e-7,0.026083477466652228,8.578271554257557e-18,310.6608397303571
1e-10,1.6199550276924612e-18,6.209212766249417e-7,0.026089539667537777,8.578271554257561e-18,310.6608397303573
1e-10,1.6205250077943672e-18,6.209212766249417e-7,0.026098719254763456,8.578271554257561e-18,310.6608397303573
1e-10,1.6208624827323685e-18,6.209212766249417e-7,0.02610415432279391,8.578271554257561e-18,310.6608397303573
1e-10,1.6212195351953093e-18,6.209212766249417e-7,0.02610990468884485,8.578271554257555e-18,310.66083973035705
1e-10,1.6216176700696022e-18,6.209212766249417e-7,0.02611631669128833,8.578271554257561e-18,310.6608397303573
1e-10,1.6217932237609644e-18,6.209212766249417e-7,0.02611914400125452,8.578271554257564e-18,310.6608397303574
1e-10,1.6222800373600657e-18,6.209212766249417e-7,0.026126984183535717,8.578271554257566e-18,310.66083973035745
1e-10,1.6225836244798867e-18,6.209212766249417e-7,0.02613187348482478,8.578271554257572e-18,310.6608397303577
1e-10,1.6230965938724336e-18,6.209212766249417e-7,0.0261401349088065,8.578271554257566e-18,310.66083973035745
1e-10,1.6233265905421335e-18,6.209212766249417e-7,0.02614383902844869,8.578271554257564e-18,310.6608397303574
1e-10,1.6237990465263039e-18,6.209212766249417e-7,0.02615144797988837,8.578271554257566e-18,310.66083973035745
1e-10,1.6241419267467708e-18,6.209212766249417e-7,0.02615697010053997,8.578271554257566e-18,310.66083973035745
1e-10,1.6242458800422648e-18,6.209212766249417e-7,0.02615864427888443,8.578271554257569e-18,310.66083973035757
1e-10,1.6249817995821873e-18,6.209212766249417e-7,0.026170496337553167,8.578271554257573e-18,310.66083973035774
1e-10,1.6252796143708953e-18,6.209212766249417e-7,0.026175292674865472,8.578271554257572e-18,310.6608397303577
1e-10,1.6258018770833168e-18,6.209212766249417e-7,0.026183703768704297,8.578271554257567e-18,310.6608397303575
1e-10,1.6258992847898224e-18,6.209212766249417e-7,0.026185272529675657,8.57827155425757e-18,310.6608397303576
1e-10,1.6265674184147363e-18,6.209212766249417e-7,0.026196032889322946,8.57827155425757e-18,310.6608397303576
1e-10,1.6270811964928766e-18,6.209212766249417e-7,0.02620430733726799,8.578271554257567e-18,310.6608397303575
1e-10,1.6275400828065907e-18,6.209212766249417e-7,0.02621169774779166,8.578271554257567e-18,310.6608397303575
1e-10,1.6278070156029807e-18,6.209212766249417e-7,0.026215996727492294,8.57827155425756e-18,310.6608397303572
1e-10,1.6286364522508182e-18,6.209212766249417e-7,0.02622935488864834,8.578271554257561e-18,310.6608397303573
1e-10,1.6290146679572518e-18,6.209212766249417e-7,0.02623544609087754,8.578271554257563e-18,310.66083973035734
1e-10,1.629228041766018e-18,6.209212766249417e-7,0.026238882497662083,8.578271554257561e-18,310.6608397303573
1e-10,1.6297854917414126e-18,6.209212766249417e-7,0.026247860285932196,8.57827155425756e-18,310.6608397303572
1e-10,1.6302006323810259e-18,6.209212766249417e-7,0.026254546167947222,8.578271554257557e-18,310.6608397303571
1e-10,1.6307689503444504e-18,6.209212766249417e-7,0.02626369898626444,8.578271554257555e-18,310.66083973035705
1e-10,1.6312182809014414e-18,6.209212766249417e-7,0.026270935500359003,8.578271554257561e-18,310.6608397303573
1e-10,1.6315121398108128e-18,6.209212766249417e-7,0.026275668127834242,8.57827155425756e-18,310.6608397303572
1e-10,1.6321846884203335e-18,6.209212766249417e-7,0.02628649959125544,8.578271554257561e-18,310.6608397303573
1e-10,1.6326098236946723e-18,6.209212766249417e-7,0.02629334643787422,8.578271554257561e-18,310.6608397303573
1e-10,1.6333793956042722e-18,6.209212766249417e-7,0.026305740471362377,8.578271554257553e-18,310.660839730357
1e-10,1.633840879322108e-18,6.209212766249417e-7,0.026313172713342298,8.578271554257558e-18,310.66083973035717
1e-10,1.6342900726730634e-18,6.209212766249417e-7,0.02632040701771977,8.578271554257563e-18,310.66083973035734
1e-10,1.6348508063646146e-18,6.209212766249417e-7,0.02632943769057091,8.578271554257561e-18,310.6608397303573
1e-10,1.6350545515942817e-18,6.209212766249417e-7,0.02633271902811461,8.578271554257558e-18,310.66083973035717
1e-10,1.6356618774417063e-18,6.209212766249417e-7,0.02634250007235142,8.578271554257552e-18,310.66083973035694
1e-10,1.6357437564164231e-18,6.209212766249417e-7,0.026343818741525745,8.578271554257555e-18,310.66083973035705
1e-10,1.6361014592655888e-18,6.209212766249417e-7,0.026349579582112658,8.578271554257558e-18,310.66083973035717
1e-10,1.6363437479496767e-18,6.209212766249417e-7,0.02635348166589057,8.578271554257552e-18,310.66083973035694
1e-10,1.636837169740117e-18,6.209212766249417e-7,0.026361428273762057,8.578271554257553e-18,310.660839730357
1e-10,1.6374315038631708e-18,6.209212766249417e-7,0.02637100008496306,8.578271554257566e-18,310.66083973035745
1e-10,1.6379751829724913e-18,6.209212766249417e-7,0.026379756092041375,8.578271554257561e-18,310.6608397303573
1e-10,1.6382954063460734e-18,6.209212766249417e-7,0.026384913321880924,8.578271554257563e-18,310.66083973035734
1e-10,1.6387101349479053e-18,6.209212766249417e-7,0.02639159256798578,8.578271554257563e-18,310.66083973035734
1e-10,1.6390945091647791e-18,6.209212766249417e-7,0.026397782953648887,8.578271554257564e-18,310.6608397303574
1e-10,1.6396634356491523e-18,6.209212766249417e-7,0.026406945572257572,8.578271554257567e-18,310.6608397303575
1e-10,1.6400229892438023e-18,6.209212766249417e-7,0.02641273621928781,8.578271554257567e-18,310.6608397303575
1e-10,1.6404690089729168e-18,6.209212766249417e-7,0.02641991941216435,8.578271554257573e-18,310.66083973035774
1e-10,1.6407736427703208e-18,6.209212766249417e-7,0.02642482557030182,8.57827155425757e-18,310.6608397303576
1e-10,1.6410822957148506e-18,6.209212766249417e-7,0.026429796457210504,8.57827155425757e-18,310.6608397303576
1e-10,1.6417772320380161e-18,6.209212766249417e-7,0.026440988477025685,8.578271554257573e-18,310.66083973035774
1e-10,1.6421481705593474e-18,6.209212766249417e-7,0.026446962479452333,8.57827155425757e-18,310.6608397303576
1e-10,1.6426223922334947e-18,6.209212766249417e-7,0.026454599867507787,8.578271554257563e-18,310.66083973035734
1e-10,1.6429772873807101e-18,6.209212766249417e-7,0.026460315489770635,8.578271554257558e-18,310.66083973035717
1e-10,1.6434551822068292e-18,6.209212766249417e-7,0.026468012034310335,8.578271554257558e-18,310.66083973035717
1e-10,1.6439690684174483e-18,6.209212766249417e-7,0.026476288223739892,8.57827155425756e-18,310.6608397303572
1e-10,1.6443182819560208e-18,6.209212766249417e-7,0.026481912343120542,8.578271554257558e-18,310.66083973035717
1e-10,1.644623328085999e-18,6.209212766249417e-7,0.02648682514191585,8.578271554257563e-18,310.66083973035734
1e-10,1.6448746965533775e-18,6.209212766249417e-7,0.026490873456522568,8.578271554257572e-18,310.6608397303577
1e-10,1.6455214714910966e-18,6.209212766249417e-7,0.026501289832350994,8.57827155425757e-18,310.6608397303576
1e-10,1.6458488288623479e-18,6.209212766249417e-7,0.026506561955944998,8.578271554257567e-18,310.6608397303575
1e-10,1.6464345982029703e-18,6.209212766249417e-7,0.026515995830458147,8.578271554257569e-18,310.66083973035757
1e-10,1.6469368303934765e-18,6.209212766249417e-7,0.026524084330714348,8.578271554257563e-18,310.66083973035734
1e-10,1.6474747863505556e-18,6.209212766249417e-7,0.02653274816584661,8.578271554257563e-18,310.66083973035734
1e-10,1.6480286909061209e-18,6.209212766249417e-7,0.026541668854771557,8.578271554257563e-18,310.66083973035734
1e-10,1.6484405649872225e-18,6.209212766249417e-7,0.02654830212853116,8.578271554257561e-18,310.6608397303573
1e-10,1.648710326889091e-18,6.209212766249417e-7,0.02655264667126184,8.578271554257566e-18,310.66083973035745
1e-10,1.6490878056825013e-18,6.209212766249417e-7,0.026558726005432222,8.578271554257572e-18,310.6608397303577
1e-10,1.6493291928861104e-18,6.209212766249417e-7,0.02656261357077579,8.57827155425757e-18,310.6608397303576
1e-10,1.6496795707910416e-18,6.209212766249417e-7,0.026568256442394488,8.578271554257569e-18,310.66083973035757
1e-10,1.650389539793346e-18,6.209212766249417e-7,0.026579690565028572,8.578271554257561e-18,310.6608397303573
1e-10,1.6505968772565386e-18,6.209212766249417e-7,0.026583029755856753,8.578271554257564e-18,310.6608397303574
1e-10,1.6510784715454853e-18,6.209212766249417e-7,0.02659078588061969,8.578271554257564e-18,310.6608397303574
1e-10,1.6514688490157272e-18,6.209212766249417e-7,0.02659707294928585,8.57827155425756e-18,310.6608397303572
1e-10,1.6519169567502766e-18,6.209212766249417e-7,0.026604289769701233,8.578271554257561e-18,310.6608397303573
1e-10,1.6523437832344402e-18,6.209212766249417e-7,0.0266111638534254,8.578271554257566e-18,310.66083973035745
1e-10,1.6528572065420279e-18,6.209212766249417e-7,0.026619432587754788,8.578271554257564e-18,310.6608397303574
1e-10,1.6529428388674222e-18,6.209212766249417e-7,0.026620811705021633,8.578271554257566e-18,310.66083973035745
1e-10,1.6534386528444224e-18,6.209212766249417e-7,0.02662879683929977,8.578271554257564e-18,310.6608397303574
1e-10,1.6537468820112343e-18,6.209212766249417e-7,0.026633760901225417,8.578271554257563e-18,310.66083973035734
1e-10,1.6544442953329722e-18,6.209212766249417e-7,0.02664499281335329,8.578271554257563e-18,310.66083973035734
1e-10,1.6550819918828425e-18,6.209212766249417e-7,0.026655262980826638,8.578271554257563e-18,310.66083973035734
1e-10,1.655400133643474e-18,6.209212766249417e-7,0.026660386686078952,8.578271554257558e-18,310.66083973035717
1e-10,1.655770856932261e-18,6.209212766249417e-7,0.026666357222163685,8.578271554257558e-18,310.66083973035717
1e-10,1.6560696048685998e-18,6.209212766249417e-7,0.026671168587913026,8.57827155425756e-18,310.6608397303572
1e-10,1.6563226633040304e-18,6.209212766249417e-7,0.026675244119626258,8.578271554257561e-18,310.6608397303573
1e-10,1.6566058448819205e-18,6.209212766249417e-7,0.026679804787597395,8.578271554257561e-18,310.6608397303573
1e-10,1.6571528550924622e-18,6.209212766249417e-7,0.026688614442398,8.578271554257566e-18,310.66083973035745
1e-10,1.6579335149793705e-18,6.209212766249417e-7,0.02670118704888286,8.578271554257569e-18,310.66083973035757
1e-10,1.6583307633807448e-18,6.209212766249417e-7,0.026707584774590273,8.578271554257577e-18,310.66083973035785
1e-10,1.6587729295545934e-18,6.209212766249417e-7,0.02671470590556926,8.578271554257577e-18,310.66083973035785
1e-10,1.6590654441103475e-18,6.209212766249417e-7,0.026719416882093436,8.578271554257567e-18,310.6608397303575
1e-10,1.6593131684137412e-18,6.209212766249417e-7,0.026723406507070377,8.578271554257564e-18,310.6608397303574
1e-10,1.6595887790113437e-18,6.209212766249417e-7,0.026727845243637766,8.578271554257567e-18,310.6608397303575
1e-10,1.6597789850737591e-18,6.209212766249417e-7,0.026730908531522653,8.578271554257561e-18,310.6608397303573
1e-10,1.6602061201062102e-18,6.209212766249417e-7,0.026737787584448218,8.578271554257555e-18,310.66083973035705
1e-10,1.6605397997979844e-18,6.209212766249417e-7,0.026743161529654086,8.578271554257557e-18,310.6608397303571
1e-10,1.6614229265801453e-18,6.209212766249417e-7,0.02675738437585709,8.57827155425756e-18,310.6608397303572
1e-10,1.6616563980417139e-18,6.209212766249417e-7,0.026761144457373987,8.578271554257563e-18,310.66083973035734
1e-10,1.6620011379096052e-18,6.209212766249417e-7,0.026766696527835563,8.578271554257566e-18,310.66083973035745
1e-10,1.662399363086822e-18,6.209212766249417e-7,0.026773109984616773,8.578271554257569e-18,310.66083973035757
1e-10,1.6626862961473328e-18,6.209212766249417e-7,0.026777731070595185,8.578271554257566e-18,310.66083973035745
1e-10,1.6630386766844869e-18,6.209212766249417e-7,0.026783406194808505,8.57827155425757e-18,310.6608397303576
1e-10,1.6634406421476482e-18,6.209212766249417e-7,0.026789879889273387,8.578271554257567e-18,310.6608397303575
1e-10,1.6636900899477999e-18,6.209212766249417e-7,0.026793897271340038,8.578271554257566e-18,310.66083973035745
1e-10,1.6639176911129358e-18,6.209212766249417e-7,0.02679756281113879,8.57827155425757e-18,310.6608397303576
1e-10,1.6643549623625901e-18,6.209212766249417e-7,0.02680460510886824,8.578271554257567e-18,310.6608397303575
1e-10,1.6648218017267296e-18,6.209212766249417e-7,0.0268121236040739,8.578271554257573e-18,310.66083973035774
1e-10,1.6650601072332948e-18,6.209212766249417e-7,0.02681596153837469,8.578271554257573e-18,310.66083973035774
1e-10,1.6652697149728783e-18,6.209212766249417e-7,0.026819337292233906,8.578271554257575e-18,310.6608397303578
1e-10,1.6657947483524936e-18,6.209212766249417e-7,0.02682779300794829,8.578271554257572e-18,310.6608397303577
1e-10,1.666289428266383e-18,6.209212766249417e-7,0.026835759878025254,8.578271554257573e-18,310.66083973035774
1e-10,1.66683487919621e-18,6.209212766249417e-7,0.026844544420452143,8.578271554257569e-18,310.66083973035757
1e-10,1.6671754216482779e-18,6.209212766249417e-7,0.026850028891107085,8.57827155425757e-18,310.6608397303576
1e-10,1.667762805952291e-18,6.209212766249417e-7,0.026859488774769083,8.578271554257572e-18,310.6608397303577
1e-10,1.6682631757098994e-18,6.209212766249417e-7,0.02686754728035498,8.578271554257566e-18,310.66083973035745
1e-10,1.6685244736523154e-18,6.209212766249417e-7,0.026871755510162087,8.578271554257572e-18,310.6608397303577
1e-10,1.668859948258407e-18,6.209212766249417e-7,0.026877158362644694,8.578271554257573e-18,310.66083973035774
1e-10,1.6695799832931375e-18,6.209212766249417e-7,0.02688875459974973,8.578271554257566e-18,310.66083973035745
1e-10,1.6700245796120409e-18,6.209212766249417e-7,0.026895914868460765,8.57827155425757e-18,310.6608397303576
1e-10,1.6702363939204031e-18,6.209212766249417e-7,0.026899326159333475,8.578271554257569e-18,310.66083973035757
1e-10,1.6705554324879425e-18,6.209212766249417e-7,0.0269044643077518,8.578271554257572e-18,310.6608397303577
1e-10,1.6708252081425169e-18,6.209212766249417e-7,0.0269088090719712,8.578271554257569e-18,310.66083973035757
1e-10,1.671365439258294e-18,6.209212766249417e-7,0.026917509548764547,8.578271554257569e-18,310.66083973035757
1e-10,1.6717091876861744e-18,6.209212766249417e-7,0.026923045651984407,8.578271554257569e-18,310.66083973035757
1e-10,1.6720771635785307e-18,6.209212766249417e-7,0.02692897194097158,8.578271554257572e-18,310.6608397303577
1e-10,1.6727984842622177e-18,6.209212766249417e-7,0.026940588883583173,8.578271554257569e-18,310.66083973035757
1e-10,1.6735367907041182e-18,6.209212766249417e-7,0.02695247938354983,8.578271554257566e-18,310.66083973035745
1e-10,1.6740277946457706e-18,6.209212766249417e-7,0.026960387051721893,8.578271554257567e-18,310.6608397303575
1e-10,1.6742102545729557e-18,6.209212766249417e-7,0.026963325587314953,8.578271554257572e-18,310.6608397303577
1e-10,1.6744892532494876e-18,6.209212766249417e-7,0.02696781888923639,8.578271554257573e-18,310.66083973035774
1e-10,1.6751804125910732e-18,6.209212766249417e-7,0.02697895008038098,8.57827155425757e-18,310.6608397303576
1e-10,1.6756007786867433e-18,6.209212766249417e-7,0.02698572011889464,8.57827155425757e-18,310.6608397303576
1e-10,1.6758700458318522e-18,6.209212766249417e-7,0.026990056693517634,8.578271554257572e-18,310.6608397303577
1e-10,1.67621910232114e-18,6.209212766249417e-7,0.026995678283603664,8.578271554257567e-18,310.6608397303575
1e-10,1.6766071359936736e-18,6.209212766249417e-7,0.027001927605170523,8.578271554257566e-18,310.66083973035745
1e-10,1.677023282880475e-18,6.209212766249417e-7,0.02700862969289835,8.578271554257573e-18,310.66083973035774
1e-10,1.6777025483370181e-18,6.209212766249417e-7,0.02701956933182062,8.57827155425757e-18,310.6608397303576
1e-10,1.6781166007413024e-18,6.209212766249417e-7,0.027026237687695537,8.578271554257575e-18,310.6608397303578
1e-10,1.6785114963454818e-18,6.209212766249417e-7,0.02703259752136601,8.578271554257572e-18,310.6608397303577
1e-10,1.6789319104503826e-18,6.209212766249417e-7,0.027039368333073188,8.578271554257573e-18,310.66083973035774
1e-10,1.6793172576811125e-18,6.209212766249417e-7,0.027045574389222924,8.578271554257575e-18,310.6608397303578
1e-10,1.6797266431815998e-18,6.209212766249417e-7,0.02705216758413988,8.578271554257573e-18,310.66083973035774
1e-10,1.6799364250070102e-18,6.209212766249417e-7,0.027055546141668954,8.578271554257575e-18,310.6608397303578
1e-10,1.68031647747193e-18,6.209212766249417e-7,0.027061666925079463,8.578271554257578e-18,310.6608397303579
1e-10,1.6805647624436075e-18,6.209212766249417e-7,0.027065665579675855,8.578271554257578e-18,310.6608397303579
1e-10,1.680995620486942e-18,6.209212766249417e-7,0.02707260459206848,8.578271554257578e-18,310.6608397303579
1e-10,1.6815810856109063e-18,6.209212766249417e-7,0.027082033567141565,8.578271554257586e-18,310.6608397303582
1e-10,1.6821170502668766e-18,6.209212766249417e-7,0.02709066533216794,8.578271554257587e-18,310.66083973035825
1e-10,1.6824425094180787e-18,6.209212766249417e-7,0.02709590688473594,8.578271554257587e-18,310.66083973035825
1e-10,1.6827425963845384e-18,6.209212766249417e-7,0.02710073981570089,8.578271554257583e-18,310.6608397303581
1e-10,1.6829228246560671e-18,6.209212766249417e-7,0.027103642410253752,8.578271554257581e-18,310.660839730358
1e-10,1.6834763626891277e-18,6.209212766249417e-7,0.02711255719629667,8.578271554257584e-18,310.66083973035813
1e-10,1.6840158384645587e-18,6.209212766249417e-7,0.0271212455082573,8.578271554257578e-18,310.6608397303579
1e-10,1.6842384712190134e-18,6.209212766249417e-7,0.0271248310312992,8.578271554257578e-18,310.6608397303579
1e-10,1.6844366931862378e-18,6.209212766249417e-7,0.027128023416142285,8.578271554257573e-18,310.66083973035774
1e-10,1.684900037620392e-18,6.209212766249417e-7,0.027135485625146824,8.578271554257573e-18,310.66083973035774
1e-10,1.685402479944591e-18,6.209212766249417e-7,0.027143577509627415,8.578271554257577e-18,310.66083973035785
1e-10,1.6856934207055471e-18,6.209212766249417e-7,0.027148263140027096,8.578271554257573e-18,310.66083973035774
1e-10,1.6860153237333277e-18,6.209212766249417e-7,0.027153447420867498,8.57827155425758e-18,310.66083973035796
1e-10,1.6861896940550191e-18,6.209212766249417e-7,0.02715625567254538,8.578271554257578e-18,310.6608397303579
1e-10,1.6867695424651348e-18,6.209212766249417e-7,0.027165594189873493,8.57827155425758e-18,310.66083973035796
1e-10,1.6870493122968616e-18,6.209212766249417e-7,0.027170099911327388,8.578271554257578e-18,310.6608397303579
1e-10,1.6873855386898935e-18,6.209212766249417e-7,0.02717551487141475,8.57827155425758e-18,310.66083973035796
1e-10,1.6876218102925792e-18,6.209212766249417e-7,0.027179320049487726,8.578271554257575e-18,310.6608397303578
1e-10,1.688148834258162e-18,6.209212766249417e-7,0.027187807823790572,8.578271554257569e-18,310.66083973035757
1e-10,1.6886396095365784e-18,6.209212766249417e-7,0.02719571180931808,8.578271554257572e-18,310.6608397303577
1e-10,1.6890757780860336e-18,6.209212766249417e-7,0.027202736347949223,8.578271554257572e-18,310.6608397303577
1e-10,1.6894611019304847e-18,6.209212766249417e-7,0.027208942027460572,8.578271554257572e-18,310.6608397303577
1e-10,1.6899794341197258e-18,6.209212766249417e-7,0.02721728981982579,8.57827155425758e-18,310.66083973035796
1e-10,1.6903413358740851e-18,6.209212766249417e-7,0.027223118284205792,8.578271554257586e-18,310.6608397303582
1e-10,1.6905221516231367e-18,6.209212766249417e-7,0.027226030340143613,8.578271554257586e-18,310.6608397303582
1e-10,1.6912567606668777e-18,6.209212766249417e-7,0.027237861293138717,8.578271554257589e-18,310.6608397303583
1e-10,1.6917514471836708e-18,6.209212766249417e-7,0.027245828269556113,8.578271554257589e-18,310.6608397303583
1e-10,1.69219361162445e-18,6.209212766249417e-7,0.027252949372623844,8.578271554257584e-18,310.66083973035813
1e-10,1.6926021790676494e-18,6.209212766249417e-7,0.027259529392645386,8.578271554257589e-18,310.6608397303583
1e-10,1.6928870737107414e-18,6.209212766249417e-7,0.02726411764970497,8.578271554257587e-18,310.66083973035825
1e-10,1.6932917875797275e-18,6.209212766249417e-7,0.02727063560752381,8.578271554257592e-18,310.66083973035836
1e-10,1.6938714027923603e-18,6.209212766249417e-7,0.02727997036918286,8.5782715542576e-18,310.66083973035865
1e-10,1.6944016104937013e-18,6.209212766249417e-7,0.0272885094178723,8.578271554257594e-18,310.6608397303584
1e-10,1.6949900113035464e-18,6.209212766249417e-7,0.0272979856724636,8.578271554257586e-18,310.6608397303582
1e-10,1.6954395645574512e-18,6.209212766249417e-7,0.027305225773114495,8.578271554257589e-18,310.6608397303583
1e-10,1.6956778398864649e-18,6.209212766249417e-7,0.02730906322140277,8.578271554257587e-18,310.66083973035825
1e-10,1.6960590682440089e-18,6.209212766249417e-7,0.027315202942682994,8.578271554257587e-18,310.66083973035825
1e-10,1.6965244288612475e-18,6.209212766249417e-7,0.027322697622520157,8.57827155425759e-18,310.6608397303583
1e-10,1.696759749639506e-18,6.209212766249417e-7,0.027326487487469506,8.578271554257594e-18,310.6608397303584
1e-10,1.6970702567660406e-18,6.209212766249417e-7,0.027331488236167028,8.578271554257597e-18,310.66083973035853
1e-10,1.6973977164838322e-18,6.209212766249417e-7,0.02733676200806242,8.578271554257597e-18,310.66083973035853
1e-10,1.6977062002107472e-18,6.209212766249417e-7,0.027341730169704294,8.578271554257594e-18,310.6608397303584
1e-10,1.697984508130492e-18,6.209212766249417e-7,0.027346212346917764,8.578271554257595e-18,310.6608397303585
1e-10,1.6984220233638165e-18,6.209212766249417e-7,0.027353258574028913,8.578271554257594e-18,310.6608397303584
1e-10,1.6989154239958183e-18,6.209212766249417e-7,0.02736120484114161,8.578271554257594e-18,310.6608397303584
1e-10,1.699214104536519e-18,6.209212766249417e-7,0.027366015121477377,8.578271554257598e-18,310.6608397303586
1e-10,1.6997490741292988e-18,6.209212766249417e-7,0.02737463086091036,8.578271554257592e-18,310.66083973035836
1e-10,1.700140207211436e-18,6.209212766249417e-7,0.027380930098782563,8.578271554257595e-18,310.6608397303585
1e-10,1.7005774101363598e-18,6.209212766249417e-7,0.027387971296135315,8.578271554257592e-18,310.66083973035836
1e-10,1.7009122208095362e-18,6.209212766249417e-7,0.02739336345591113,8.578271554257597e-18,310.66083973035853
1e-10,1.7012837970526978e-18,6.209212766249417e-7,0.02739934772891239,8.578271554257598e-18,310.6608397303586
1e-10,1.7017286112397271e-18,6.209212766249417e-7,0.027406511506411643,8.578271554257595e-18,310.6608397303585
1e-10,1.7022694435713632e-18,6.209212766249417e-7,0.027415221665847245,8.578271554257601e-18,310.6608397303587
1e-10,1.7024258301258155e-18,6.209212766249417e-7,0.027417740287133705,8.578271554257604e-18,310.6608397303588
1e-10,1.7026594957849659e-18,6.209212766249417e-7,0.02742150349622231,8.5782715542576e-18,310.66083973035865
1e-10,1.7029562498000102e-18,6.209212766249417e-7,0.027426282749667408,8.578271554257589e-18,310.6608397303583
1e-10,1.7033122127299594e-18,6.209212766249417e-7,0.027432015568679247,8.578271554257584e-18,310.66083973035813
1e-10,1.7037107499376648e-18,6.209212766249417e-7,0.027438434050743057,8.57827155425758e-18,310.66083973035796
1e-10,1.7041759522208192e-18,6.209212766249417e-7,0.027445926180593768,8.57827155425758e-18,310.66083973035796
1e-10,1.7046778563921495e-18,6.209212766249417e-7,0.027454009398067945,8.578271554257577e-18,310.66083973035785
1e-10,1.7049323647608954e-18,6.209212766249417e-7,0.02745810828110396,8.578271554257573e-18,310.66083973035774
1e-10,1.705381562121663e-18,6.209212766249417e-7,0.027465342650059864,8.57827155425757e-18,310.6608397303576
1e-10,1.7057215208681974e-18,6.209212766249417e-7,0.027470817720078117,8.578271554257573e-18,310.66083973035774
1e-10,1.7062688530890659e-18,6.209212766249417e-7,0.027479632560887625,8.578271554257572e-18,310.6608397303577
1e-10,1.7068826490918266e-18,6.209212766249417e-7,0.027489517807630932,8.578271554257572e-18,310.6608397303577
1e-10,1.7075265609912232e-18,6.209212766249417e-7,0.027499888073937422,8.578271554257564e-18,310.6608397303574
1e-10,1.7079560014127081e-18,6.209212766249417e-7,0.02750680425538669,8.578271554257564e-18,310.6608397303574
1e-10,1.7083797791658805e-18,6.209212766249417e-7,0.027513629238989697,8.578271554257569e-18,310.66083973035757
1e-10,1.7086971866216124e-18,6.209212766249417e-7,0.027518741118187286,8.578271554257566e-18,310.66083973035745
1e-10,1.7091086983314916e-18,6.209212766249417e-7,0.027525368555921678,8.578271554257566e-18,310.66083973035745
1e-10,1.7095684840394134e-18,6.209212766249417e-7,0.02753277345128009,8.57827155425757e-18,310.6608397303576
1e-10,1.709923408837484e-18,6.209212766249417e-7,0.02753848955107296,8.578271554257566e-18,310.66083973035745
1e-10,1.7103208673662335e-18,6.209212766249417e-7,0.02754489066090302,8.578271554257569e-18,310.66083973035757
1e-10,1.710630705533623e-18,6.209212766249417e-7,0.027549880635945805,8.578271554257564e-18,310.6608397303574
1e-10,1.7109964686392705e-18,6.209212766249417e-7,0.02755577128777909,8.578271554257561e-18,310.6608397303573
1e-10,1.7115101011656509e-18,6.209212766249417e-7,0.02756404339159831,8.578271554257564e-18,310.6608397303574
1e-10,1.7119147124433787e-18,6.209212766249417e-7,0.02757055969717455,8.578271554257564e-18,310.6608397303574
1e-10,1.7125191155157808e-18,6.209212766249417e-7,0.027580293669823827,8.578271554257563e-18,310.66083973035734
1e-10,1.7129061636125633e-18,6.209212766249417e-7,0.027586527118593475,8.578271554257563e-18,310.66083973035734
1e-10,1.7134013358510265e-18,6.209212766249417e-7,0.027594501917607525,8.578271554257564e-18,310.6608397303574
1e-10,1.7137666970392e-18,6.209212766249417e-7,0.027600386096519214,8.578271554257567e-18,310.6608397303575
1e-10,1.7141461696760161e-18,6.209212766249417e-7,0.027606497541739432,8.578271554257567e-18,310.6608397303575
1e-10,1.7145896381672849e-18,6.209212766249417e-7,0.02761363964667227,8.578271554257566e-18,310.66083973035745
1e-10,1.714907667339945e-18,6.209212766249417e-7,0.02761876153868391,8.578271554257567e-18,310.6608397303575
1e-10,1.7152991782972388e-18,6.209212766249417e-7,0.02762506686227375,8.578271554257567e-18,310.6608397303575
1e-10,1.7159863697672266e-18,6.209212766249417e-7,0.02763613415044469,8.578271554257569e-18,310.66083973035757
1e-10,1.7164294552351764e-18,6.209212766249417e-7,0.027643270086748214,8.578271554257569e-18,310.66083973035757
1e-10,1.7169961084126725e-18,6.209212766249417e-7,0.027652396093519577,8.578271554257567e-18,310.6608397303575
1e-10,1.7175102447449136e-18,6.209212766249417e-7,0.02766067631118317,8.578271554257566e-18,310.66083973035745
1e-10,1.717951715950613e-18,6.209212766249417e-7,0.02766778624962978,8.578271554257563e-18,310.66083973035734
1e-10,1.7185295136183219e-18,6.209212766249417e-7,0.02767709173954389,8.578271554257567e-18,310.6608397303575
1e-10,1.7188022947659575e-18,6.209212766249417e-7,0.027681484907533208,8.578271554257572e-18,310.6608397303577
1e-10,1.7193725827754207e-18,6.209212766249417e-7,0.02769066945364126,8.57827155425757e-18,310.6608397303576
1e-10,1.719653065561572e-18,6.209212766249417e-7,0.027695186657298313,8.578271554257566e-18,310.66083973035745
1e-10,1.7202193569260864e-18,6.209212766249417e-7,0.027704306837034988,8.578271554257563e-18,310.66083973035734
1e-10,1.7204291488369895e-18,6.209212766249417e-7,0.02770768555699194,8.578271554257563e-18,310.66083973035734
1e-10,1.720854845351463e-18,6.209212766249417e-7,0.027714541442439893,8.578271554257563e-18,310.66083973035734
1e-10,1.7214156300662263e-18,6.209212766249417e-7,0.027723572937025025,8.578271554257558e-18,310.66083973035717
1e-10,1.7219981447515572e-18,6.209212766249417e-7,0.02773295439498532,8.578271554257561e-18,310.6608397303573
1e-10,1.7223405523458321e-18,6.209212766249417e-7,0.02773846890394427,8.578271554257561e-18,310.6608397303573
1e-10,1.7228725267277825e-18,6.209212766249417e-7,0.027747036405203717,8.578271554257567e-18,310.6608397303575
1e-10,1.7230330394630692e-18,6.209212766249417e-7,0.027749621479050104,8.578271554257563e-18,310.66083973035734
1e-10,1.7236215800598664e-18,6.209212766249417e-7,0.02775909998492441,8.578271554257564e-18,310.6608397303574
1e-10,1.7241261206339859e-18,6.209212766249417e-7,0.02776722566193232,8.578271554257566e-18,310.66083973035745
1e-10,1.7243877242516152e-18,6.209212766249417e-7,0.027771438814669674,8.578271554257566e-18,310.66083973035745
1e-10,1.7250030786453648e-18,6.209212766249417e-7,0.027781349159457576,8.578271554257567e-18,310.6608397303575
1e-10,1.725247096404683e-18,6.209212766249417e-7,0.02778527909016706,8.578271554257572e-18,310.6608397303577
1e-10,1.7253736541451846e-18,6.209212766249417e-7,0.02778731731538604,8.578271554257572e-18,310.6608397303577
1e-10,1.7258378084572214e-18,6.209212766249417e-7,0.02779479256755584,8.578271554257566e-18,310.66083973035745
1e-10,1.7259939342650082e-18,6.209212766249417e-7,0.027797306989490865,8.578271554257566e-18,310.66083973035745
1e-10,1.7264050937410287e-18,6.209212766249417e-7,0.027803928754463317,8.57827155425757e-18,310.6608397303576
1e-10,1.7269888919911876e-18,6.209212766249417e-7,0.027813330884365068,8.578271554257567e-18,310.6608397303575
1e-10,1.727607175512203e-18,6.209212766249417e-7,0.027823288403044023,8.578271554257564e-18,310.6608397303574
1e-10,1.7280590492755213e-18,6.209212766249417e-7,0.02783056587573387,8.578271554257558e-18,310.66083973035717
1e-10,1.7285599511251316e-18,6.209212766249417e-7,0.027838632950715307,8.578271554257555e-18,310.66083973035705
1e-10,1.7288012423775211e-18,6.209212766249417e-7,0.027842518970754772,8.578271554257555e-18,310.66083973035705
1e-10,1.7292392945574328e-18,6.209212766249417e-7,0.027849573845445053,8.578271554257558e-18,310.66083973035717
1e-10,1.7294500897287703e-18,6.209212766249417e-7,0.02785296872301284,8.578271554257563e-18,310.66083973035734
1e-10,1.7298430805248385e-18,6.209212766249417e-7,0.02785929787955591,8.578271554257563e-18,310.66083973035734
1e-10,1.7299206628035624e-18,6.209212766249417e-7,0.027860547350006423,8.578271554257563e-18,310.66083973035734
1e-10,1.7301551613320016e-18,6.209212766249417e-7,0.027864323972539216,8.578271554257564e-18,310.6608397303574
1e-10,1.7303035633072203e-18,6.209212766249417e-7,0.02786671400136904,8.578271554257564e-18,310.6608397303574
1e-10,1.7305380672965476e-18,6.209212766249417e-7,0.02787049071184999,8.578271554257558e-18,310.66083973035717
1e-10,1.7312003097583e-18,6.209212766249417e-7,0.027881156193718355,8.578271554257558e-18,310.66083973035717
1e-10,1.7315785002941721e-18,6.209212766249417e-7,0.027887246990573114,8.578271554257561e-18,310.6608397303573
1e-10,1.7318755324907367e-18,6.209212766249417e-7,0.027892030724159748,8.57827155425755e-18,310.6608397303569
1e-10,1.7321064161539455e-18,6.209212766249417e-7,0.027895749128922166,8.578271554257553e-18,310.660839730357
1e-10,1.7324617655277798e-18,6.209212766249417e-7,0.027901472066550678,8.578271554257557e-18,310.6608397303571
1e-10,1.7332061968350588e-18,6.209212766249417e-7,0.027913461208094122,8.578271554257561e-18,310.6608397303573
1e-10,1.7335480368810127e-18,6.209212766249417e-7,0.02791896657662992,8.578271554257564e-18,310.6608397303574
1e-10,1.7337400677307064e-18,6.209212766249417e-7,0.0279220592528986,8.578271554257563e-18,310.66083973035734
1e-10,1.7342323332305186e-18,6.209212766249417e-7,0.027929987238592503,8.578271554257566e-18,310.66083973035745
1e-10,1.734615000317173e-18,6.209212766249417e-7,0.027936150130750657,8.578271554257567e-18,310.6608397303575
1e-10,1.7348265146339757e-18,6.209212766249417e-7,0.027939556590228943,8.578271554257573e-18,310.66083973035774
1e-10,1.7350546203330235e-18,6.209212766249417e-7,0.027943230255597404,8.578271554257567e-18,310.6608397303575
1e-10,1.7355078414436574e-18,6.209212766249417e-7,0.027950529427452124,8.578271554257564e-18,310.6608397303574
1e-10,1.736211987354617e-18,6.209212766249417e-7,0.027961869768610783,8.578271554257558e-18,310.66083973035717
1e-10,1.736912682591807e-18,6.209212766249417e-7,0.02797315453631916,8.578271554257563e-18,310.66083973035734
1e-10,1.7371564618292448e-18,6.209212766249417e-7,0.02797708062560962,8.57827155425756e-18,310.6608397303572
1e-10,1.7376308024368358e-18,6.209212766249417e-7,0.027984719929100222,8.578271554257553e-18,310.660839730357
1e-10,1.7378064051490993e-18,6.209212766249417e-7,0.02798754802855299,8.578271554257553e-18,310.660839730357
1e-10,1.7382553357631824e-18,6.209212766249417e-7,0.027994778101526546,8.578271554257557e-18,310.6608397303571
1e-10,1.7387075867833963e-18,6.209212766249417e-7,0.028002061649976876,8.578271554257549e-18,310.6608397303568
1e-10,1.7392211952639678e-18,6.209212766249417e-7,0.02801033336653591,8.578271554257549e-18,310.6608397303568
1e-10,1.739460254574813e-18,6.209212766249417e-7,0.028014183440930925,8.578271554257549e-18,310.6608397303568
1e-10,1.739697452653036e-18,6.209212766249417e-7,0.028018003539986187,8.578271554257549e-18,310.6608397303568
1e-10,1.740070405637956e-18,6.209212766249417e-7,0.0280240099855528,8.578271554257544e-18,310.66083973035666
1e-10,1.740492478808678e-18,6.209212766249417e-7,0.028030807516682937,8.578271554257547e-18,310.66083973035677
1e-10,1.740743834268946e-18,6.209212766249417e-7,0.028034855621808824,8.57827155425755e-18,310.6608397303569
1e-10,1.7410137818171955e-18,6.209212766249417e-7,0.02803920315439326,8.578271554257555e-18,310.66083973035705
1e-10,1.7413424865069573e-18,6.209212766249417e-7,0.02804449697668823,8.578271554257555e-18,310.66083973035705
1e-10,1.741680898726533e-18,6.209212766249417e-7,0.028049947139733297,8.578271554257555e-18,310.66083973035705
1e-10,1.7419512605423036e-18,6.209212766249417e-7,0.028054301344138083,8.578271554257555e-18,310.66083973035705
1e-10,1.7423694479855348e-18,6.209212766249417e-7,0.028061036295233724,8.57827155425755e-18,310.6608397303569
1e-10,1.7428190265300725e-18,6.209212766249417e-7,0.028068276803192824,8.57827155425755e-18,310.6608397303569
1e-10,1.743018865266725e-18,6.209212766249417e-7,0.028071495226271167,8.578271554257547e-18,310.66083973035677
1e-10,1.7433577328079854e-18,6.209212766249417e-7,0.028076952722318048,8.578271554257549e-18,310.6608397303568
1e-10,1.7438677804553484e-18,6.209212766249417e-7,0.028085167091297887,8.57827155425755e-18,310.6608397303569
1e-10,1.7442001401009652e-18,6.209212766249417e-7,0.0280905197770268,8.57827155425755e-18,310.6608397303569
1e-10,1.7445774995441217e-18,6.209212766249417e-7,0.028096597189049267,8.578271554257553e-18,310.660839730357
1e-10,1.7451306515819246e-18,6.209212766249417e-7,0.02810550575859949,8.578271554257552e-18,310.66083973035694
1e-10,1.745356559291742e-18,6.209212766249417e-7,0.028109144025128954,8.57827155425755e-18,310.6608397303569
1e-10,1.745907988172333e-18,6.209212766249417e-7,0.02811802484305789,8.57827155425755e-18,310.6608397303569
1e-10,1.7462453468299273e-18,6.209212766249417e-7,0.028123458038380622,8.578271554257552e-18,310.66083973035694
1e-10,1.7468358308749203e-18,6.209212766249417e-7,0.028132967843684808,8.578271554257557e-18,310.6608397303571
1e-10,1.7472217809451536e-18,6.209212766249417e-7,0.028139183608625756,8.578271554257557e-18,310.6608397303571
1e-10,1.747757469111269e-18,6.209212766249417e-7,0.028147810920755037,8.578271554257555e-18,310.66083973035705
1e-10,1.7482321012680325e-18,6.209212766249417e-7,0.028155454919674566,8.57827155425756e-18,310.6608397303572
1e-10,1.7485061309716804e-18,6.209212766249417e-7,0.02815986819578482,8.57827155425756e-18,310.6608397303572
1e-10,1.7491246818978226e-18,6.209212766249417e-7,0.028169830021050408,8.578271554257558e-18,310.66083973035717
1e-10,1.7493167442989156e-18,6.209212766249417e-7,0.028172923205457567,8.57827155425756e-18,310.6608397303572
1e-10,1.749958266314943e-18,6.209212766249417e-7,0.02818325498245053,8.578271554257564e-18,310.6608397303574
1e-10,1.7501998192107622e-18,6.209212766249417e-7,0.028187145216283908,8.578271554257566e-18,310.66083973035745
1e-10,1.7507601733146605e-18,6.209212766249417e-7,0.02819616977583748,8.578271554257563e-18,310.66083973035734
1e-10,1.751059980815323e-18,6.209212766249417e-7,0.028200998205977486,8.578271554257558e-18,310.66083973035717
1e-10,1.751634071481724e-18,6.209212766249417e-7,0.028210243994260368,8.578271554257561e-18,310.6608397303573
1e-10,1.7519306690878866e-18,6.209212766249417e-7,0.02821502072872459,8.578271554257557e-18,310.6608397303571
1e-10,1.7523479584009324e-18,6.209212766249417e-7,0.028221741215342704,8.578271554257557e-18,310.6608397303571
1e-10,1.752925475772475e-18,6.209212766249417e-7,0.028231042191058688,8.578271554257555e-18,310.66083973035705
1e-10,1.7532625136830373e-18,6.209212766249417e-7,0.028236470220718006,8.57827155425756e-18,310.6608397303572
1e-10,1.753756892109937e-18,6.209212766249417e-7,0.02824443223531649,8.578271554257561e-18,310.6608397303573
1e-10,1.7542365553534177e-18,6.209212766249417e-7,0.02825215726039677,8.578271554257558e-18,310.66083973035717
1e-10,1.7546333169651055e-18,6.209212766249417e-7,0.028258547146307017,8.57827155425756e-18,310.6608397303572
1e-10,1.755117839998415e-18,6.209212766249417e-7,0.02826635043879432,8.578271554257563e-18,310.66083973035734
1e-10,1.7556543154402886e-18,6.209212766249417e-7,0.02827499043007936,8.578271554257558e-18,310.66083973035717
1e-10,1.7564779353423296e-18,6.209212766249417e-7,0.028288254911955676,8.578271554257555e-18,310.66083973035705
1e-10,1.7570118473854515e-18,6.209212766249417e-7,0.028296853619444395,8.578271554257557e-18,310.6608397303571
1e-10,1.7573457911147547e-18,6.209212766249417e-7,0.02830223181700139,8.578271554257553e-18,310.660839730357
1e-10,1.757539953537867e-18,6.209212766249417e-7,0.028305358822475705,8.57827155425755e-18,310.6608397303569
1e-10,1.7578438735265915e-18,6.209212766249417e-7,0.02831025348465215,8.578271554257552e-18,310.66083973035694
1e-10,1.75853653245046e-18,6.209212766249417e-7,0.028321408826721167,8.578271554257561e-18,310.6608397303573
1e-10,1.7589583786034104e-18,6.209212766249417e-7,0.028328202701707116,8.578271554257557e-18,310.6608397303571
1e-10,1.7594580602800756e-18,6.209212766249417e-7,0.028336250125679786,8.578271554257564e-18,310.6608397303574
1e-10,1.760011216811555e-18,6.209212766249417e-7,0.028345158767601124,8.578271554257567e-18,310.6608397303575
1e-10,1.760553236949501e-18,6.209212766249417e-7,0.028353888056777563,8.578271554257573e-18,310.66083973035774
1e-10,1.7608676419211063e-18,6.209212766249417e-7,0.028358951580664427,8.578271554257572e-18,310.6608397303577
1e-10,1.7611691025047047e-18,6.209212766249417e-7,0.02836380663387241,8.578271554257569e-18,310.66083973035757
1e-10,1.761630875089912e-18,6.209212766249417e-7,0.028371243528090586,8.578271554257577e-18,310.66083973035785
1e-10,1.7622458747169934e-18,6.209212766249417e-7,0.028381148159325388,8.578271554257572e-18,310.6608397303577
1e-10,1.7626790386924477e-18,6.209212766249417e-7,0.028388124308988173,8.578271554257569e-18,310.66083973035757
1e-10,1.7632706674523077e-18,6.209212766249417e-7,0.028397652550041143,8.57827155425757e-18,310.6608397303576
1e-10,1.7635755161561468e-18,6.209212766249417e-7,0.028402562169268498,8.578271554257578e-18,310.6608397303579
1e-10,1.763920737766006e-18,6.209212766249417e-7,0.02840812199823322,8.578271554257584e-18,310.66083973035813
1e-10,1.764559501643795e-18,6.209212766249417e-7,0.02841840935513072,8.578271554257581e-18,310.660839730358
1e-10,1.765273997154382e-18,6.209212766249417e-7,0.028429916377638798,8.57827155425758e-18,310.66083973035796
1e-10,1.765537874135511e-18,6.209212766249417e-7,0.02843416614312539,8.578271554257577e-18,310.66083973035785
1e-10,1.7658352931720312e-18,6.209212766249417e-7,0.028438956106808657,8.578271554257589e-18,310.6608397303583
1e-10,1.7661372358808274e-18,6.209212766249417e-7,0.028443818924691746,8.57827155425759e-18,310.6608397303583
1e-10,1.7668094037786804e-18,6.209212766249417e-7,0.028454644256713006,8.578271554257597e-18,310.66083973035853
1e-10,1.767145652326944e-18,6.209212766249417e-7,0.02846005957361262,8.578271554257603e-18,310.66083973035876
1e-10,1.767791968141073e-18,6.209212766249417e-7,0.028470468555209162,8.578271554257604e-18,310.6608397303588
1e-10,1.7680973808071123e-18,6.209212766249417e-7,0.02847538725710482,8.578271554257601e-18,310.6608397303587
1e-10,1.7685887690643072e-18,6.209212766249417e-7,0.028483301114717592,8.5782715542576e-18,310.66083973035865
1e-10,1.768944926738435e-18,6.209212766249417e-7,0.028489037070104136,8.578271554257598e-18,310.6608397303586
1e-10,1.7696105590502224e-18,6.209212766249417e-7,0.028499757145850384,8.578271554257601e-18,310.6608397303587
1e-10,1.769852014941264e-18,6.209212766249417e-7,0.028503645817412004,8.578271554257609e-18,310.660839730359
1e-10,1.7700392907366873e-18,6.209212766249417e-7,0.028506661913050426,8.578271554257607e-18,310.66083973035893
1e-10,1.7703294981123055e-18,6.209212766249417e-7,0.028511335732205018,8.578271554257604e-18,310.6608397303588
1e-10,1.770657596897728e-18,6.209212766249417e-7,0.02851661979634928,8.578271554257601e-18,310.6608397303587
1e-10,1.771417394895298e-18,6.209212766249417e-7,0.028528856419995034,8.5782715542576e-18,310.66083973035865
1e-10,1.7717099138275816e-18,6.209212766249417e-7,0.02853356746700366,8.578271554257595e-18,310.6608397303585
1e-10,1.7719759150722057e-18,6.209212766249417e-7,0.028537851443968823,8.578271554257594e-18,310.6608397303584
1e-10,1.7722186578242242e-18,6.209212766249417e-7,0.028541760840556714,8.578271554257589e-18,310.6608397303583
1e-10,1.7726160087925497e-18,6.209212766249417e-7,0.028548160218115255,8.578271554257589e-18,310.6608397303583
1e-10,1.7730483326059403e-18,6.209212766249417e-7,0.028555122836882975,8.578271554257589e-18,310.6608397303583
1e-10,1.7735759640842093e-18,6.209212766249417e-7,0.028563620395239114,8.57827155425759e-18,310.6608397303583
1e-10,1.7740913184743335e-18,6.209212766249417e-7,0.02857192022984819,8.578271554257584e-18,310.66083973035813
1e-10,1.774803425828482e-18,6.209212766249417e-7,0.02858338879085514,8.578271554257583e-18,310.6608397303581
1e-10,1.775142179237438e-18,6.209212766249417e-7,0.028588844448789705,8.578271554257578e-18,310.6608397303579
1e-10,1.7753036687090506e-18,6.209212766249417e-7,0.02859144525307347,8.578271554257573e-18,310.66083973035774
1e-10,1.7755436486134334e-18,6.209212766249417e-7,0.02859531015372057,8.578271554257572e-18,310.6608397303577
1e-10,1.775925237777963e-18,6.209212766249417e-7,0.028601455685833815,8.578271554257575e-18,310.6608397303578
1e-10,1.7761779924221372e-18,6.209212766249417e-7,0.02860552632495812,8.578271554257584e-18,310.66083973035813
1e-10,1.7763174577230153e-18,6.209212766249417e-7,0.02860777242774326,8.578271554257584e-18,310.66083973035813
1e-10,1.776853337301038e-18,6.209212766249417e-7,0.02861640282258068,8.57827155425758e-18,310.66083973035796
1e-10,1.777421037343634e-18,6.209212766249417e-7,0.028625545689220423,8.578271554257589e-18,310.6608397303583
1e-10,1.777728823075396e-18,6.209212766249417e-7,0.028630502609579715,8.578271554257586e-18,310.6608397303582
1e-10,1.7780153031590353e-18,6.209212766249417e-7,0.028635116400319766,8.578271554257589e-18,310.6608397303583
1e-10,1.7786053320682615e-18,6.209212766249417e-7,0.028644618875616364,8.578271554257586e-18,310.6608397303582
1e-10,1.7789111309949034e-18,6.209212766249417e-7,0.028649543798278124,8.578271554257586e-18,310.6608397303582
1e-10,1.779264891538004e-18,6.209212766249417e-7,0.028655241147626874,8.578271554257587e-18,310.66083973035825
1e-10,1.7794967345905722e-18,6.209212766249417e-7,0.028658975003452023,8.578271554257583e-18,310.6608397303581
1e-10,1.7800008378834488e-18,6.209212766249417e-7,0.028667093638001264,8.578271554257577e-18,310.66083973035785
1e-10,1.7803854806489723e-18,6.209212766249417e-7,0.028673288348667555,8.578271554257578e-18,310.6608397303579
1e-10,1.7807882933487693e-18,6.209212766249417e-7,0.028679775687964197,8.578271554257581e-18,310.660839730358
1e-10,1.7811086878720157e-18,6.209212766249417e-7,0.02868493567418641,8.578271554257578e-18,310.6608397303579
1e-10,1.7812897347269386e-18,6.209212766249417e-7,0.028687851452107678,8.57827155425758e-18,310.66083973035796
1e-10,1.781993170984368e-18,6.209212766249417e-7,0.028699180364224412,8.578271554257577e-18,310.66083973035785
1e-10,1.7822681266712204e-18,6.209212766249417e-7,0.02870360855338789,8.578271554257566e-18,310.66083973035745
1e-10,1.7828058458525154e-18,6.209212766249417e-7,0.028712268575222185,8.578271554257566e-18,310.66083973035745
1e-10,1.7829615301678075e-18,6.209212766249417e-7,0.028714775886875897,8.578271554257569e-18,310.66083973035757
1e-10,1.783472311591359e-18,6.209212766249417e-7,0.028723002073395513,8.578271554257566e-18,310.66083973035745
1e-10,1.784322408556114e-18,6.209212766249417e-7,0.028736692971046435,8.578271554257567e-18,310.6608397303575
1e-10,1.7847097043115403e-18,6.209212766249417e-7,0.028742930408383605,8.578271554257572e-18,310.6608397303577
1e-10,1.7849846422471565e-18,6.209212766249417e-7,0.028747358311661628,8.57827155425757e-18,310.6608397303576
1e-10,1.7852802863776285e-18,6.209212766249417e-7,0.02875211969030336,8.578271554257567e-18,310.6608397303575
1e-10,1.7855780322310635e-18,6.209212766249417e-7,0.028756914917406114,8.57827155425757e-18,310.6608397303576
1e-10,1.7859204836803844e-18,6.209212766249417e-7,0.028762430132655017,8.578271554257572e-18,310.6608397303577
1e-10,1.786458409956973e-18,6.209212766249417e-7,0.028771093489779975,8.578271554257566e-18,310.66083973035745
1e-10,1.78710087869956e-18,6.209212766249417e-7,0.028781440513899994,8.578271554257563e-18,310.66083973035734
1e-10,1.7874656046266725e-18,6.209212766249417e-7,0.028787314461868,8.57827155425756e-18,310.6608397303572
1e-10,1.7877210545801015e-18,6.209212766249417e-7,0.02879142850922063,8.578271554257561e-18,310.6608397303573
1e-10,1.787916009448442e-18,6.209212766249417e-7,0.02879456827710554,8.578271554257563e-18,310.66083973035734
1e-10,1.788426743473428e-18,6.209212766249417e-7,0.028802793700266463,8.57827155425756e-18,310.6608397303572
1e-10,1.7888579416030784e-18,6.209212766249417e-7,0.028809738189783624,8.578271554257555e-18,310.66083973035705
1e-10,1.7893113275950943e-18,6.209212766249417e-7,0.02881704001706969,8.578271554257553e-18,310.660839730357
1e-10,1.7899758686242156e-18,6.209212766249417e-7,0.028827742517598155,8.57827155425755e-18,310.6608397303569
1e-10,1.7905427293445444e-18,6.209212766249417e-7,0.028836871866867838,8.578271554257552e-18,310.66083973035694
1e-10,1.790707757284818e-18,6.209212766249417e-7,0.0288395296585475,8.578271554257547e-18,310.66083973035677
1e-10,1.7910990326447997e-18,6.209212766249417e-7,0.028845831187818784,8.57827155425755e-18,310.6608397303569
1e-10,1.791442172425488e-18,6.209212766249417e-7,0.028851357488714018,8.578271554257549e-18,310.6608397303568
1e-10,1.7918235114156582e-18,6.209212766249417e-7,0.028857498991743887,8.578271554257546e-18,310.6608397303567
1e-10,1.7920328010244366e-18,6.209212766249417e-7,0.02886086962207429,8.578271554257549e-18,310.6608397303568
1e-10,1.7925403125417703e-18,6.209212766249417e-7,0.02886904314642334,8.578271554257543e-18,310.6608397303566
1e-10,1.79283573211131e-18,6.209212766249417e-7,0.02887380090848853,8.578271554257546e-18,310.6608397303567
1e-10,1.793090808459484e-18,6.209212766249417e-7,0.028877908938890723,8.578271554257543e-18,310.6608397303566
1e-10,1.7934772444190803e-18,6.209212766249417e-7,0.028884132529129032,8.578271554257544e-18,310.66083973035666
1e-10,1.7939453944429066e-18,6.209212766249417e-7,0.02889167213264159,8.57827155425754e-18,310.6608397303565
1e-10,1.794209199466358e-18,6.209212766249417e-7,0.028895920739242496,8.578271554257541e-18,310.66083973035654
1e-10,1.794719614326728e-18,6.209212766249417e-7,0.02890414102222498,8.578271554257547e-18,310.66083973035677
1e-10,1.79504957643362e-18,6.209212766249417e-7,0.028909455095350086,8.578271554257553e-18,310.660839730357
1e-10,1.7956148434590146e-18,6.209212766249417e-7,0.028918558778001566,8.578271554257555e-18,310.66083973035705
1e-10,1.7958225267617695e-18,6.209212766249417e-7,0.028921903538610894,8.57827155425755e-18,310.6608397303569
1e-10,1.7961309249534622e-18,6.209212766249417e-7,0.028926870322699354,8.578271554257546e-18,310.6608397303567
1e-10,1.79642579086544e-18,6.209212766249417e-7,0.028931619168053483,8.57827155425754e-18,310.6608397303565
1e-10,1.79686303662467e-18,6.209212766249417e-7,0.028938661055257064,8.578271554257538e-18,310.66083973035643
1e-10,1.7973350596492516e-18,6.209212766249417e-7,0.028946263033838755,8.578271554257546e-18,310.6608397303567
1e-10,1.7976967478668574e-18,6.209212766249417e-7,0.02895208805918773,8.578271554257541e-18,310.66083973035654
1e-10,1.7979845282087864e-18,6.209212766249417e-7,0.028956722790719126,8.578271554257543e-18,310.6608397303566
1e-10,1.79843531414333e-18,6.209212766249417e-7,0.028963982743816463,8.578271554257543e-18,310.6608397303566
1e-10,1.79892938396498e-18,6.209212766249417e-7,0.02897193978829617,8.578271554257547e-18,310.66083973035677
1e-10,1.79955903858617e-18,6.209212766249417e-7,0.028982080439694247,8.578271554257547e-18,310.66083973035677
1e-10,1.8001791638318824e-18,6.209212766249417e-7,0.028992067619535836,8.578271554257546e-18,310.6608397303567
1e-10,1.8006205026715717e-18,6.209212766249417e-7,0.028999175426214455,8.578271554257549e-18,310.6608397303568
1e-10,1.8013387049211866e-18,6.209212766249417e-7,0.02901074214612972,8.578271554257553e-18,310.660839730357
1e-10,1.801717527227264e-18,6.209212766249417e-7,0.029016843117707573,8.578271554257547e-18,310.66083973035677
1e-10,1.8022193576946793e-18,6.209212766249417e-7,0.02902492514817274,8.578271554257546e-18,310.6608397303567
1e-10,1.802483168913557e-18,6.209212766249417e-7,0.029029173854551622,8.578271554257547e-18,310.66083973035677
1e-10,1.8025715935170625e-18,6.209212766249417e-7,0.02903059794174003,8.578271554257549e-18,310.6608397303568
1e-10,1.802807387077995e-18,6.209212766249417e-7,0.029034395420902193,8.578271554257549e-18,310.6608397303568
1e-10,1.80316661313763e-18,6.209212766249417e-7,0.02904018079294787,8.578271554257546e-18,310.6608397303567
1e-10,1.8036578873261264e-18,6.209212766249417e-7,0.0290480928134727,8.578271554257546e-18,310.6608397303567
1e-10,1.803772684138121e-18,6.209212766249417e-7,0.02904994162774782,8.578271554257547e-18,310.66083973035677
1e-10,1.8046500421894867e-18,6.209212766249417e-7,0.029064071567957542,8.578271554257547e-18,310.66083973035677
1e-10,1.805275674045176e-18,6.209212766249417e-7,0.029074147432310102,8.578271554257549e-18,310.6608397303568
1e-10,1.8057551422374068e-18,6.209212766249417e-7,0.029081869316070263,8.578271554257553e-18,310.660839730357
1e-10,1.806105142706346e-18,6.209212766249417e-7,0.02908750610904411,8.578271554257552e-18,310.66083973035694
1e-10,1.80632974346021e-18,6.209212766249417e-7,0.029091123326915675,8.578271554257555e-18,310.66083973035705
1e-10,1.8067362345101763e-18,6.209212766249417e-7,0.029097669906414055,8.578271554257557e-18,310.6608397303571
1e-10,1.8071237947326062e-18,6.209212766249417e-7,0.029103911603019082,8.57827155425756e-18,310.6608397303572
1e-10,1.8076866393579158e-18,6.209212766249417e-7,0.029112976272672036,8.578271554257564e-18,310.6608397303574
1e-10,1.807944163064356e-18,6.209212766249417e-7,0.029117123718026786,8.578271554257563e-18,310.66083973035734
1e-10,1.8085869844040504e-18,6.209212766249417e-7,0.029127476420758903,8.578271554257564e-18,310.6608397303574
1e-10,1.8089699029722982e-18,6.209212766249417e-7,0.02913364336305357,8.578271554257566e-18,310.66083973035745
1e-10,1.8094368094055136e-18,6.209212766249417e-7,0.029141162938413484,8.578271554257564e-18,310.6608397303574
1e-10,1.809599354201472e-18,6.209212766249417e-7,0.029143780738802638,8.578271554257553e-18,310.660839730357
1e-10,1.810231596734355e-18,6.209212766249417e-7,0.029153963068780434,8.578271554257558e-18,310.66083973035717
1e-10,1.810658395494699e-18,6.209212766249417e-7,0.029160836706009684,8.578271554257558e-18,310.66083973035717
1e-10,1.811292453667115e-18,6.209212766249417e-7,0.02917104827704591,8.578271554257564e-18,310.6608397303574
1e-10,1.811648353857793e-18,6.209212766249417e-7,0.029176780085635436,8.578271554257558e-18,310.66083973035717
1e-10,1.8121206043186104e-18,6.209212766249417e-7,0.029184385727100717,8.578271554257561e-18,310.6608397303573
1e-10,1.812450265731267e-18,6.209212766249417e-7,0.029189694957514733,8.578271554257563e-18,310.66083973035734
1e-10,1.8128367666629447e-18,6.209212766249417e-7,0.02919591959413499,8.578271554257558e-18,310.66083973035717
1e-10,1.813108885438416e-18,6.209212766249417e-7,0.029200302094553567,8.578271554257566e-18,310.66083973035745
1e-10,1.8134968329434553e-18,6.209212766249417e-7,0.029206550028384213,8.578271554257561e-18,310.6608397303573
1e-10,1.814034688508713e-18,6.209212766249417e-7,0.029215212246696032,8.578271554257564e-18,310.6608397303574
1e-10,1.81452548019758e-18,6.209212766249417e-7,0.029223116496515503,8.578271554257567e-18,310.6608397303575
1e-10,1.8147342675745266e-18,6.209212766249417e-7,0.02922647903835143,8.578271554257564e-18,310.6608397303574
1e-10,1.815029452229659e-18,6.209212766249417e-7,0.029231233017096316,8.578271554257566e-18,310.66083973035745
1e-10,1.815264720807235e-18,6.209212766249417e-7,0.029235022041348393,8.578271554257564e-18,310.6608397303574
1e-10,1.8159422479549797e-18,6.209212766249417e-7,0.029245933684631534,8.578271554257567e-18,310.6608397303575
1e-10,1.816123680759747e-18,6.209212766249417e-7,0.029248855678314107,8.578271554257572e-18,310.6608397303577
1e-10,1.8166785800543452e-18,6.209212766249417e-7,0.029257792387611854,8.578271554257569e-18,310.66083973035757
1e-10,1.8173572441850094e-18,6.209212766249417e-7,0.029268722342119986,8.578271554257572e-18,310.6608397303577
1e-10,1.817560195053459e-18,6.209212766249417e-7,0.029271990886395885,8.578271554257572e-18,310.6608397303577
1e-10,1.817867802575281e-18,6.209212766249417e-7,0.029276944936666056,8.578271554257573e-18,310.66083973035774
1e-10,1.8185051958567865e-18,6.209212766249417e-7,0.029287210219971698,8.57827155425758e-18,310.66083973035796
1e-10,1.818987960328861e-18,6.209212766249417e-7,0.029294985190652337,8.57827155425757e-18,310.6608397303576
1e-10,1.819417508491183e-18,6.209212766249417e-7,0.02930190310727869,8.578271554257567e-18,310.6608397303575
1e-10,1.8198876261434715e-18,6.209212766249417e-7,0.029309474399646766,8.57827155425757e-18,310.6608397303576
1e-10,1.820239108359251e-18,6.209212766249417e-7,0.029315135056303433,8.578271554257569e-18,310.66083973035757
1e-10,1.8207153765437155e-18,6.209212766249417e-7,0.029322805403614663,8.57827155425757e-18,310.6608397303576
1e-10,1.82132705451812e-18,6.209212766249417e-7,0.029332656539296943,8.578271554257573e-18,310.66083973035774
1e-10,1.8219381049524883e-18,6.209212766249417e-7,0.029342497568383426,8.578271554257575e-18,310.6608397303578
1e-10,1.8221567445687225e-18,6.209212766249417e-7,0.029346018781530165,8.578271554257578e-18,310.6608397303579
1e-10,1.822439205892251e-18,6.209212766249417e-7,0.029350567849731914,8.578271554257577e-18,310.66083973035785
1e-10,1.8229974530769e-18,6.209212766249417e-7,0.02935955847713775,8.578271554257575e-18,310.6608397303578
1e-10,1.8234179975744017e-18,6.209212766249417e-7,0.029366331388830963,8.578271554257573e-18,310.66083973035774
1e-10,1.8240360562971673e-18,6.209212766249417e-7,0.029376285287111354,8.57827155425758e-18,310.66083973035796
1e-10,1.8243731893702255e-18,6.209212766249417e-7,0.0293817148493723,8.578271554257578e-18,310.6608397303579
1e-10,1.825059174971733e-18,6.209212766249417e-7,0.02939276271690933,8.578271554257581e-18,310.660839730358
1e-10,1.8254261340466003e-18,6.209212766249417e-7,0.029398672629947935,8.57827155425759e-18,310.6608397303583
1e-10,1.8257651046581875e-18,6.209212766249417e-7,0.02940413178595286,8.578271554257584e-18,310.66083973035813
1e-10,1.826033449970008e-18,6.209212766249417e-7,0.02940845351435745,8.578271554257575e-18,310.6608397303578
1e-10,1.82635334191391e-18,6.209212766249417e-7,0.029413605406488456,8.578271554257572e-18,310.6608397303577
1e-10,1.8269675898899202e-18,6.209212766249417e-7,0.02942349793230669,8.578271554257572e-18,310.6608397303577
1e-10,1.8272467832789652e-18,6.209212766249417e-7,0.029427994370092855,8.578271554257578e-18,310.6608397303579
1e-10,1.827580973988365e-18,6.209212766249417e-7,0.029433376545289304,8.578271554257577e-18,310.66083973035785
1e-10,1.8281377727596937e-18,6.209212766249417e-7,0.02944234384585203,8.578271554257578e-18,310.6608397303579
1e-10,1.828591753394997e-18,6.209212766249417e-7,0.029449655249928423,8.578271554257572e-18,310.6608397303577
1e-10,1.829344264205205e-18,6.209212766249417e-7,0.029461774512684214,8.578271554257569e-18,310.66083973035757
1e-10,1.8296263679418106e-18,6.209212766249417e-7,0.02946631782191238,8.578271554257573e-18,310.66083973035774
1e-10,1.8300039256556416e-18,6.209212766249417e-7,0.029472398427104123,8.57827155425757e-18,310.6608397303576
1e-10,1.83033637332923e-18,6.209212766249417e-7,0.029477752530532426,8.578271554257575e-18,310.6608397303578
1e-10,1.8308530614359876e-18,6.209212766249417e-7,0.02948607384478286,8.578271554257572e-18,310.6608397303577
1e-10,1.83143049727623e-18,6.209212766249417e-7,0.029495373507429003,8.578271554257575e-18,310.6608397303578
1e-10,1.83173923986371e-18,6.209212766249417e-7,0.02950034583804647,8.57827155425758e-18,310.66083973035796
1e-10,1.8322365837222104e-18,6.209212766249417e-7,0.029508355611221,8.578271554257587e-18,310.66083973035825
1e-10,1.83273613645242e-18,6.209212766249417e-7,0.029516400958497953,8.578271554257587e-18,310.66083973035825
1e-10,1.8330711023471503e-18,6.209212766249417e-7,0.0295217956181326,8.578271554257587e-18,310.66083973035825
1e-10,1.8334740469552485e-18,6.209212766249417e-7,0.029528285081825784,8.578271554257592e-18,310.66083973035836
1e-10,1.8338683711254124e-18,6.209212766249417e-7,0.029534635712493606,8.578271554257589e-18,310.6608397303583
1e-10,1.8345177339332244e-18,6.209212766249417e-7,0.02954509376623178,8.578271554257586e-18,310.6608397303582
1e-10,1.835626001789258e-18,6.209212766249417e-7,0.029562942532214767,8.578271554257586e-18,310.6608397303582
1e-10,1.8359418141707563e-18,6.209212766249417e-7,0.029568028722580394,8.578271554257584e-18,310.66083973035813
1e-10,1.8363126150955615e-18,6.209212766249417e-7,0.029574000509001063,8.578271554257584e-18,310.66083973035813
1e-10,1.8365533056393172e-18,6.209212766249417e-7,0.029577876854567187,8.578271554257578e-18,310.6608397303579
1e-10,1.8372126861997254e-18,6.209212766249417e-7,0.029588496245224763,8.578271554257578e-18,310.6608397303579
1e-10,1.837930972302111e-18,6.209212766249417e-7,0.029600064315597387,8.578271554257575e-18,310.6608397303578
1e-10,1.838316308881911e-18,6.209212766249417e-7,0.029606270200212816,8.578271554257572e-18,310.6608397303577
1e-10,1.8389268247704706e-18,6.209212766249417e-7,0.029616102620384954,8.578271554257578e-18,310.6608397303579
1e-10,1.839704762092124e-18,6.209212766249417e-7,0.02962863137968085,8.578271554257581e-18,310.660839730358
1e-10,1.8401060790967527e-18,6.209212766249417e-7,0.029635094630655435,8.578271554257578e-18,310.6608397303579
1e-10,1.8403795367132062e-18,6.209212766249417e-7,0.02963949869324353,8.578271554257577e-18,310.66083973035785
1e-10,1.8405203720671417e-18,6.209212766249417e-7,0.029641766860871815,8.578271554257577e-18,310.66083973035785
1e-10,1.8409396925893078e-18,6.209212766249417e-7,0.029648520060318373,8.578271554257573e-18,310.66083973035774
1e-10,1.8412307732042695e-18,6.209212766249417e-7,0.029653207943080965,8.578271554257573e-18,310.66083973035774
1e-10,1.8414095743735874e-18,6.209212766249417e-7,0.029656087554008295,8.57827155425757e-18,310.6608397303576
1e-10,1.8420796011881155e-18,6.209212766249417e-7,0.02966687840366592,8.578271554257575e-18,310.6608397303578
1e-10,1.8422824337099592e-18,6.209212766249417e-7,0.029670145041957755,8.578271554257567e-18,310.6608397303575
1e-10,1.842562310069475e-18,6.209212766249417e-7,0.02967465247905247,8.578271554257569e-18,310.66083973035757
1e-10,1.8427561432375504e-18,6.209212766249417e-7,0.02967777418184109,8.578271554257566e-18,310.66083973035745
1e-10,1.843104981042588e-18,6.209212766249417e-7,0.029683392249995135,8.578271554257567e-18,310.6608397303575
1e-10,1.8433621188936573e-18,6.209212766249417e-7,0.029687533481110084,8.578271554257569e-18,310.66083973035757
1e-10,1.8440279833855534e-18,6.209212766249417e-7,0.029698257296140475,8.578271554257566e-18,310.66083973035745
1e-10,1.8443258476850692e-18,6.209212766249417e-7,0.029703054430829354,8.578271554257564e-18,310.6608397303574
1e-10,1.8444051715976963e-18,6.209212766249417e-7,0.02970433195047014,8.57827155425756e-18,310.6608397303572
1e-10,1.8448979145899615e-18,6.209212766249417e-7,0.029712267626228323,8.57827155425756e-18,310.6608397303572
1e-10,1.8452419432069848e-18,6.209212766249417e-7,0.029717808241922685,8.57827155425756e-18,310.6608397303572
1e-10,1.8455354940073064e-18,6.209212766249417e-7,0.029722535907270493,8.578271554257564e-18,310.6608397303574
1e-10,1.8458629055540906e-18,6.209212766249417e-7,0.029727808903366938,8.578271554257564e-18,310.6608397303574
1e-10,1.8463081028827997e-18,6.209212766249417e-7,0.02973497885140172,8.578271554257569e-18,310.66083973035757
1e-10,1.8467273413751782e-18,6.209212766249417e-7,0.029741730729750247,8.578271554257575e-18,310.6608397303578
1e-10,1.8470936819477846e-18,6.209212766249417e-7,0.029747630681747347,8.57827155425758e-18,310.66083973035796
1e-10,1.847755947616072e-18,6.209212766249417e-7,0.029758296537359303,8.578271554257584e-18,310.66083973035813
1e-10,1.847899724771691e-18,6.209212766249417e-7,0.029760612083001427,8.578271554257583e-18,310.6608397303581
1e-10,1.8482105010161347e-18,6.209212766249417e-7,0.02976561716587011,8.578271554257587e-18,310.66083973035825
1e-10,1.8483066183130484e-18,6.209212766249417e-7,0.029767165144664397,8.578271554257584e-18,310.66083973035813
1e-10,1.8490523824642442e-18,6.209212766249417e-7,0.029779175751794007,8.578271554257584e-18,310.66083973035813
1e-10,1.849386691126549e-18,6.209212766249417e-7,0.029784559826633927,8.578271554257586e-18,310.6608397303582
1e-10,1.8496003721400866e-18,6.209212766249417e-7,0.029788001180982408,8.578271554257583e-18,310.6608397303581
1e-10,1.8497805207419476e-18,6.209212766249417e-7,0.029790902492447206,8.578271554257578e-18,310.6608397303579
1e-10,1.85019166556358e-18,6.209212766249417e-7,0.02979752402140925,8.578271554257578e-18,310.6608397303579
1e-10,1.8508478860567566e-18,6.209212766249417e-7,0.029808092518864255,8.578271554257581e-18,310.660839730358
1e-10,1.85088971479177e-18,6.209212766249417e-7,0.029808766174874896,8.578271554257583e-18,310.6608397303581
1e-10,1.8512914890441313e-18,6.209212766249417e-7,0.02981523678987049,8.578271554257578e-18,310.6608397303579
1e-10,1.851981047731521e-18,6.209212766249417e-7,0.029826342202317266,8.578271554257575e-18,310.6608397303578
1e-10,1.8522248472215883e-18,6.209212766249417e-7,0.029830268617778374,8.578271554257577e-18,310.66083973035785
1e-10,1.8524966433960656e-18,6.209212766249417e-7,0.029834645922675297,8.578271554257572e-18,310.6608397303577
1e-10,1.8527010276793762e-18,6.209212766249417e-7,0.0298379375522426,8.578271554257573e-18,310.66083973035774
1e-10,1.853171577157602e-18,6.209212766249417e-7,0.029845515799211093,8.578271554257575e-18,310.6608397303578
1e-10,1.8534316273944693e-18,6.209212766249417e-7,0.029849703934594067,8.57827155425757e-18,310.6608397303576
1e-10,1.853733195214506e-18,6.209212766249417e-7,0.029854560714855746,8.57827155425757e-18,310.6608397303576
1e-10,1.8542178466103174e-18,6.209212766249417e-7,0.029862366074634134,8.578271554257577e-18,310.66083973035785
1e-10,1.85450531929293e-18,6.209212766249417e-7,0.029866995851281105,8.57827155425758e-18,310.66083973035796
1e-10,1.854832700841767e-18,6.209212766249417e-7,0.02987226836425757,8.57827155425758e-18,310.66083973035796
1e-10,1.8548929005816705e-18,6.209212766249417e-7,0.029873237887161196,8.578271554257572e-18,310.6608397303577
1e-10,1.8554271193951207e-18,6.209212766249417e-7,0.0298818415352171,8.578271554257573e-18,310.66083973035774
1e-10,1.856128274886168e-18,6.209212766249417e-7,0.029893133715360426,8.578271554257577e-18,310.66083973035785
1e-10,1.856581674443532e-18,6.209212766249417e-7,0.029900435761117797,8.578271554257569e-18,310.66083973035757
1e-10,1.8567696238682743e-18,6.209212766249417e-7,0.029903462705624575,8.578271554257569e-18,310.66083973035757
1e-10,1.8570469200576925e-18,6.209212766249417e-7,0.029907928588818744,8.578271554257566e-18,310.66083973035745
1e-10,1.8575275207232508e-18,6.209212766249417e-7,0.029915668711176454,8.578271554257563e-18,310.66083973035734
1e-10,1.858152120062584e-18,6.209212766249417e-7,0.029925727946748606,8.578271554257563e-18,310.66083973035734
1e-10,1.858452914663054e-18,6.209212766249417e-7,0.02993057227423091,8.578271554257563e-18,310.66083973035734
1e-10,1.858583162077284e-18,6.209212766249417e-7,0.029932669922018693,8.578271554257558e-18,310.66083973035717
1e-10,1.858921974944296e-18,6.209212766249417e-7,0.02993812653753127,8.578271554257555e-18,310.66083973035705
1e-10,1.8594439305239107e-18,6.209212766249417e-7,0.029946532684965155,8.578271554257558e-18,310.66083973035717
1e-10,1.8596590565216784e-18,6.209212766249417e-7,0.029949997310930898,8.578271554257553e-18,310.660839730357
1e-10,1.8600118983218837e-18,6.209212766249417e-7,0.02995567986383234,8.578271554257557e-18,310.6608397303571
1e-10,1.8604592772595963e-18,6.209212766249417e-7,0.029962884946900914,8.578271554257557e-18,310.6608397303571
1e-10,1.860818691980059e-18,6.209212766249417e-7,0.029968673357348312,8.578271554257563e-18,310.66083973035734
1e-10,1.861243782705086e-18,6.209212766249417e-7,0.02997551948649592,8.578271554257563e-18,310.66083973035734
1e-10,1.8615483799952e-18,6.209212766249417e-7,0.02998042505667978,8.578271554257566e-18,310.66083973035745
1e-10,1.8619406383882304e-18,6.209212766249417e-7,0.029986742417797807,8.578271554257566e-18,310.66083973035745
1e-10,1.8622342339308836e-18,6.209212766249417e-7,0.02999147080372539,8.578271554257567e-18,310.6608397303575
1e-10,1.8624136631630833e-18,6.209212766249417e-7,0.029994360529668994,8.578271554257564e-18,310.6608397303574
1e-10,1.862721347179935e-18,6.209212766249417e-7,0.02999931581189936,8.578271554257567e-18,310.6608397303575
1e-10,1.8631981605709937e-18,6.209212766249417e-7,0.03000699493981797,8.578271554257569e-18,310.66083973035757
1e-10,1.863540682890047e-18,6.209212766249417e-7,0.03001251129643108,8.578271554257567e-18,310.6608397303575
1e-10,1.8640827097625644e-18,6.209212766249417e-7,0.03002124069406847,8.578271554257567e-18,310.6608397303575
1e-10,1.864604040939645e-18,6.209212766249417e-7,0.030029636785436353,8.578271554257567e-18,310.6608397303575
1e-10,1.8652606959479652e-18,6.209212766249417e-7,0.030040212280801715,8.578271554257564e-18,310.6608397303574
1e-10,1.8655655182604492e-18,6.209212766249417e-7,0.030045121474993625,8.578271554257566e-18,310.66083973035745
1e-10,1.86595346010265e-18,6.209212766249417e-7,0.030051369317623686,8.57827155425757e-18,310.6608397303576
1e-10,1.866280350709691e-18,6.209212766249417e-7,0.03005663392393284,8.578271554257573e-18,310.66083973035774
1e-10,1.8666201498956295e-18,6.209212766249417e-7,0.03006210642421155,8.578271554257569e-18,310.66083973035757
1e-10,1.8668836472287427e-18,6.209212766249417e-7,0.030066350075428423,8.57827155425757e-18,310.6608397303576
1e-10,1.8672288206810953e-18,6.209212766249417e-7,0.030071909128811625,8.578271554257566e-18,310.66083973035745
1e-10,1.8676355275619214e-18,6.209212766249417e-7,0.03007845918428785,8.578271554257566e-18,310.66083973035745
1e-10,1.8677860623714736e-18,6.209212766249417e-7,0.030080883562630473,8.578271554257564e-18,310.6608397303574
1e-10,1.86835582945758e-18,6.209212766249417e-7,0.03009005971921514,8.578271554257563e-18,310.66083973035734
1e-10,1.868793033075283e-18,6.209212766249417e-7,0.030097100927725173,8.578271554257563e-18,310.66083973035734
1e-10,1.8691294255499688e-18,6.209212766249417e-7,0.03010251856257438,8.578271554257566e-18,310.66083973035745
1e-10,1.869466078987036e-18,6.209212766249417e-7,0.030107940400249146,8.578271554257566e-18,310.66083973035745
1e-10,1.8697221791350183e-18,6.209212766249417e-7,0.030112064919050864,8.578271554257563e-18,310.66083973035734
1e-10,1.8702442098285975e-18,6.209212766249417e-7,0.03012047227620275,8.578271554257564e-18,310.6608397303574
1e-10,1.8704951336106988e-18,6.209212766249417e-7,0.030124513429108078,8.578271554257561e-18,310.6608397303573
1e-10,1.8707374175635614e-18,6.209212766249417e-7,0.03012841543668913,8.578271554257561e-18,310.6608397303573
1e-10,1.8712081213138165e-18,6.209212766249417e-7,0.03013599616822427,8.578271554257564e-18,310.6608397303574
1e-10,1.8720671505770587e-18,6.209212766249417e-7,0.030149830921446314,8.578271554257567e-18,310.6608397303575
1e-10,1.8724582106497882e-18,6.209212766249417e-7,0.030156128983494616,8.578271554257572e-18,310.6608397303577
1e-10,1.8729024755241824e-18,6.209212766249417e-7,0.030163283914258286,8.578271554257578e-18,310.6608397303579
1e-10,1.8734131486311773e-18,6.209212766249417e-7,0.0301715083563288,8.578271554257587e-18,310.66083973035825
1e-10,1.8737083303648713e-18,6.209212766249417e-7,0.030176262288023625,8.578271554257583e-18,310.6608397303581
1e-10,1.874140519671678e-18,6.209212766249417e-7,0.030183222740549204,8.578271554257577e-18,310.66083973035785
1e-10,1.8745158043404323e-18,6.209212766249417e-7,0.03018926673811994,8.578271554257575e-18,310.6608397303578
1e-10,1.874903127426126e-18,6.209212766249417e-7,0.030195504615613836,8.578271554257573e-18,310.66083973035774
1e-10,1.8755051472384486e-18,6.209212766249417e-7,0.030205200205618333,8.578271554257573e-18,310.66083973035774
1e-10,1.8759712288615172e-18,6.209212766249417e-7,0.030212706497327355,8.578271554257577e-18,310.66083973035785
1e-10,1.876430306887433e-18,6.209212766249417e-7,0.030220099995395436,8.578271554257575e-18,310.6608397303578
1e-10,1.8767163318637334e-18,6.209212766249417e-7,0.03022470645658574,8.57827155425758e-18,310.66083973035796
1e-10,1.8775149167656452e-18,6.209212766249417e-7,0.03023756774725132,8.57827155425758e-18,310.66083973035796
1e-10,1.8779134598275976e-18,6.209212766249417e-7,0.030243986323598367,8.578271554257581e-18,310.660839730358
1e-10,1.8784949739822594e-18,6.209212766249417e-7,0.030253351667910978,8.578271554257572e-18,310.6608397303577
1e-10,1.878673255499347e-18,6.209212766249417e-7,0.03025622290978655,8.57827155425758e-18,310.66083973035796
1e-10,1.879126223197027e-18,6.209212766249417e-7,0.0302635180004,8.578271554257589e-18,310.6608397303583
1e-10,1.8796458990092017e-18,6.209212766249417e-7,0.030271887431948544,8.578271554257583e-18,310.6608397303581
1e-10,1.8802856649576247e-18,6.209212766249417e-7,0.030282190927295016,8.578271554257584e-18,310.66083973035813
1e-10,1.8806892776420484e-18,6.209212766249417e-7,0.03028869115042503,8.578271554257583e-18,310.6608397303581
1e-10,1.8811138493976363e-18,6.209212766249417e-7,0.0302955289215173,8.578271554257584e-18,310.66083973035813
1e-10,1.881716538635224e-18,6.209212766249417e-7,0.030305235292683443,8.57827155425758e-18,310.66083973035796
1e-10,1.8821264644936e-18,6.209212766249417e-7,0.030311837190118884,8.578271554257577e-18,310.66083973035785
1e-10,1.88244844372581e-18,6.209212766249417e-7,0.03031702269823933,8.578271554257572e-18,310.6608397303577
1e-10,1.8825644789874286e-18,6.209212766249417e-7,0.030318891457870978,8.578271554257577e-18,310.66083973035785
1e-10,1.883119603587111e-18,6.209212766249417e-7,0.030327831795729905,8.57827155425758e-18,310.66083973035796
1e-10,1.883694914872081e-18,6.209212766249417e-7,0.030337097242198373,8.578271554257575e-18,310.6608397303578
1e-10,1.884293016289248e-18,6.209212766249417e-7,0.030346729726052332,8.57827155425758e-18,310.66083973035796
1e-10,1.8848709462371423e-18,6.209212766249417e-7,0.030356037346352213,8.578271554257572e-18,310.6608397303577
1e-10,1.885406529414705e-18,6.209212766249417e-7,0.030364662967630223,8.578271554257572e-18,310.6608397303577
1e-10,1.885752475331354e-18,6.209212766249417e-7,0.0303702344616291,8.578271554257573e-18,310.66083973035774
1e-10,1.8860781338741336e-18,6.209212766249417e-7,0.03037547922541864,8.578271554257575e-18,310.6608397303578
1e-10,1.8866905591666403e-18,6.209212766249417e-7,0.030385342396734585,8.578271554257573e-18,310.66083973035774
1e-10,1.887173419062069e-18,6.209212766249417e-7,0.030393118904218,8.578271554257575e-18,310.6608397303578
1e-10,1.887267915271361e-18,6.209212766249417e-7,0.030394640775232077,8.578271554257577e-18,310.66083973035785
1e-10,1.887694648993952e-18,6.209212766249417e-7,0.030401513365021733,8.578271554257584e-18,310.66083973035813
1e-10,1.8880771655652147e-18,6.209212766249417e-7,0.03040767383311427,8.578271554257584e-18,310.66083973035813
1e-10,1.8886722058080724e-18,6.209212766249417e-7,0.030417257016446177,8.578271554257584e-18,310.66083973035813
1e-10,1.8891407815206715e-18,6.209212766249417e-7,0.030424803475719502,8.578271554257586e-18,310.6608397303582
1e-10,1.889487790736843e-18,6.209212766249417e-7,0.030430392094264798,8.57827155425758e-18,310.66083973035796
1e-10,1.8898424861650428e-18,6.209212766249417e-7,0.030436104500032687,8.578271554257583e-18,310.6608397303581
1e-10,1.890414311108708e-18,6.209212766249417e-7,0.030445313798621605,8.57827155425758e-18,310.66083973035796
1e-10,1.8906523605626627e-18,6.209212766249417e-7,0.030449147609169197,8.57827155425758e-18,310.66083973035796
1e-10,1.890947009074081e-18,6.209212766249417e-7,0.030453892953265303,8.578271554257575e-18,310.6608397303578
1e-10,1.8914510362557667e-18,6.209212766249417e-7,0.030462010362036118,8.578271554257578e-18,310.6608397303579
1e-10,1.892052554968137e-18,6.209212766249417e-7,0.03047169788177517,8.578271554257581e-18,310.660839730358
1e-10,1.8922254844424405e-18,6.209212766249417e-7,0.03047448292846005,8.57827155425758e-18,310.66083973035796
1e-10,1.8924873792690174e-18,6.209212766249417e-7,0.030478700771146974,8.578271554257581e-18,310.660839730358
1e-10,1.8929858278645664e-18,6.209212766249417e-7,0.030486728336223474,8.57827155425758e-18,310.66083973035796
1e-10,1.893655263680784e-18,6.209212766249417e-7,0.0304975096677935,8.578271554257578e-18,310.6608397303579
1e-10,1.89415036289887e-18,6.209212766249417e-7,0.030505483290806983,8.578271554257577e-18,310.66083973035785
1e-10,1.8945543227258248e-18,6.209212766249417e-7,0.030511989104702597,8.578271554257578e-18,310.6608397303579
1e-10,1.894890054303352e-18,6.209212766249417e-7,0.03051739609573618,8.578271554257575e-18,310.6608397303578
1e-10,1.8954253382405067e-18,6.209212766249417e-7,0.030526016897717136,8.578271554257572e-18,310.6608397303577
1e-10,1.8958180604853506e-18,6.209212766249417e-7,0.030532341729215564,8.578271554257569e-18,310.66083973035757
1e-10,1.8965120285115056e-18,6.209212766249417e-7,0.030543518154509394,8.578271554257567e-18,310.6608397303575
1e-10,1.896755045336523e-18,6.209212766249417e-7,0.030547431965070666,8.578271554257567e-18,310.6608397303575
1e-10,1.897073237123464e-18,6.209212766249417e-7,0.030552556476001757,8.57827155425757e-18,310.6608397303576
1e-10,1.897403011447544e-18,6.209212766249417e-7,0.03055786752486567,8.578271554257573e-18,310.66083973035774
1e-10,1.897795022816754e-18,6.209212766249417e-7,0.03056418090764007,8.578271554257572e-18,310.6608397303577
1e-10,1.8981821297985578e-18,6.209212766249417e-7,0.030570415304758944,8.57827155425757e-18,310.6608397303576
1e-10,1.8985277335826585e-18,6.209212766249417e-7,0.030575981288678503,8.578271554257577e-18,310.66083973035785
1e-10,1.8989103544346844e-18,6.209212766249417e-7,0.030582143436223286,8.578271554257572e-18,310.6608397303577
1e-10,1.89949332153659e-18,6.209212766249417e-7,0.030591532180398305,8.578271554257572e-18,310.6608397303577
1e-10,1.899770067480721e-18,6.209212766249417e-7,0.030595989201836437,8.57827155425757e-18,310.6608397303576
1e-10,1.9002486002878868e-18,6.209212766249417e-7,0.03060369602112546,8.578271554257569e-18,310.66083973035757
1e-10,1.9003932461408417e-18,6.209212766249417e-7,0.030606025557226094,8.578271554257569e-18,310.66083973035757
1e-10,1.900821253763061e-18,6.209212766249417e-7,0.030612918663298183,8.578271554257563e-18,310.66083973035734
1e-10,1.901398523051437e-18,6.209212766249417e-7,0.030622215643609663,8.578271554257561e-18,310.6608397303573
1e-10,1.9019927555405846e-18,6.209212766249417e-7,0.030631785817986316,8.578271554257566e-18,310.66083973035745
1e-10,1.9024318557966877e-18,6.209212766249417e-7,0.030638857572049726,8.578271554257567e-18,310.6608397303575
1e-10,1.903059031916596e-18,6.209212766249417e-7,0.030648958306933823,8.578271554257567e-18,310.6608397303575
1e-10,1.903300177056121e-18,6.209212766249417e-7,0.030652841973810817,8.578271554257561e-18,310.6608397303573
1e-10,1.9036574362198663e-18,6.209212766249417e-7,0.03065859566879913,8.578271554257555e-18,310.66083973035705
1e-10,1.90393343183859e-18,6.209212766249417e-7,0.03066304060617064,8.57827155425755e-18,310.6608397303569
1e-10,1.9043570597623275e-18,6.209212766249417e-7,0.030669863176755435,8.578271554257549e-18,310.6608397303568
1e-10,1.9046909900792792e-18,6.209212766249417e-7,0.030675241158305156,8.578271554257544e-18,310.66083973035666
1e-10,1.9054231196775824e-18,6.209212766249417e-7,0.030687032179580555,8.57827155425755e-18,310.6608397303569
1e-10,1.9057379274535437e-18,6.209212766249417e-7,0.030692102190672338,8.578271554257557e-18,310.6608397303571
1e-10,1.9060457359852933e-18,6.209212766249417e-7,0.030697059478227737,8.578271554257557e-18,310.6608397303571
1e-10,1.9061253801835133e-18,6.209212766249417e-7,0.030698342156100414,8.578271554257558e-18,310.66083973035717
1e-10,1.9065492885719283e-18,6.209212766249417e-7,0.030705169243597223,8.578271554257555e-18,310.66083973035705
1e-10,1.907366063123048e-18,6.209212766249417e-7,0.030718323480404174,8.57827155425756e-18,310.6608397303572
1e-10,1.90760849965941e-18,6.209212766249417e-7,0.03072222794535792,8.578271554257561e-18,310.6608397303573
1e-10,1.907771378332656e-18,6.209212766249417e-7,0.030724851122874586,8.578271554257561e-18,310.6608397303573
1e-10,1.908115381128625e-18,6.209212766249417e-7,0.030730391322718254,8.578271554257563e-18,310.66083973035734
1e-10,1.9085845375666143e-18,6.209212766249417e-7,0.03073794713463276,8.578271554257563e-18,310.66083973035734
1e-10,1.909289427613334e-18,6.209212766249417e-7,0.030749299460173147,8.578271554257553e-18,310.660839730357
1e-10,1.90970236080621e-18,6.209212766249417e-7,0.030755949791035065,8.578271554257552e-18,310.66083973035694
1e-10,1.9100366016493173e-18,6.209212766249417e-7,0.030761332773639946,8.578271554257555e-18,310.66083973035705
1e-10,1.910513462469944e-18,6.209212766249417e-7,0.030769012665416543,8.578271554257553e-18,310.660839730357
1e-10,1.910999366689545e-18,6.209212766249417e-7,0.030776838202048858,8.578271554257553e-18,310.660839730357
1e-10,1.911420927579583e-18,6.209212766249417e-7,0.030783627482846732,8.578271554257553e-18,310.660839730357
1e-10,1.912038963639922e-18,6.209212766249417e-7,0.030793581016146446,8.578271554257557e-18,310.6608397303571
1e-10,1.9123818286439745e-18,6.209212766249417e-7,0.030799102891736152,8.578271554257555e-18,310.66083973035705
1e-10,1.9129679722633216e-18,6.209212766249417e-7,0.030808542794046042,8.578271554257553e-18,310.660839730357
1e-10,1.91340000651276e-18,6.209212766249417e-7,0.030815500749357006,8.578271554257553e-18,310.660839730357
1e-10,1.9135869032885536e-18,6.209212766249417e-7,0.030818510740845937,8.578271554257557e-18,310.6608397303571
1e-10,1.9139646757765484e-18,6.209212766249417e-7,0.030824594804997323,8.578271554257555e-18,310.66083973035705
1e-10,1.9144063064636153e-18,6.209212766249417e-7,0.0308317073119075,8.578271554257564e-18,310.6608397303574
1e-10,1.9147057800033113e-18,6.209212766249417e-7,0.030836530363572336,8.578271554257566e-18,310.66083973035745
1e-10,1.915153244411236e-18,6.209212766249417e-7,0.030843736823147325,8.578271554257561e-18,310.6608397303573
1e-10,1.9155171734144767e-18,6.209212766249417e-7,0.030849597936575726,8.578271554257558e-18,310.66083973035717
1e-10,1.9157543047973744e-18,6.209212766249417e-7,0.03085341696149603,8.578271554257558e-18,310.66083973035717
1e-10,1.9159410887640288e-18,6.209212766249417e-7,0.030856425136182357,8.578271554257552e-18,310.66083973035694
1e-10,1.9164195812022356e-18,6.209212766249417e-7,0.03086413130532521,8.578271554257558e-18,310.66083973035717
1e-10,1.91676077606712e-18,6.209212766249417e-7,0.03086962628315459,8.578271554257566e-18,310.66083973035745
1e-10,1.9175391181912425e-18,6.209212766249417e-7,0.030882161561835215,8.57827155425757e-18,310.6608397303576
1e-10,1.9179948767195416e-18,6.209212766249417e-7,0.030889501599058233,8.578271554257573e-18,310.66083973035774
1e-10,1.91824080847966e-18,6.209212766249417e-7,0.03089346235494431,8.57827155425757e-18,310.6608397303576
1e-10,1.9186557926644155e-18,6.209212766249417e-7,0.03090014571723802,8.57827155425757e-18,310.6608397303576
1e-10,1.9191768464593245e-18,6.209212766249417e-7,0.030908537341337958,8.578271554257569e-18,310.66083973035757
1e-10,1.919673918166729e-18,6.209212766249417e-7,0.03091654273149154,8.578271554257564e-18,310.6608397303574
1e-10,1.9200802980848558e-18,6.209212766249417e-7,0.030923087521200404,8.578271554257564e-18,310.6608397303574
1e-10,1.9205093992860157e-18,6.209212766249417e-7,0.030929998239472005,8.578271554257563e-18,310.66083973035734
1e-10,1.921441447078904e-18,6.209212766249417e-7,0.030945008963503794,8.578271554257563e-18,310.66083973035734
1e-10,1.9218551779286948e-18,6.209212766249417e-7,0.03095167214071105,8.578271554257563e-18,310.66083973035734
1e-10,1.9221582514713454e-18,6.209212766249417e-7,0.030956553170787812,8.578271554257561e-18,310.6608397303573
1e-10,1.9225339249440768e-18,6.209212766249417e-7,0.03096260343008595,8.578271554257561e-18,310.6608397303573
1e-10,1.9227490315228704e-18,6.209212766249417e-7,0.030966067743307152,8.578271554257564e-18,310.6608397303574
1e-10,1.9229837136936706e-18,6.209212766249417e-7,0.030969847323418755,8.578271554257563e-18,310.66083973035734
1e-10,1.9233969675684537e-18,6.209212766249417e-7,0.03097650281889524,8.578271554257549e-18,310.6608397303568
1e-10,1.9239126517350277e-18,6.209212766249417e-7,0.030984807964587413,8.578271554257555e-18,310.66083973035705
1e-10,1.9241366557200776e-18,6.209212766249417e-7,0.030988415571436827,8.578271554257563e-18,310.66083973035734
1e-10,1.92437630281518e-18,6.209212766249417e-7,0.03099227511215679,8.578271554257561e-18,310.6608397303573
1e-10,1.9247799562997056e-18,6.209212766249417e-7,0.030998775992376573,8.578271554257547e-18,310.66083973035677
1e-10,1.925126808063441e-18,6.209212766249417e-7,0.03100436207513445,8.578271554257552e-18,310.66083973035694
1e-10,1.9254152253614893e-18,6.209212766249417e-7,0.031009007064908615,8.578271554257552e-18,310.66083973035694
1e-10,1.925915141098936e-18,6.209212766249417e-7,0.031017058258453856,8.578271554257552e-18,310.66083973035694
1e-10,1.9268846003668315e-18,6.209212766249417e-7,0.031032671498076845,8.578271554257555e-18,310.66083973035705
1e-10,1.9271493789506735e-18,6.209212766249417e-7,0.031036935783966373,8.57827155425755e-18,310.6608397303569
1e-10,1.9280467645387858e-18,6.209212766249417e-7,0.031051388269682276,8.578271554257546e-18,310.6608397303567
1e-10,1.928519873046629e-18,6.209212766249417e-7,0.031059007730081745,8.578271554257543e-18,310.6608397303566
1e-10,1.928816704555046e-18,6.209212766249417e-7,0.031063788231565453,8.578271554257552e-18,310.66083973035694
1e-10,1.9290766435818825e-18,6.209212766249417e-7,0.031067974575899625,8.578271554257555e-18,310.66083973035705
1e-10,1.9295588727930996e-18,6.209212766249417e-7,0.031075740926149984,8.578271554257555e-18,310.66083973035705
1e-10,1.92996198402013e-18,6.209212766249417e-7,0.031082233073257932,8.578271554257558e-18,310.66083973035717
1e-10,1.9304325748350144e-18,6.209212766249417e-7,0.0310898119859575,8.578271554257557e-18,310.6608397303571
1e-10,1.930690039346946e-18,6.209212766249417e-7,0.031093958477978693,8.578271554257555e-18,310.66083973035705
1e-10,1.9309163483506795e-18,6.209212766249417e-7,0.031097603207387286,8.578271554257553e-18,310.660839730357
1e-10,1.9313208845941613e-18,6.209212766249417e-7,0.031104118304529402,8.578271554257555e-18,310.66083973035705
1e-10,1.9318531967487075e-18,6.209212766249417e-7,0.031112691245650692,8.578271554257558e-18,310.66083973035717
1e-10,1.9324790037771937e-18,6.209212766249417e-7,0.03112276993117888,8.57827155425756e-18,310.6608397303572
1e-10,1.932796940490843e-18,6.209212766249417e-7,0.03112789033412879,8.578271554257566e-18,310.66083973035745
1e-10,1.933116890241787e-18,6.209212766249417e-7,0.03113304315724806,8.578271554257566e-18,310.66083973035745
1e-10,1.933441096395386e-18,6.209212766249417e-7,0.031138264530162857,8.578271554257563e-18,310.66083973035734
1e-10,1.9337498956537525e-18,6.209212766249417e-7,0.031143237773470688,8.57827155425756e-18,310.6608397303572
1e-10,1.934173664297386e-18,6.209212766249417e-7,0.03115006261036365,8.57827155425756e-18,310.6608397303572
1e-10,1.934744157084882e-18,6.209212766249417e-7,0.031159250454442643,8.57827155425756e-18,310.6608397303572
1e-10,1.9352162625861252e-18,6.209212766249417e-7,0.03116685376131931,8.578271554257558e-18,310.66083973035717
1e-10,1.9355900482065448e-18,6.209212766249417e-7,0.03117287361656491,8.578271554257561e-18,310.6608397303573
1e-10,1.9363388803990526e-18,6.209212766249417e-7,0.03118493363481035,8.578271554257566e-18,310.66083973035745
1e-10,1.936801991259874e-18,6.209212766249417e-7,0.031192392082092728,8.578271554257567e-18,310.6608397303575
1e-10,1.937097485772373e-18,6.209212766249417e-7,0.031197151051121867,8.578271554257564e-18,310.6608397303574
1e-10,1.937764693726431e-18,6.209212766249417e-7,0.03120789650274634,8.578271554257563e-18,310.66083973035734
1e-10,1.938159479944114e-18,6.209212766249417e-7,0.03121425457473622,8.578271554257564e-18,310.6608397303574
1e-10,1.938467288034871e-18,6.209212766249417e-7,0.03121921185518939,8.578271554257563e-18,310.66083973035734
1e-10,1.9388955093304885e-18,6.209212766249417e-7,0.031226108402493184,8.578271554257563e-18,310.66083973035734
1e-10,1.93925089171953e-18,6.209212766249417e-7,0.03123183187183495,8.578271554257566e-18,310.66083973035745
1e-10,1.9395389320517465e-18,6.209212766249417e-7,0.031236470790536243,8.578271554257569e-18,310.66083973035757
1e-10,1.9402661070273213e-18,6.209212766249417e-7,0.03124818201711117,8.578271554257577e-18,310.66083973035785
1e-10,1.940580211645317e-18,6.209212766249417e-7,0.03125324070377276,8.578271554257577e-18,310.66083973035785
1e-10,1.9412799637462408e-18,6.209212766249417e-7,0.03126451028217611,8.578271554257573e-18,310.66083973035774
1e-10,1.941675874989142e-18,6.209212766249417e-7,0.03127088647281099,8.578271554257572e-18,310.6608397303577
1e-10,1.9418739640866235e-18,6.209212766249417e-7,0.031274076717773415,8.578271554257572e-18,310.6608397303577
1e-10,1.9424105203995062e-18,6.209212766249417e-7,0.031282718011494244,8.578271554257572e-18,310.6608397303577
1e-10,1.942528323381288e-18,6.209212766249417e-7,0.03128461524043802,8.578271554257573e-18,310.66083973035774
1e-10,1.9427268902955163e-18,6.209212766249417e-7,0.031287813180687504,8.578271554257572e-18,310.6608397303577
1e-10,1.943211569338162e-18,6.209212766249417e-7,0.031295618985720954,8.578271554257572e-18,310.6608397303577
1e-10,1.943551198129003e-18,6.209212766249417e-7,0.03130108874176937,8.578271554257573e-18,310.66083973035774
1e-10,1.9441328407039577e-18,6.209212766249417e-7,0.0313104561543038,8.578271554257578e-18,310.6608397303579
1e-10,1.9448484563640982e-18,6.209212766249417e-7,0.0313219812169338,8.578271554257573e-18,310.66083973035774
1e-10,1.9452436217034627e-18,6.209212766249417e-7,0.03132834539471673,8.578271554257572e-18,310.6608397303577
1e-10,1.945634877636814e-18,6.209212766249417e-7,0.031334646611120176,8.578271554257577e-18,310.66083973035785
1e-10,1.9460115229106743e-18,6.209212766249417e-7,0.03134071252137385,8.578271554257573e-18,310.66083973035774
1e-10,1.9464738285743315e-18,6.209212766249417e-7,0.031348158000874406,8.578271554257575e-18,310.6608397303578
1e-10,1.946690241003908e-18,6.209212766249417e-7,0.03135164334495462,8.57827155425758e-18,310.66083973035796
1e-10,1.947211405191935e-18,6.209212766249417e-7,0.0313600367469469,8.578271554257584e-18,310.66083973035813
1e-10,1.9477583133501272e-18,6.209212766249417e-7,0.031368844758184085,8.578271554257586e-18,310.6608397303582
1e-10,1.9483492592886266e-18,6.209212766249417e-7,0.031378362002329935,8.578271554257583e-18,310.6608397303581
1e-10,1.948605738569483e-18,6.209212766249417e-7,0.031382492627104956,8.578271554257584e-18,310.66083973035813
1e-10,1.9489764207130003e-18,6.209212766249417e-7,0.03138846250054096,8.578271554257581e-18,310.660839730358
1e-10,1.9493908238627172e-18,6.209212766249417e-7,0.03139513650520657,8.578271554257589e-18,310.6608397303583
1e-10,1.949656457166903e-18,6.209212766249417e-7,0.03139941455645374,8.578271554257589e-18,310.6608397303583
1e-10,1.9500337044916302e-18,6.209212766249417e-7,0.03140549016279755,8.578271554257583e-18,310.6608397303581
1e-10,1.950473287521085e-18,6.209212766249417e-7,0.03141256969197465,8.578271554257584e-18,310.66083973035813
1e-10,1.950756285256512e-18,6.209212766249417e-7,0.03141712739914432,8.578271554257583e-18,310.6608397303581
1e-10,1.9511006519673127e-18,6.209212766249417e-7,0.03142267345987318,8.57827155425759e-18,310.6608397303583
1e-10,1.9514553553626263e-18,6.209212766249417e-7,0.03142838599395224,8.578271554257589e-18,310.6608397303583
1e-10,1.9516272323244153e-18,6.209212766249417e-7,0.03143115408981656,8.578271554257583e-18,310.6608397303581
1e-10,1.9521801857302682e-18,6.209212766249417e-7,0.03144005946037913,8.578271554257583e-18,310.6608397303581
1e-10,1.952556976370139e-18,6.209212766249417e-7,0.03144612771176711,8.57827155425758e-18,310.66083973035796
1e-10,1.95313977719377e-18,6.209212766249417e-7,0.031455513778013686,8.57827155425758e-18,310.66083973035796
1e-10,1.953444899719048e-18,6.209212766249417e-7,0.03146042780716302,8.578271554257583e-18,310.6608397303581
1e-10,1.9539609413135796e-18,6.209212766249417e-7,0.031468738709268626,8.578271554257581e-18,310.660839730358
1e-10,1.9543709169282244e-18,6.209212766249417e-7,0.03147534140803381,8.578271554257583e-18,310.6608397303581
1e-10,1.9546447278097253e-18,6.209212766249417e-7,0.03147975115999125,8.578271554257583e-18,310.6608397303581
1e-10,1.9548868642033657e-18,6.209212766249417e-7,0.03148365079111609,8.578271554257583e-18,310.6608397303581
1e-10,1.9555445939071365e-18,6.209212766249417e-7,0.03149424359456045,8.578271554257583e-18,310.6608397303581
1e-10,1.956127849018075e-18,6.209212766249417e-7,0.031503636977150085,8.578271554257583e-18,310.6608397303581
1e-10,1.9565684182595234e-18,6.209212766249417e-7,0.03151073238937115,8.578271554257587e-18,310.66083973035825
1e-10,1.9571732227052916e-18,6.209212766249417e-7,0.03152047282617911,8.578271554257586e-18,310.6608397303582
1e-10,1.9575257969878538e-18,6.209212766249417e-7,0.03152615107068184,8.578271554257583e-18,310.6608397303581
1e-10,1.9577849382486845e-18,6.209212766249417e-7,0.031530324566913744,8.578271554257577e-18,310.66083973035785
1e-10,1.9580889918148466e-18,6.209212766249417e-7,0.03153522138036834,8.578271554257578e-18,310.6608397303579
1e-10,1.958201414819559e-18,6.209212766249417e-7,0.03153703196423694,8.578271554257575e-18,310.6608397303578
1e-10,1.9584447543592542e-18,6.209212766249417e-7,0.031540950972150754,8.578271554257577e-18,310.66083973035785
1e-10,1.958891865938983e-18,6.209212766249417e-7,0.03154815174939194,8.578271554257573e-18,310.66083973035774
1e-10,1.9591049361924816e-18,6.209212766249417e-7,0.031551583267388175,8.578271554257572e-18,310.6608397303577
1e-10,1.9593992870277363e-18,6.209212766249417e-7,0.03155632381737955,8.57827155425757e-18,310.6608397303576
1e-10,1.9597964671628798e-18,6.209212766249417e-7,0.03156272044365241,8.578271554257575e-18,310.6608397303578
1e-10,1.9602386001692872e-18,6.209212766249417e-7,0.031569841040466395,8.578271554257569e-18,310.66083973035757
1e-10,1.9607023551433203e-18,6.209212766249417e-7,0.03157730986125724,8.578271554257577e-18,310.66083973035785
1e-10,1.9609985375462105e-18,6.209212766249417e-7,0.03158207990883074,8.578271554257581e-18,310.660839730358
1e-10,1.9613051413436912e-18,6.209212766249417e-7,0.03158701779401882,8.578271554257581e-18,310.660839730358
1e-10,1.9614011160423845e-18,6.209212766249417e-7,0.031588563476254335,8.578271554257577e-18,310.66083973035785
1e-10,1.9620019495315006e-18,6.209212766249417e-7,0.03159823996040353,8.578271554257569e-18,310.66083973035757
1e-10,1.962340342612656e-18,6.209212766249417e-7,0.0316036898152224,8.578271554257567e-18,310.6608397303575
1e-10,1.9624825451782934e-18,6.209212766249417e-7,0.031605980001933515,8.578271554257564e-18,310.6608397303574
1e-10,1.9628080013516084e-18,6.209212766249417e-7,0.031611221506542345,8.578271554257569e-18,310.66083973035757
1e-10,1.9629689940964404e-18,6.209212766249417e-7,0.031613814310991036,8.578271554257569e-18,310.66083973035757
1e-10,1.9632493783334905e-18,6.209212766249417e-7,0.03161832992750484,8.578271554257577e-18,310.66083973035785
1e-10,1.963612783046145e-18,6.209212766249417e-7,0.03162418259718029,8.578271554257583e-18,310.6608397303581
1e-10,1.9640363063227186e-18,6.209212766249417e-7,0.03163100348241192,8.578271554257586e-18,310.6608397303582
1e-10,1.964389318032432e-18,6.209212766249417e-7,0.03163668877172319,8.578271554257587e-18,310.66083973035825
1e-10,1.964842352103542e-18,6.209212766249417e-7,0.03164398493128744,8.578271554257581e-18,310.660839730358
1e-10,1.96514673600168e-18,6.209212766249417e-7,0.031648887064771945,8.578271554257578e-18,310.6608397303579
1e-10,1.9655565614076794e-18,6.209212766249417e-7,0.0316554873444117,8.578271554257581e-18,310.660839730358
1e-10,1.9660649814220445e-18,6.209212766249417e-7,0.03166367550019738,8.578271554257583e-18,310.6608397303581
1e-10,1.9665268708273053e-18,6.209212766249417e-7,0.03167111427581434,8.57827155425758e-18,310.66083973035796
1e-10,1.9670099775014506e-18,6.209212766249417e-7,0.03167889475769396,8.578271554257577e-18,310.66083973035785
1e-10,1.9674055315866505e-18,6.209212766249417e-7,0.03168526519626791,8.578271554257581e-18,310.660839730358
1e-10,1.967772287614147e-18,6.209212766249417e-7,0.03169117183920806,8.578271554257587e-18,310.66083973035825
1e-10,1.9685154587592133e-18,6.209212766249417e-7,0.031703140685711534,8.578271554257584e-18,310.66083973035813
1e-10,1.968842352619389e-18,6.209212766249417e-7,0.03170840534441275,8.57827155425758e-18,310.66083973035796
1e-10,1.969285747825504e-18,6.209212766249417e-7,0.031715546269080776,8.578271554257573e-18,310.66083973035774
1e-10,1.9698560037159132e-18,6.209212766249417e-7,0.03172473029790821,8.578271554257573e-18,310.66083973035774
1e-10,1.970385179759643e-18,6.209212766249417e-7,0.03173325273164741,8.578271554257569e-18,310.66083973035757
1e-10,1.9708964474948917e-18,6.209212766249417e-7,0.03174148675026613,8.578271554257569e-18,310.66083973035757
1e-10,1.971383354270856e-18,6.209212766249417e-7,0.03174932843317013,8.578271554257569e-18,310.66083973035757
1e-10,1.971961625767264e-18,6.209212766249417e-7,0.031758641554143395,8.578271554257567e-18,310.6608397303575
1e-10,1.9723562845823465e-18,6.209212766249417e-7,0.031764997574301505,8.578271554257567e-18,310.6608397303575
1e-10,1.972599470012678e-18,6.209212766249417e-7,0.03176891410026842,8.578271554257572e-18,310.6608397303577
1e-10,1.972989212725459e-18,6.209212766249417e-7,0.031775190946101435,8.57827155425757e-18,310.6608397303576
1e-10,1.973232235118514e-18,6.209212766249417e-7,0.03177910484633651,8.57827155425757e-18,310.6608397303576
1e-10,1.973546654119291e-18,6.209212766249417e-7,0.031784168596164605,8.578271554257569e-18,310.66083973035757
1e-10,1.9740194079201505e-18,6.209212766249417e-7,0.03179178234397221,8.578271554257569e-18,310.66083973035757
1e-10,1.9743244589511397e-18,6.209212766249417e-7,0.03179669522169879,8.578271554257564e-18,310.6608397303574
1e-10,1.974730039935799e-18,6.209212766249417e-7,0.0318032271445033,8.578271554257561e-18,310.6608397303573
1e-10,1.9750350246349726e-18,6.209212766249417e-7,0.03180813895394928,8.578271554257558e-18,310.66083973035717
1e-10,1.975483738050382e-18,6.209212766249417e-7,0.031815365528916215,8.578271554257561e-18,310.6608397303573
1e-10,1.9758221061010733e-18,6.209212766249417e-7,0.03182081498061693,8.578271554257553e-18,310.660839730357
1e-10,1.9762032061952995e-18,6.209212766249417e-7,0.03182695263620344,8.578271554257553e-18,310.660839730357
1e-10,1.9766053434094097e-18,6.209212766249417e-7,0.031833429096734735,8.57827155425755e-18,310.6608397303569
1e-10,1.976946769617925e-18,6.209212766249417e-7,0.031838927800376705,8.578271554257549e-18,310.6608397303568
1e-10,1.9774745317268017e-18,6.209212766249417e-7,0.031847427462552,8.578271554257549e-18,310.6608397303568
1e-10,1.977945208106269e-18,6.209212766249417e-7,0.031855007753277834,8.578271554257552e-18,310.66083973035694
1e-10,1.9784179481910577e-18,6.209212766249417e-7,0.03186262128018673,8.57827155425755e-18,310.6608397303569
1e-10,1.9789600924420234e-18,6.209212766249417e-7,0.031871352568215904,8.578271554257549e-18,310.6608397303568
1e-10,1.9792078230154997e-18,6.209212766249417e-7,0.03187534229417316,8.57827155425755e-18,310.6608397303569
1e-10,1.979668116747993e-18,6.209212766249417e-7,0.03188275537131871,8.57827155425755e-18,310.6608397303569
1e-10,1.9801048237059286e-18,6.209212766249417e-7,0.03188978858107292,8.578271554257555e-18,310.66083973035705
1e-10,1.980486456594924e-18,6.209212766249417e-7,0.031895934817373114,8.57827155425755e-18,310.6608397303569
1e-10,1.9807293480779656e-18,6.209212766249417e-7,0.031899846609289184,8.578271554257561e-18,310.6608397303573
1e-10,1.9813101318239125e-18,6.209212766249417e-7,0.03190920019029552,8.578271554257561e-18,310.6608397303573
1e-10,1.9815865683193195e-18,6.209212766249417e-7,0.03191365222803063,8.578271554257558e-18,310.66083973035717
1e-10,1.9820629257593634e-18,6.209212766249417e-7,0.031921324012812,8.578271554257553e-18,310.660839730357
1e-10,1.9826758774014585e-18,6.209212766249417e-7,0.031931195661041335,8.578271554257555e-18,310.66083973035705
1e-10,1.9831156589949517e-18,6.209212766249417e-7,0.03193827838811237,8.578271554257558e-18,310.66083973035717
1e-10,1.983518054329232e-18,6.209212766249417e-7,0.03194475900569512,8.578271554257558e-18,310.66083973035717
1e-10,1.983983154082952e-18,6.209212766249417e-7,0.031952249484298915,8.578271554257555e-18,310.66083973035705
1e-10,1.984449061293926e-18,6.209212766249417e-7,0.03195975296708351,8.578271554257558e-18,310.66083973035717
1e-10,1.984924070392762e-18,6.209212766249417e-7,0.03196740303669327,8.578271554257555e-18,310.66083973035705
1e-10,1.9854700597466563e-18,6.209212766249417e-7,0.03197619625049425,8.57827155425755e-18,310.6608397303569
1e-10,1.985769635615733e-18,6.209212766249417e-7,0.031981020950184125,8.578271554257553e-18,310.660839730357
1e-10,1.9861667264069502e-18,6.209212766249417e-7,0.031987416137564006,8.578271554257555e-18,310.66083973035705
1e-10,1.9864240991816746e-18,6.209212766249417e-7,0.03199156115214819,8.578271554257553e-18,310.660839730357
1e-10,1.98706053894696e-18,6.209212766249417e-7,0.032001811078978606,8.57827155425756e-18,310.6608397303572
1e-10,1.987236786717573e-18,6.209212766249417e-7,0.032004649567161376,8.578271554257561e-18,310.6608397303573
1e-10,1.987639316933305e-18,6.209212766249417e-7,0.03201113235702356,8.578271554257563e-18,310.66083973035734
1e-10,1.9878776543033438e-18,6.209212766249417e-7,0.032014970804488826,8.578271554257566e-18,310.66083973035745
1e-10,1.9880763494947622e-18,6.209212766249417e-7,0.032018170810655444,8.578271554257567e-18,310.6608397303575
1e-10,1.9882998116185433e-18,6.209212766249417e-7,0.032021769690774284,8.57827155425756e-18,310.6608397303572
1e-10,1.9887592094519675e-18,6.209212766249417e-7,0.03202916833937466,8.578271554257557e-18,310.6608397303571
1e-10,1.9890925290373046e-18,6.209212766249417e-7,0.032034536485029914,8.578271554257558e-18,310.66083973035717
1e-10,1.989426087707565e-18,6.209212766249417e-7,0.03203990848117206,8.578271554257555e-18,310.66083973035705
1e-10,1.989701466895112e-18,6.209212766249417e-7,0.03204434349085708,8.578271554257553e-18,310.660839730357
1e-10,1.9902428099143863e-18,6.209212766249417e-7,0.03205306187496878,8.578271554257552e-18,310.66083973035694
1e-10,1.9907347142095534e-18,6.209212766249417e-7,0.03206098404342532,8.578271554257549e-18,310.6608397303568
1e-10,1.9912497761919156e-18,6.209212766249417e-7,0.032069279168777796,8.578271554257555e-18,310.66083973035705
1e-10,1.991650570525775e-18,6.209212766249417e-7,0.03207573400208674,8.578271554257555e-18,310.66083973035705
1e-10,1.9922700975873693e-18,6.209212766249417e-7,0.03208571154811257,8.578271554257555e-18,310.66083973035705
1e-10,1.9926355452300492e-18,6.209212766249417e-7,0.032091597119382836,8.578271554257566e-18,310.66083973035745
1e-10,1.993228685663107e-18,6.209212766249417e-7,0.032101149706085644,8.578271554257564e-18,310.6608397303574
1e-10,1.993532041984325e-18,6.209212766249417e-7,0.03210603529033985,8.578271554257564e-18,310.6608397303574
1e-10,1.9940490720800728e-18,6.209212766249417e-7,0.03211436211235758,8.578271554257561e-18,310.6608397303573
1e-10,1.9944698849330006e-18,6.209212766249417e-7,0.03212113934594209,8.578271554257561e-18,310.6608397303573
1e-10,1.9946027989004914e-18,6.209212766249417e-7,0.03212327993884,8.57827155425756e-18,310.6608397303572
1e-10,1.9949533070573408e-18,6.209212766249417e-7,0.03212892490817903,8.578271554257557e-18,310.6608397303571
1e-10,1.995201493430709e-18,6.209212766249417e-7,0.03213292197483967,8.57827155425756e-18,310.6608397303572
1e-10,1.995522115196375e-18,6.209212766249417e-7,0.03213808562082405,8.57827155425756e-18,310.6608397303572
1e-10,1.995889045948213e-18,6.209212766249417e-7,0.0321439950777174,8.578271554257561e-18,310.6608397303573
1e-10,1.9964310564245646e-18,6.209212766249417e-7,0.03215272421129288,8.578271554257558e-18,310.66083973035717
1e-10,1.997444883893872e-18,6.209212766249417e-7,0.03216905200528986,8.578271554257563e-18,310.66083973035734
1e-10,1.9977661993854542e-18,6.209212766249417e-7,0.03217422682380033,8.578271554257566e-18,310.66083973035745
1e-10,1.9985156626751376e-18,6.209212766249417e-7,0.03218629700592965,8.578271554257564e-18,310.6608397303574
1e-10,1.9987615072479697e-18,6.209212766249417e-7,0.032190256357655656,8.578271554257566e-18,310.66083973035745
1e-10,1.999063028561564e-18,6.209212766249417e-7,0.032195112388926375,8.578271554257561e-18,310.6608397303573
1e-10,1.9993986821645744e-18,6.209212766249417e-7,0.032200518124172475,8.578271554257561e-18,310.6608397303573
1e-10,2.000058696538171e-18,6.209212766249417e-7,0.0322111477224556,8.578271554257566e-18,310.66083973035745
1e-10,2.0002814626908156e-18,6.209212766249417e-7,0.032214735393888846,8.578271554257564e-18,310.6608397303574
1e-10,2.000637960854733e-18,6.209212766249417e-7,0.032220476832897915,8.578271554257566e-18,310.66083973035745
1e-10,2.0010563378021137e-18,6.209212766249417e-7,0.03222721483597706,8.578271554257569e-18,310.66083973035757
1e-10,2.0016859394422546e-18,6.209212766249417e-7,0.032237354634109976,8.578271554257577e-18,310.66083973035785
1e-10,2.001853475803195e-18,6.209212766249417e-7,0.03224005282415833,8.578271554257573e-18,310.66083973035774
1e-10,2.002290822699583e-18,6.209212766249417e-7,0.032247096340186084,8.57827155425757e-18,310.6608397303576
1e-10,2.0024699197247496e-18,6.209212766249417e-7,0.0322499807159018,8.57827155425757e-18,310.6608397303576
1e-10,2.003164819856807e-18,6.209212766249417e-7,0.032261172152855525,8.578271554257572e-18,310.6608397303577
1e-10,2.0034784156721585e-18,6.209212766249417e-7,0.03226622264519903,8.578271554257573e-18,310.66083973035774
1e-10,2.0039043392079133e-18,6.209212766249417e-7,0.03227308218684769,8.578271554257572e-18,310.6608397303577
1e-10,2.0042781601277437e-18,6.209212766249417e-7,0.03227910261059388,8.578271554257573e-18,310.66083973035774
1e-10,2.0046357341184866e-18,6.209212766249417e-7,0.03228486137590285,8.578271554257573e-18,310.66083973035774
1e-10,2.005150936206422e-18,6.209212766249417e-7,0.032293158757669756,8.578271554257573e-18,310.66083973035774
1e-10,2.005456510261123e-18,6.209212766249417e-7,0.032298080058746154,8.578271554257569e-18,310.66083973035757
1e-10,2.005825169792949e-18,6.209212766249417e-7,0.03230401735781617,8.578271554257566e-18,310.66083973035745
1e-10,2.0062174042747275e-18,6.209212766249417e-7,0.03231033433384106,8.578271554257566e-18,310.66083973035745
1e-10,2.00693367266894e-18,6.209212766249417e-7,0.032321869908819356,8.578271554257564e-18,310.6608397303574
1e-10,2.0075352963870046e-18,6.209212766249417e-7,0.03233155911968574,8.578271554257575e-18,310.6608397303578
1e-10,2.007876191831091e-18,6.209212766249417e-7,0.03233704927531286,8.57827155425757e-18,310.6608397303576
1e-10,2.008413055845817e-18,6.209212766249417e-7,0.032345695524603015,8.578271554257577e-18,310.66083973035785
1e-10,2.0088509181096427e-18,6.209212766249417e-7,0.03235274734067552,8.578271554257578e-18,310.6608397303579
1e-10,2.0090916903397314e-18,6.209212766249417e-7,0.0323566250018083,8.578271554257575e-18,310.6608397303578
1e-10,2.0094989940912243e-18,6.209212766249417e-7,0.03236318466994702,8.578271554257575e-18,310.6608397303578
1e-10,2.0097428642617475e-18,6.209212766249417e-7,0.03236711222372402,8.578271554257572e-18,310.6608397303577
1e-10,2.010181359461718e-18,6.209212766249417e-7,0.032374174233297186,8.578271554257572e-18,310.6608397303577
1e-10,2.010901386248645e-18,6.209212766249417e-7,0.032385770337570514,8.578271554257575e-18,310.6608397303578
1e-10,2.011600663193647e-18,6.209212766249417e-7,0.03239703226353966,8.578271554257575e-18,310.6608397303578
1e-10,2.012244525537993e-18,6.209212766249417e-7,0.032407401731757046,8.578271554257577e-18,310.66083973035785
1e-10,2.0127406297346624e-18,6.209212766249417e-7,0.032415391540052324,8.578271554257578e-18,310.6608397303579
1e-10,2.0130110460077497e-18,6.209212766249417e-7,0.03241974662149771,8.578271554257577e-18,310.66083973035785
1e-10,2.0135210595398267e-18,6.209212766249417e-7,0.03242796044104741,8.578271554257577e-18,310.66083973035785
1e-10,2.0141241420314776e-18,6.209212766249417e-7,0.032437673145610045,8.578271554257578e-18,310.6608397303579
1e-10,2.014847236923796e-18,6.209212766249417e-7,0.032449318662031205,8.578271554257575e-18,310.6608397303578
1e-10,2.0150394412723887e-18,6.209212766249417e-7,0.03245241413251721,8.578271554257573e-18,310.66083973035774
1e-10,2.015700196726194e-18,6.209212766249417e-7,0.0324630556659721,8.578271554257578e-18,310.6608397303579
1e-10,2.0158908574000396e-18,6.209212766249417e-7,0.032466126275420074,8.578271554257578e-18,310.6608397303579
1e-10,2.0163875310978347e-18,6.209212766249417e-7,0.03247412525558862,8.578271554257583e-18,310.6608397303581
1e-10,2.016782517080681e-18,6.209212766249417e-7,0.032480486544816674,8.578271554257583e-18,310.6608397303581
1e-10,2.017104499013464e-18,6.209212766249417e-7,0.03248567209643013,8.578271554257578e-18,310.6608397303579
1e-10,2.0174698795150055e-18,6.209212766249417e-7,0.03249155658638556,8.578271554257578e-18,310.6608397303579
1e-10,2.017902563678622e-18,6.209212766249417e-7,0.03249852500863014,8.57827155425758e-18,310.66083973035796
1e-10,2.0180158026153503e-18,6.209212766249417e-7,0.03250034873316643,8.578271554257577e-18,310.66083973035785
1e-10,2.0184882777335935e-18,6.209212766249417e-7,0.032507957992762286,8.578271554257577e-18,310.66083973035785
1e-10,2.0188344682170835e-18,6.209212766249417e-7,0.03251353342553489,8.578271554257578e-18,310.6608397303579
1e-10,2.0190545711343047e-18,6.209212766249417e-7,0.032517078205292115,8.578271554257577e-18,310.66083973035785
1e-10,2.019388999664753e-18,6.209212766249417e-7,0.03252246421062062,8.57827155425758e-18,310.66083973035796
1e-10,2.0195010429123617e-18,6.209212766249417e-7,0.03252426867846262,8.578271554257575e-18,310.6608397303578
1e-10,2.0197874321176726e-18,6.209212766249417e-7,0.032528881005598,8.578271554257583e-18,310.6608397303581
1e-10,2.0200455658461895e-18,6.209212766249417e-7,0.03253303827542003,8.578271554257577e-18,310.66083973035785
1e-10,2.020603731073974e-18,6.209212766249417e-7,0.03254202758290226,8.578271554257573e-18,310.66083973035774
1e-10,2.0207737712976646e-18,6.209212766249417e-7,0.03254476609791362,8.57827155425757e-18,310.6608397303576
1e-10,2.0213968785231808e-18,6.209212766249417e-7,0.03255480130284174,8.578271554257567e-18,310.6608397303575
1e-10,2.0221259059223114e-18,6.209212766249417e-7,0.03256654236288551,8.578271554257567e-18,310.6608397303575
1e-10,2.0222538401764683e-18,6.209212766249417e-7,0.03256860275699621,8.578271554257567e-18,310.6608397303575
1e-10,2.022771304444425e-18,6.209212766249417e-7,0.03257693657140131,8.578271554257566e-18,310.66083973035745
1e-10,2.023324577984e-18,6.209212766249417e-7,0.03258584709774987,8.578271554257577e-18,310.66083973035785
1e-10,2.0234589340054066e-18,6.209212766249417e-7,0.03258801091507204,8.578271554257575e-18,310.6608397303578
1e-10,2.0240704165697637e-18,6.209212766249417e-7,0.03259785890365573,8.578271554257575e-18,310.6608397303578
1e-10,2.024283991852286e-18,6.209212766249417e-7,0.03260129855519551,8.578271554257569e-18,310.66083973035757
1e-10,2.0245597693732463e-18,6.209212766249417e-7,0.03260573998008046,8.578271554257569e-18,310.66083973035757
1e-10,2.0249503249828846e-18,6.209212766249417e-7,0.03261202991769963,8.578271554257561e-18,310.6608397303573
1e-10,2.0256859489454313e-18,6.209212766249417e-7,0.032623877216064814,8.578271554257563e-18,310.66083973035734
1e-10,2.0259342463571667e-18,6.209212766249417e-7,0.0326278760710096,8.578271554257564e-18,310.6608397303574
1e-10,2.026356130999904e-18,6.209212766249417e-7,0.03263467056587746,8.578271554257569e-18,310.66083973035757
1e-10,2.026795279624242e-18,6.209212766249417e-7,0.03264174309891619,8.578271554257567e-18,310.6608397303575
1e-10,2.0273403763139554e-18,6.209212766249417e-7,0.032650521936270195,8.578271554257566e-18,310.66083973035745
1e-10,2.027515456310731e-18,6.209212766249417e-7,0.032653341617337135,8.578271554257566e-18,310.66083973035745
1e-10,2.0282137767422806e-18,6.209212766249417e-7,0.03266458813856033,8.578271554257572e-18,310.6608397303577
1e-10,2.0285816045389172e-18,6.209212766249417e-7,0.032670512042450944,8.578271554257573e-18,310.66083973035774
1e-10,2.0295692670167585e-18,6.209212766249417e-7,0.03268641844661235,8.578271554257573e-18,310.66083973035774
1e-10,2.030037875030368e-18,6.209212766249417e-7,0.03269396542609672,8.57827155425757e-18,310.6608397303576
1e-10,2.0302531597058853e-18,6.209212766249417e-7,0.032697432607583676,8.578271554257577e-18,310.66083973035785
1e-10,2.0307351874828095e-18,6.209212766249417e-7,0.032705195713714365,8.57827155425758e-18,310.66083973035796
1e-10,2.03096034568733e-18,6.209212766249417e-7,0.03270882190938517,8.578271554257578e-18,310.6608397303579
1e-10,2.0314182986552356e-18,6.209212766249417e-7,0.03271619728828013,8.57827155425758e-18,310.66083973035796
1e-10,2.0316333950231604e-18,6.209212766249417e-7,0.03271966143705426,8.578271554257577e-18,310.66083973035785
1e-10,2.0318042953731227e-18,6.209212766249417e-7,0.03272241380448627,8.578271554257578e-18,310.6608397303579
1e-10,2.0325322139355507e-18,6.209212766249417e-7,0.03273413700660272,8.578271554257581e-18,310.660839730358
1e-10,2.0328593007818473e-18,6.209212766249417e-7,0.03273940477336495,8.578271554257581e-18,310.660839730358
1e-10,2.0332714346813925e-18,6.209212766249417e-7,0.03274604223152688,8.57827155425758e-18,310.66083973035796
1e-10,2.0338933372362944e-18,6.209212766249417e-7,0.03275605803511284,8.578271554257584e-18,310.66083973035813
1e-10,2.0340883396975927e-18,6.209212766249417e-7,0.032759198569487155,8.578271554257584e-18,310.66083973035813
1e-10,2.034487068551442e-18,6.209212766249417e-7,0.032765620138031505,8.578271554257587e-18,310.66083973035825
1e-10,2.0348871431882018e-18,6.209212766249417e-7,0.03277206338054583,8.578271554257586e-18,310.6608397303582
1e-10,2.0351364609734744e-18,6.209212766249417e-7,0.0327760786687097,8.578271554257581e-18,310.660839730358
1e-10,2.03552164676744e-18,6.209212766249417e-7,0.03278228212490401,8.578271554257573e-18,310.66083973035774
1e-10,2.035991035281875e-18,6.209212766249417e-7,0.032789841674433155,8.578271554257566e-18,310.66083973035745
1e-10,2.0363970920815026e-18,6.209212766249417e-7,0.03279638126028588,8.578271554257572e-18,310.6608397303577
1e-10,2.0366245612576662e-18,6.209212766249417e-7,0.03280004467438888,8.57827155425757e-18,310.6608397303576
1e-10,2.03704443161451e-18,6.209212766249417e-7,0.03280680672897857,8.578271554257569e-18,310.66083973035757
1e-10,2.0375429592849835e-18,6.209212766249417e-7,0.03281483556756473,8.578271554257581e-18,310.660839730358
1e-10,2.0381949686784782e-18,6.209212766249417e-7,0.03282533624483317,8.578271554257586e-18,310.6608397303582
1e-10,2.0385259995965685e-18,6.209212766249417e-7,0.0328306675312708,8.578271554257587e-18,310.66083973035825
1e-10,2.0390567688592916e-18,6.209212766249417e-7,0.03283921562396313,8.57827155425758e-18,310.66083973035796
1e-10,2.0394675066168234e-18,6.209212766249417e-7,0.03284583059711664,8.578271554257587e-18,310.66083973035825
1e-10,2.0397046659172355e-18,6.209212766249417e-7,0.03284965007165134,8.57827155425758e-18,310.66083973035796
1e-10,2.0398057557376215e-18,6.209212766249417e-7,0.03285127813343939,8.578271554257578e-18,310.6608397303579
1e-10,2.0402241158625915e-18,6.209212766249417e-7,0.03285801586559191,8.578271554257577e-18,310.66083973035785
1e-10,2.0407456006332196e-18,6.209212766249417e-7,0.03286641443059942,8.578271554257575e-18,310.6608397303578
1e-10,2.041284977891398e-18,6.209212766249417e-7,0.032875101155929724,8.578271554257573e-18,310.66083973035774
1e-10,2.0418456818429673e-18,6.209212766249417e-7,0.032884131349815444,8.578271554257575e-18,310.6608397303578
1e-10,2.042183853771294e-18,6.209212766249417e-7,0.03288957764294563,8.578271554257578e-18,310.6608397303579
1e-10,2.0426439969348146e-18,6.209212766249417e-7,0.03289698829516263,8.578271554257578e-18,310.6608397303579
1e-10,2.042971324708079e-18,6.209212766249417e-7,0.032902259942078065,8.578271554257572e-18,310.6608397303577
1e-10,2.0433206322331383e-18,6.209212766249417e-7,0.032907885575120595,8.578271554257573e-18,310.66083973035774
1e-10,2.0435891646736698e-18,6.209212766249417e-7,0.032912210317252014,8.578271554257577e-18,310.66083973035785
1e-10,2.044098915822816e-18,6.209212766249417e-7,0.032920419911098064,8.57827155425758e-18,310.66083973035796
1e-10,2.0444400850284136e-18,6.209212766249417e-7,0.032925914475682036,8.578271554257573e-18,310.66083973035774
1e-10,2.0450182694437314e-18,6.209212766249417e-7,0.032935226194205525,8.578271554257573e-18,310.66083973035774
1e-10,2.045270296434335e-18,6.209212766249417e-7,0.032939285114395436,8.578271554257572e-18,310.6608397303577
1e-10,2.0456563104388614e-18,6.209212766249417e-7,0.03294550190900464,8.578271554257569e-18,310.66083973035757
1e-10,2.0465366677271316e-18,6.209212766249417e-7,0.03295968015222825,8.57827155425757e-18,310.6608397303576
1e-10,2.0469241002082344e-18,6.209212766249417e-7,0.032965919791546276,8.57827155425757e-18,310.6608397303576
1e-10,2.047369405844441e-18,6.209212766249417e-7,0.03297309148388427,8.57827155425757e-18,310.6608397303576
1e-10,2.0478149433909385e-18,6.209212766249417e-7,0.03298026691116096,8.578271554257569e-18,310.66083973035757
1e-10,2.048233493497589e-18,6.209212766249417e-7,0.03298700770298767,8.578271554257567e-18,310.6608397303575
1e-10,2.0486757822194036e-18,6.209212766249417e-7,0.032994130807614055,8.578271554257563e-18,310.66083973035734
1e-10,2.0493267817276e-18,6.209212766249417e-7,0.033004615220577564,8.578271554257558e-18,310.66083973035717
1e-10,2.0496888190183593e-18,6.209212766249417e-7,0.033010445867785,8.57827155425756e-18,310.6608397303572
1e-10,2.0500197998905063e-18,6.209212766249417e-7,0.033015776348227645,8.578271554257558e-18,310.66083973035717
1e-10,2.0504568113752107e-18,6.209212766249417e-7,0.03302281446241628,8.578271554257564e-18,310.6608397303574
1e-10,2.0506312433099105e-18,6.209212766249417e-7,0.033025623706377905,8.578271554257569e-18,310.66083973035757
1e-10,2.0510254663691367e-18,6.209212766249417e-7,0.033031972708643845,8.578271554257569e-18,310.66083973035757
1e-10,2.051457531497949e-18,6.209212766249417e-7,0.03303893116127025,8.578271554257563e-18,310.66083973035734
1e-10,2.0518845267445992e-18,6.209212766249417e-7,0.03304580796293134,8.578271554257561e-18,310.6608397303573
1e-10,2.0522902490280028e-18,6.209212766249417e-7,0.03305234216136643,8.57827155425757e-18,310.6608397303576
1e-10,2.0526510163790006e-18,6.209212766249417e-7,0.03305815235606549,8.578271554257572e-18,310.6608397303577
1e-10,2.0531053360701162e-18,6.209212766249417e-7,0.03306546922067005,8.578271554257583e-18,310.6608397303581
1e-10,2.0533852460628673e-18,6.209212766249417e-7,0.03306997719943142,8.578271554257578e-18,310.6608397303579
1e-10,2.0537521671956166e-18,6.209212766249417e-7,0.03307588650140838,8.578271554257577e-18,310.66083973035785
1e-10,2.054459237402887e-18,6.209212766249417e-7,0.03308727393865507,8.578271554257575e-18,310.6608397303578
1e-10,2.0549469940420725e-18,6.209212766249417e-7,0.03309512930869227,8.57827155425758e-18,310.66083973035796
1e-10,2.055113352690738e-18,6.209212766249417e-7,0.03309780853156525,8.578271554257581e-18,310.660839730358
1e-10,2.0552775351623166e-18,6.209212766249417e-7,0.033100452706886004,8.578271554257577e-18,310.66083973035785
1e-10,2.0556832178886298e-18,6.209212766249417e-7,0.03310698626825015,8.578271554257578e-18,310.6608397303579
1e-10,2.0558218654793673e-18,6.209212766249417e-7,0.033109219201730725,8.578271554257581e-18,310.660839730358
1e-10,2.0563729605819442e-18,6.209212766249417e-7,0.033118094644130965,8.578271554257583e-18,310.6608397303581
1e-10,2.056654868175777e-18,6.209212766249417e-7,0.033122634794459926,8.57827155425758e-18,310.66083973035796
1e-10,2.0570699209740404e-18,6.209212766249417e-7,0.03312931926178112,8.578271554257583e-18,310.6608397303581
1e-10,2.0574570209157812e-18,6.209212766249417e-7,0.033135553545519066,8.578271554257584e-18,310.66083973035813
1e-10,2.0577399995343066e-18,6.209212766249417e-7,0.0331401109448091,8.578271554257581e-18,310.660839730358
1e-10,2.0580678049755953e-18,6.209212766249417e-7,0.0331453902846164,8.578271554257577e-18,310.66083973035785
1e-10,2.0586733288134722e-18,6.209212766249417e-7,0.033155142307307074,8.578271554257578e-18,310.6608397303579
1e-10,2.058956009013383e-18,6.209212766249417e-7,0.03315969490053511,8.578271554257575e-18,310.6608397303578
1e-10,2.0595230551444272e-18,6.209212766249417e-7,0.03316882723586313,8.578271554257573e-18,310.66083973035774
1e-10,2.0601636747168734e-18,6.209212766249417e-7,0.03317914447891089,8.578271554257578e-18,310.6608397303579
1e-10,2.060825920190666e-18,6.209212766249417e-7,0.03318981000928846,8.578271554257578e-18,310.6608397303579
1e-10,2.0610321180828e-18,6.209212766249417e-7,0.03319313084720941,8.578271554257573e-18,310.66083973035774
1e-10,2.0611222670689163e-18,6.209212766249417e-7,0.03319458270575429,8.57827155425757e-18,310.6608397303576
1e-10,2.0614886107301685e-18,6.209212766249417e-7,0.03320048270749434,8.578271554257564e-18,310.6608397303574
1e-10,2.0618132043866567e-18,6.209212766249417e-7,0.033205710321182386,8.578271554257567e-18,310.6608397303575
1e-10,2.062358697107143e-18,6.209212766249417e-7,0.03321449553665207,8.578271554257557e-18,310.6608397303571
1e-10,2.0627875042024834e-18,6.209212766249417e-7,0.03322140151831968,8.578271554257561e-18,310.6608397303573
1e-10,2.0632234761302962e-18,6.209212766249417e-7,0.03322842289033938,8.57827155425756e-18,310.6608397303572
1e-10,2.0636171479924776e-18,6.209212766249417e-7,0.03323476301552113,8.578271554257563e-18,310.66083973035734
1e-10,2.0640243992664066e-18,6.209212766249417e-7,0.03324132183850337,8.578271554257558e-18,310.66083973035717
1e-10,2.0643055850666827e-18,6.209212766249417e-7,0.033245850364274056,8.578271554257561e-18,310.6608397303573
1e-10,2.0647036244348534e-18,6.209212766249417e-7,0.03325226082858177,8.578271554257561e-18,310.6608397303573
1e-10,2.065304453965206e-18,6.209212766249417e-7,0.03326193724897468,8.578271554257558e-18,310.66083973035717
1e-10,2.065634022243801e-18,6.209212766249417e-7,0.033267244979455206,8.578271554257564e-18,310.6608397303574
1e-10,2.0658405072405926e-18,6.209212766249417e-7,0.03327057044122572,8.578271554257558e-18,310.66083973035717
1e-10,2.0663179463706164e-18,6.209212766249417e-7,0.03327825964673369,8.578271554257558e-18,310.66083973035717
1e-10,2.066779400205112e-18,6.209212766249417e-7,0.033285691407439394,8.578271554257563e-18,310.66083973035734
1e-10,2.0673609486790357e-18,6.209212766249417e-7,0.03329505730446719,8.57827155425756e-18,310.6608397303572
1e-10,2.0679387587910066e-18,6.209212766249417e-7,0.033304362994797394,8.578271554257553e-18,310.660839730357
1e-10,2.06816848232423e-18,6.209212766249417e-7,0.03330806271554899,8.578271554257549e-18,310.6608397303568
1e-10,2.0686608912358375e-18,6.209212766249417e-7,0.03331599301090437,8.578271554257553e-18,310.660839730357
1e-10,2.0691139269608742e-18,6.209212766249417e-7,0.03332328919710529,8.578271554257557e-18,310.6608397303571
1e-10,2.0694042159476124e-18,6.209212766249417e-7,0.033327964330615224,8.578271554257557e-18,310.6608397303571
1e-10,2.069949434804665e-18,6.209212766249417e-7,0.033336745135486595,8.578271554257557e-18,310.6608397303571
1e-10,2.070383931509258e-18,6.209212766249417e-7,0.03334374274888704,8.578271554257566e-18,310.66083973035745
1e-10,2.070858197055635e-18,6.209212766249417e-7,0.033351380843509186,8.578271554257569e-18,310.66083973035757
1e-10,2.07094899119724e-18,6.209212766249417e-7,0.033352843092348504,8.578271554257573e-18,310.66083973035774
1e-10,2.0711481928934424e-18,6.209212766249417e-7,0.03335605125582593,8.578271554257569e-18,310.66083973035757
1e-10,2.0713311725443185e-18,6.209212766249417e-7,0.033358998161621634,8.578271554257577e-18,310.66083973035785
1e-10,2.0716548094498456e-18,6.209212766249417e-7,0.03336421036673862,8.578271554257567e-18,310.6608397303575
1e-10,2.072184097356832e-18,6.209212766249417e-7,0.03337273460204689,8.578271554257575e-18,310.6608397303578
1e-10,2.072529807893163e-18,6.209212766249417e-7,0.03337830230522192,8.578271554257577e-18,310.66083973035785
1e-10,2.07297601240836e-18,6.209212766249417e-7,0.03338548847409702,8.578271554257575e-18,310.6608397303578
1e-10,2.0732860390040625e-18,6.209212766249417e-7,0.03339048148379686,8.57827155425757e-18,310.6608397303576
1e-10,2.0738881421118464e-18,6.209212766249417e-7,0.0334001784152832,8.57827155425757e-18,310.6608397303576
1e-10,2.0743970027204783e-18,6.209212766249417e-7,0.033408373666884136,8.578271554257563e-18,310.66083973035734
1e-10,2.075222364751886e-18,6.209212766249417e-7,0.03342166620593021,8.57827155425756e-18,310.6608397303572
1e-10,2.0754424126028416e-18,6.209212766249417e-7,0.03342521009883966,8.578271554257564e-18,310.6608397303574
1e-10,2.076388728431473e-18,6.209212766249417e-7,0.033440450611031076,8.578271554257564e-18,310.6608397303574
1e-10,2.0767599846564615e-18,6.209212766249417e-7,0.03344642973010728,8.578271554257561e-18,310.6608397303573
1e-10,2.077073876601808e-18,6.209212766249417e-7,0.033451484991654325,8.57827155425756e-18,310.6608397303572
1e-10,2.07745314699677e-18,6.209212766249417e-7,0.033457593179749015,8.578271554257558e-18,310.66083973035717
1e-10,2.077995836094792e-18,6.209212766249417e-7,0.03346633324259518,8.578271554257557e-18,310.6608397303571
1e-10,2.078333629005422e-18,6.209212766249417e-7,0.03347177343160699,8.57827155425756e-18,310.6608397303572
1e-10,2.078819042055559e-18,6.209212766249417e-7,0.03347959105790538,8.57827155425756e-18,310.6608397303572
1e-10,2.079287590648194e-18,6.209212766249417e-7,0.03348713708040894,8.578271554257553e-18,310.660839730357
1e-10,2.0795225849246757e-18,6.209212766249417e-7,0.033490921687014126,8.578271554257553e-18,310.660839730357
1e-10,2.0797992672211612e-18,6.209212766249417e-7,0.03349537768340049,8.578271554257555e-18,310.66083973035705
1e-10,2.080152861423636e-18,6.209212766249417e-7,0.03350107235381663,8.57827155425756e-18,310.6608397303572
1e-10,2.0804452528453296e-18,6.209212766249417e-7,0.03350578134725429,8.578271554257552e-18,310.66083973035694
1e-10,2.0810934645809448e-18,6.209212766249417e-7,0.03351622086285825,8.578271554257555e-18,310.66083973035705
1e-10,2.081547011359924e-18,6.209212766249417e-7,0.033523525279634626,8.578271554257555e-18,310.66083973035705
1e-10,2.0822007840500397e-18,6.209212766249417e-7,0.03353405435497361,8.57827155425756e-18,310.6608397303572
1e-10,2.082618234198766e-18,6.209212766249417e-7,0.03354077743186663,8.57827155425756e-18,310.6608397303572
1e-10,2.0830028953973033e-18,6.209212766249417e-7,0.03354697243939847,8.578271554257558e-18,310.66083973035717
1e-10,2.0834836643389663e-18,6.209212766249417e-7,0.03355471527185988,8.57827155425756e-18,310.6608397303572
1e-10,2.0838232130673126e-18,6.209212766249417e-7,0.03356018373849372,8.578271554257561e-18,310.6608397303573
1e-10,2.0840718907208465e-18,6.209212766249417e-7,0.03356418871727115,8.578271554257558e-18,310.66083973035717
1e-10,2.084347940185775e-18,6.209212766249417e-7,0.03356863452184124,8.578271554257558e-18,310.66083973035717
1e-10,2.0844492517058405e-18,6.209212766249417e-7,0.03357026615412506,8.57827155425756e-18,310.6608397303572
1e-10,2.0850702464959674e-18,6.209212766249417e-7,0.03358026733806745,8.578271554257566e-18,310.66083973035745
1e-10,2.0853802421433245e-18,6.209212766249417e-7,0.033585259849341055,8.57827155425756e-18,310.6608397303572
1e-10,2.0857953752880385e-18,6.209212766249417e-7,0.033591945610649966,8.578271554257561e-18,310.6608397303573
1e-10,2.0864178017496707e-18,6.209212766249417e-7,0.03360196985180684,8.578271554257564e-18,310.6608397303574
1e-10,2.0867882382853585e-18,6.209212766249417e-7,0.033607935769703896,8.578271554257569e-18,310.66083973035757
1e-10,2.0871887336453824e-18,6.209212766249417e-7,0.03361438578800897,8.578271554257569e-18,310.66083973035757
1e-10,2.087406342774122e-18,6.209212766249417e-7,0.03361789040505032,8.578271554257566e-18,310.66083973035745
1e-10,2.0878119139927285e-18,6.209212766249417e-7,0.03362442217057156,8.578271554257563e-18,310.66083973035734
1e-10,2.088273589198912e-18,6.209212766249417e-7,0.0336318574964907,8.578271554257566e-18,310.66083973035745
1e-10,2.088785806635504e-18,6.209212766249417e-7,0.03364010681014567,8.578271554257567e-18,310.6608397303575
1e-10,2.089187642311089e-18,6.209212766249417e-7,0.03364657841436849,8.578271554257566e-18,310.66083973035745
1e-10,2.089880300472501e-18,6.209212766249417e-7,0.03365773374415807,8.578271554257567e-18,310.6608397303575
1e-10,2.0902815210765528e-18,6.209212766249417e-7,0.03366419544259161,8.578271554257567e-18,310.6608397303575
1e-10,2.09063192511589e-18,6.209212766249417e-7,0.03366983873510756,8.578271554257558e-18,310.66083973035717
1e-10,2.0910501723618208e-18,6.209212766249417e-7,0.033676574649331735,8.578271554257558e-18,310.66083973035717
1e-10,2.0915251221796966e-18,6.209212766249417e-7,0.03368422376421563,8.578271554257563e-18,310.66083973035734
1e-10,2.0916917415896534e-18,6.209212766249417e-7,0.0336869071866756,8.578271554257564e-18,310.6608397303574
1e-10,2.0917879846313806e-18,6.209212766249417e-7,0.03368845719060283,8.578271554257573e-18,310.66083973035774
1e-10,2.0925073048511845e-18,6.209212766249417e-7,0.03370004191554113,8.578271554257573e-18,310.66083973035774
1e-10,2.092830834673642e-18,6.209212766249417e-7,0.03370525239607444,8.578271554257572e-18,310.6608397303577
1e-10,2.0933411116504825e-18,6.209212766249417e-7,0.03371347045842873,8.578271554257569e-18,310.66083973035757
1e-10,2.093838281239387e-18,6.209212766249417e-7,0.03372147742497378,8.57827155425757e-18,310.6608397303576
1e-10,2.094436145163425e-18,6.209212766249417e-7,0.033731106083976864,8.578271554257567e-18,310.6608397303575
1e-10,2.0948268480455824e-18,6.209212766249417e-7,0.03373739839343485,8.578271554257573e-18,310.66083973035774
1e-10,2.095405641938274e-18,6.209212766249417e-7,0.03374671992765313,8.578271554257569e-18,310.66083973035757
1e-10,2.0958135025313722e-18,6.209212766249417e-7,0.033753288563782256,8.578271554257567e-18,310.6608397303575
1e-10,2.0960759078956908e-18,6.209212766249417e-7,0.03375751462873118,8.578271554257564e-18,310.6608397303574
1e-10,2.0965412939991286e-18,6.209212766249417e-7,0.03376500971902616,8.57827155425757e-18,310.6608397303576
1e-10,2.0968632914870018e-18,6.209212766249417e-7,0.03377019552115591,8.57827155425757e-18,310.6608397303576
1e-10,2.0972007806372663e-18,6.209212766249417e-7,0.03377563081807631,8.578271554257573e-18,310.66083973035774
1e-10,2.097629280677309e-18,6.209212766249417e-7,0.033782531854587274,8.57827155425758e-18,310.66083973035796
1e-10,2.098074023136484e-18,6.209212766249417e-7,0.03378969447690218,8.578271554257581e-18,310.660839730358
1e-10,2.0984884419160085e-18,6.209212766249417e-7,0.03379636873328742,8.57827155425758e-18,310.66083973035796
1e-10,2.0986923729645855e-18,6.209212766249417e-7,0.03379965306346346,8.57827155425758e-18,310.66083973035796
1e-10,2.0990267923593533e-18,6.209212766249417e-7,0.03380503892166091,8.578271554257583e-18,310.6608397303581
1e-10,2.099339919737459e-18,6.209212766249417e-7,0.03381008186977517,8.57827155425758e-18,310.66083973035796
1e-10,2.0998336542730213e-18,6.209212766249417e-7,0.033818033514438496,8.578271554257597e-18,310.66083973035853
1e-10,2.100149812932209e-18,6.209212766249417e-7,0.03382312528164135,8.578271554257592e-18,310.66083973035836
1e-10,2.1003048749154517e-18,6.209212766249417e-7,0.033825622570574435,8.578271554257598e-18,310.6608397303586
1e-10,2.1009322645945763e-18,6.209212766249417e-7,0.033835726744851316,8.578271554257587e-18,310.66083973035825
1e-10,2.1014811826149124e-18,6.209212766249417e-7,0.03384456712512174,8.578271554257584e-18,310.66083973035813
1e-10,2.1018465737302327e-18,6.209212766249417e-7,0.033850451786013154,8.578271554257581e-18,310.660839730358
1e-10,2.101957338682601e-18,6.209212766249417e-7,0.03385223566678095,8.57827155425758e-18,310.66083973035796
1e-10,2.1022829879151018e-18,6.209212766249417e-7,0.0338574802806275,8.578271554257581e-18,310.660839730358
1e-10,2.1027404844624822e-18,6.209212766249417e-7,0.03386484830882372,8.578271554257583e-18,310.6608397303581
1e-10,2.103608896027544e-18,6.209212766249417e-7,0.0338788341649661,8.578271554257587e-18,310.66083973035825
1e-10,2.10415120736318e-18,6.209212766249417e-7,0.0338875681439108,8.578271554257587e-18,310.66083973035825
1e-10,2.1047178843842134e-18,6.209212766249417e-7,0.033896694534684746,8.578271554257584e-18,310.66083973035813
1e-10,2.10498505607748e-18,6.209212766249417e-7,0.03390099736184375,8.578271554257581e-18,310.660839730358
1e-10,2.1054998895420602e-18,6.209212766249417e-7,0.033909288806894214,8.578271554257583e-18,310.6608397303581
1e-10,2.105625196098251e-18,6.209212766249417e-7,0.033911306881663245,8.578271554257583e-18,310.6608397303581
1e-10,2.105797627924105e-18,6.209212766249417e-7,0.03391408391366948,8.578271554257587e-18,310.66083973035825
1e-10,2.1059312716769457e-18,6.209212766249417e-7,0.03391623625983431,8.578271554257589e-18,310.6608397303583
1e-10,2.1063795511249253e-18,6.209212766249417e-7,0.03392345584571187,8.578271554257592e-18,310.66083973035836
1e-10,2.1069198376688872e-18,6.209212766249417e-7,0.03393215721518174,8.578271554257583e-18,310.6608397303581
1e-10,2.1071182201446328e-18,6.209212766249417e-7,0.0339353521850308,8.578271554257584e-18,310.66083973035813
1e-10,2.107500185362901e-18,6.209212766249417e-7,0.033941503773527566,8.578271554257584e-18,310.66083973035813
1e-10,2.1080004501094104e-18,6.209212766249417e-7,0.03394956058789908,8.578271554257581e-18,310.660839730358
1e-10,2.108433829179428e-18,6.209212766249417e-7,0.03395654020168158,8.578271554257578e-18,310.6608397303579
1e-10,2.1089295341360735e-18,6.209212766249417e-7,0.03396452358017587,8.578271554257578e-18,310.6608397303579
1e-10,2.1092687095582066e-18,6.209212766249417e-7,0.03396998603467536,8.578271554257572e-18,310.6608397303577
1e-10,2.109661079565632e-18,6.209212766249417e-7,0.03397630519335451,8.57827155425757e-18,310.6608397303576
1e-10,2.1102564947744123e-18,6.209212766249417e-7,0.03398589441555055,8.578271554257567e-18,310.6608397303575
1e-10,2.1105082908590324e-18,6.209212766249417e-7,0.033989949616976226,8.578271554257567e-18,310.6608397303575
1e-10,2.1109684726826976e-18,6.209212766249417e-7,0.03399736089181877,8.578271554257572e-18,310.6608397303577
1e-10,2.1114213608611785e-18,6.209212766249417e-7,0.03400465470176747,8.578271554257566e-18,310.66083973035745
1e-10,2.111956692645839e-18,6.209212766249417e-7,0.03401327627433735,8.578271554257563e-18,310.66083973035734
1e-10,2.112250769786095e-18,6.209212766249417e-7,0.034018012416443075,8.578271554257566e-18,310.66083973035745
1e-10,2.112544695191141e-18,6.209212766249417e-7,0.034022746114837875,8.578271554257566e-18,310.66083973035745
1e-10,2.113002134775259e-18,6.209212766249417e-7,0.03403011322563499,8.57827155425756e-18,310.6608397303572
1e-10,2.1135415063114216e-18,6.209212766249417e-7,0.034038799858811655,8.578271554257561e-18,310.6608397303573
1e-10,2.113938879380861e-18,6.209212766249417e-7,0.03404519959231087,8.578271554257558e-18,310.66083973035717
1e-10,2.114405291104784e-18,6.209212766249417e-7,0.034052711200327566,8.578271554257558e-18,310.66083973035717
1e-10,2.114918135352572e-18,6.209212766249417e-7,0.03406097060884027,8.578271554257561e-18,310.6608397303573
1e-10,2.115197437663059e-18,6.209212766249417e-7,0.03406546880081728,8.57827155425756e-18,310.6608397303572
1e-10,2.1159743349755363e-18,6.209212766249417e-7,0.034077980810660144,8.578271554257558e-18,310.66083973035717
1e-10,2.116366618637624e-18,6.209212766249417e-7,0.034084298578738896,8.57827155425756e-18,310.6608397303572
1e-10,2.1168470875263942e-18,6.209212766249417e-7,0.0340920365788181,8.578271554257561e-18,310.6608397303573
1e-10,2.117108637815318e-18,6.209212766249417e-7,0.03409624887269125,8.578271554257555e-18,310.66083973035705
1e-10,2.1174887932375115e-18,6.209212766249417e-7,0.03410237131423907,8.578271554257555e-18,310.66083973035705
1e-10,2.117900392458815e-18,6.209212766249417e-7,0.03410900016135381,8.578271554257558e-18,310.66083973035717
1e-10,2.118346952754745e-18,6.209212766249417e-7,0.034116192060113626,8.578271554257553e-18,310.660839730357
1e-10,2.1184320197809746e-18,6.209212766249417e-7,0.03411756207318021,8.578271554257558e-18,310.66083973035717
1e-10,2.1187249447330443e-18,6.209212766249417e-7,0.03412227965917858,8.578271554257555e-18,310.66083973035705
1e-10,2.1188875530041288e-18,6.209212766249417e-7,0.03412489848184107,8.578271554257553e-18,310.660839730357
1e-10,2.1194494003787793e-18,6.209212766249417e-7,0.03413394709067123,8.578271554257555e-18,310.66083973035705
1e-10,2.119908096836202e-18,6.209212766249417e-7,0.03414133444354011,8.578271554257552e-18,310.66083973035694
1e-10,2.1202342476778534e-18,6.209212766249417e-7,0.03414658713585281,8.578271554257553e-18,310.660839730357
1e-10,2.120866772824248e-18,6.209212766249417e-7,0.0341567740173498,8.578271554257555e-18,310.66083973035705
1e-10,2.121056625056304e-18,6.209212766249417e-7,0.03415983160676095,8.57827155425755e-18,310.6608397303569
1e-10,2.121490131797308e-18,6.209212766249417e-7,0.0341668132766976,8.57827155425755e-18,310.6608397303569
1e-10,2.121987881391364e-18,6.209212766249417e-7,0.03417482958428431,8.57827155425755e-18,310.6608397303569
1e-10,2.122295212110668e-18,6.209212766249417e-7,0.03417977917662192,8.578271554257555e-18,310.66083973035705
1e-10,2.122507282427918e-18,6.209212766249417e-7,0.03418319459054368,8.578271554257557e-18,310.6608397303571
1e-10,2.122637348487364e-18,6.209212766249417e-7,0.034185289317594306,8.57827155425756e-18,310.6608397303572
1e-10,2.1230821373905808e-18,6.209212766249417e-7,0.034192452687895204,8.57827155425755e-18,310.6608397303569
1e-10,2.1239302775809902e-18,6.209212766249417e-7,0.03420611207149725,8.578271554257547e-18,310.66083973035677
1e-10,2.1244884569577044e-18,6.209212766249417e-7,0.034215101606849437,8.578271554257549e-18,310.6608397303568
1e-10,2.1251645425089636e-18,6.209212766249417e-7,0.03422599003307528,8.578271554257549e-18,310.6608397303568
1e-10,2.125355346065162e-18,6.209212766249417e-7,0.03422906294365802,8.578271554257546e-18,310.6608397303567
1e-10,2.1259546699143034e-18,6.209212766249417e-7,0.03423871511490264,8.57827155425754e-18,310.6608397303565
1e-10,2.1266288723260854e-18,6.209212766249417e-7,0.03424957321297663,8.578271554257546e-18,310.6608397303567
1e-10,2.1273770407541105e-18,6.209212766249417e-7,0.0342616225412279,8.57827155425755e-18,310.6608397303569
1e-10,2.1276988172397523e-18,6.209212766249417e-7,0.03426680478409435,8.578271554257549e-18,310.6608397303568
1e-10,2.1280614435758076e-18,6.209212766249417e-7,0.0342726449179359,8.578271554257547e-18,310.66083973035677
1e-10,2.128479883517877e-18,6.209212766249417e-7,0.034279383935550876,8.578271554257552e-18,310.66083973035694
1e-10,2.1287751445963536e-18,6.209212766249417e-7,0.034284139145101464,8.578271554257549e-18,310.6608397303568
1e-10,2.128828710109675e-18,6.209212766249417e-7,0.034285001823114565,8.578271554257549e-18,310.6608397303568
1e-10,2.1293587086166455e-18,6.209212766249417e-7,0.0342935375027075,8.578271554257553e-18,310.660839730357
1e-10,2.129627890585913e-18,6.209212766249417e-7,0.03429787270556495,8.578271554257564e-18,310.6608397303574
1e-10,2.1299808063818788e-18,6.209212766249417e-7,0.034303556450175604,8.578271554257557e-18,310.6608397303571
1e-10,2.1302501213410216e-18,6.209212766249417e-7,0.03430789379484845,8.57827155425755e-18,310.6608397303569
1e-10,2.1304597128065202e-18,6.209212766249417e-7,0.034311269286611885,8.57827155425755e-18,310.6608397303569
1e-10,2.131160078308598e-18,6.209212766249417e-7,0.034322548743902906,8.578271554257547e-18,310.66083973035677
1e-10,2.131655013348098e-18,6.209212766249417e-7,0.03433051972280365,8.578271554257552e-18,310.66083973035694
1e-10,2.1320503549831192e-18,6.209212766249417e-7,0.03433688673984597,8.578271554257549e-18,310.6608397303568
1e-10,2.1323294888334467e-18,6.209212766249417e-7,0.034341382218755066,8.578271554257546e-18,310.6608397303567
1e-10,2.1324902728318846e-18,6.209212766249417e-7,0.034343971661321956,8.578271554257541e-18,310.66083973035654
1e-10,2.133125329445797e-18,6.209212766249417e-7,0.03435419931235953,8.578271554257543e-18,310.6608397303566
1e-10,2.1335759038965847e-18,6.209212766249417e-7,0.03436145585948957,8.57827155425754e-18,310.6608397303565
1e-10,2.133951289426466e-18,6.209212766249417e-7,0.034367501481438974,8.578271554257543e-18,310.6608397303566
1e-10,2.134372414932968e-18,6.209212766249417e-7,0.034374283750340934,8.578271554257543e-18,310.6608397303566
1e-10,2.1346484492776047e-18,6.209212766249417e-7,0.03437872931139719,8.57827155425755e-18,310.6608397303569
1e-10,2.135210075696743e-18,6.209212766249417e-7,0.03438777436171647,8.57827155425755e-18,310.6608397303569
1e-10,2.1359214205310405e-18,6.209212766249417e-7,0.03439923064226405,8.578271554257558e-18,310.66083973035717
1e-10,2.1363022607405843e-18,6.209212766249417e-7,0.03440536411238145,8.578271554257558e-18,310.66083973035717
1e-10,2.136672570211889e-18,6.209212766249417e-7,0.03441132798389376,8.578271554257555e-18,310.66083973035705
1e-10,2.137019110820301e-18,6.209212766249417e-7,0.03441690905546366,8.578271554257555e-18,310.66083973035705
1e-10,2.137345343827603e-18,6.209212766249417e-7,0.03442216307106247,8.578271554257558e-18,310.66083973035717
1e-10,2.137891952384179e-18,6.209212766249417e-7,0.03443096625718531,8.578271554257564e-18,310.6608397303574
1e-10,2.1383661471953025e-18,6.209212766249417e-7,0.03443860321260905,8.578271554257561e-18,310.6608397303573
1e-10,2.138614395918987e-18,6.209212766249417e-7,0.03444260128342784,8.578271554257566e-18,310.66083973035745
1e-10,2.1388859705382413e-18,6.209212766249417e-7,0.03444697502015547,8.578271554257566e-18,310.66083973035745
1e-10,2.1393788186456806e-18,6.209212766249417e-7,0.034454912388804174,8.57827155425756e-18,310.6608397303572
1e-10,2.1397727192945813e-18,6.209212766249417e-7,0.03446125619861919,8.57827155425756e-18,310.6608397303572
1e-10,2.140028851813007e-18,6.209212766249417e-7,0.03446538123875017,8.578271554257553e-18,310.660839730357
1e-10,2.140649117358743e-18,6.209212766249417e-7,0.03447537067813784,8.578271554257552e-18,310.66083973035694
1e-10,2.140928944845845e-18,6.209212766249417e-7,0.034479877328137384,8.578271554257547e-18,310.66083973035677
1e-10,2.1416241914044985e-18,6.209212766249417e-7,0.0344910743443265,8.578271554257552e-18,310.66083973035694
1e-10,2.1422564810237435e-18,6.209212766249417e-7,0.03450125743263492,8.57827155425755e-18,310.6608397303569
1e-10,2.1426081607144404e-18,6.209212766249417e-7,0.03450692126964512,8.578271554257553e-18,310.660839730357
1e-10,2.142921403644289e-18,6.209212766249417e-7,0.034511966078731894,8.578271554257553e-18,310.660839730357
1e-10,2.1431448206154678e-18,6.209212766249417e-7,0.034515564231663506,8.57827155425756e-18,310.6608397303572
1e-10,2.1438774581294838e-18,6.209212766249417e-7,0.034527363432972864,8.578271554257563e-18,310.66083973035734
1e-10,2.1442681962131284e-18,6.209212766249417e-7,0.034533656309354364,8.578271554257561e-18,310.6608397303573
1e-10,2.1448341413137807e-18,6.209212766249417e-7,0.0345427709124765,8.578271554257566e-18,310.66083973035745
1e-10,2.145102638077558e-18,6.209212766249417e-7,0.03454709508003018,8.578271554257561e-18,310.6608397303573
1e-10,2.1454524288783337e-18,6.209212766249417e-7,0.03455272849627703,8.578271554257561e-18,310.6608397303573
1e-10,2.1460183258652362e-18,6.209212766249417e-7,0.034561842324522356,8.578271554257564e-18,310.6608397303574
1e-10,2.1464030994376205e-18,6.209212766249417e-7,0.03456803914184638,8.578271554257557e-18,310.6608397303571
1e-10,2.1468536291418412e-18,6.209212766249417e-7,0.03457529496832843,8.57827155425756e-18,310.6608397303572
1e-10,2.1471231190864244e-18,6.209212766249417e-7,0.034579635131159504,8.57827155425756e-18,310.6608397303572
1e-10,2.147471077130958e-18,6.209212766249417e-7,0.0345852390306816,8.578271554257555e-18,310.66083973035705
1e-10,2.147883857351567e-18,6.209212766249417e-7,0.03459188689790968,8.57827155425755e-18,310.6608397303569
1e-10,2.148121975774403e-18,6.209212766249417e-7,0.03459572181920808,8.57827155425755e-18,310.6608397303569
1e-10,2.148559371285386e-18,6.209212766249417e-7,0.0346027661181788,8.578271554257552e-18,310.66083973035694
1e-10,2.1487721689110614e-18,6.209212766249417e-7,0.034606193245476355,8.578271554257555e-18,310.66083973035705
1e-10,2.1490011927602015e-18,6.209212766249417e-7,0.034609881697744975,8.578271554257553e-18,310.660839730357
1e-10,2.1494004253394957e-18,6.209212766249417e-7,0.034616311378838596,8.57827155425756e-18,310.6608397303572
1e-10,2.149643751594263e-18,6.209212766249417e-7,0.03462023017279731,8.578271554257552e-18,310.66083973035694
1e-10,2.1499810830002314e-18,6.209212766249417e-7,0.03462566292922985,8.578271554257553e-18,310.660839730357
1e-10,2.150418521606834e-18,6.209212766249417e-7,0.034632707922259885,8.578271554257558e-18,310.66083973035717
1e-10,2.1509006935685326e-18,6.209212766249417e-7,0.03464047335050096,8.57827155425756e-18,310.6608397303572
1e-10,2.1513937875174346e-18,6.209212766249417e-7,0.0346484146784513,8.578271554257564e-18,310.6608397303574
1e-10,2.1518139731329985e-18,6.209212766249417e-7,0.03465518181031458,8.578271554257563e-18,310.66083973035734
1e-10,2.1521094557318996e-18,6.209212766249417e-7,0.034659940587474014,8.578271554257563e-18,310.66083973035734
1e-10,2.1527783146912916e-18,6.209212766249417e-7,0.03467071262870648,8.578271554257567e-18,310.6608397303575
1e-10,2.1531108870651052e-18,6.209212766249417e-7,0.03467606874044453,8.578271554257573e-18,310.66083973035774
1e-10,2.153596129501933e-18,6.209212766249417e-7,0.0346838836189983,8.578271554257572e-18,310.6608397303577
1e-10,2.1540309557609155e-18,6.209212766249417e-7,0.03469088653990554,8.578271554257572e-18,310.6608397303577
1e-10,2.1542555726334572e-18,6.209212766249417e-7,0.03469450401737004,8.578271554257575e-18,310.6608397303578
1e-10,2.154746631433072e-18,6.209212766249417e-7,0.03470241256903514,8.578271554257566e-18,310.66083973035745
1e-10,2.1550678250751703e-18,6.209212766249417e-7,0.03470758542514733,8.578271554257566e-18,310.66083973035745
1e-10,2.1554825918304674e-18,6.209212766249417e-7,0.03471426528571761,8.578271554257566e-18,310.66083973035745
1e-10,2.1561054754190353e-18,6.209212766249417e-7,0.03472429688895005,8.578271554257561e-18,310.6608397303573
1e-10,2.1563848164686557e-18,6.209212766249417e-7,0.03472879570482472,8.57827155425756e-18,310.6608397303572
1e-10,2.1566123882718526e-18,6.209212766249417e-7,0.03473246077174647,8.578271554257557e-18,310.6608397303571
1e-10,2.1570490303811086e-18,6.209212766249417e-7,0.03473949293710613,8.578271554257558e-18,310.66083973035717
1e-10,2.1576522749250228e-18,6.209212766249417e-7,0.034749208251536864,8.578271554257555e-18,310.66083973035705
1e-10,2.1581022071109393e-18,6.209212766249417e-7,0.03475645445492616,8.578271554257549e-18,310.6608397303568
1e-10,2.1584371992492996e-18,6.209212766249417e-7,0.03476184953721712,8.57827155425755e-18,310.6608397303569
1e-10,2.158840926698332e-18,6.209212766249417e-7,0.034768351608642785,8.578271554257544e-18,310.66083973035666
1e-10,2.1594531024979656e-18,6.209212766249417e-7,0.03477821076185075,8.578271554257546e-18,310.6608397303567
1e-10,2.1596128541969172e-18,6.209212766249417e-7,0.03478078357912994,8.578271554257552e-18,310.66083973035694
1e-10,2.1599274151872853e-18,6.209212766249417e-7,0.03478584961571477,8.57827155425755e-18,310.6608397303569
1e-10,2.1604259218902646e-18,6.209212766249417e-7,0.03479387811661732,8.578271554257555e-18,310.66083973035705
1e-10,2.160798496261373e-18,6.209212766249417e-7,0.03479987846457017,8.578271554257557e-18,310.6608397303571
1e-10,2.1611333846305034e-18,6.209212766249417e-7,0.03480527187564719,8.578271554257555e-18,310.66083973035705
1e-10,2.1616465297742708e-18,6.209212766249417e-7,0.03481353613012011,8.578271554257555e-18,310.66083973035705
1e-10,2.161963621365883e-18,6.209212766249417e-7,0.03481864292229408,8.57827155425755e-18,310.6608397303569
1e-10,2.1622092268746555e-18,6.209212766249417e-7,0.034822598423869214,8.578271554257557e-18,310.6608397303571
1e-10,2.1623696156149065e-18,6.209212766249417e-7,0.034825181500763004,8.578271554257561e-18,310.6608397303573
1e-10,2.162588147180245e-18,6.209212766249417e-7,0.03482870097373913,8.578271554257557e-18,310.6608397303571
1e-10,2.1633109123308834e-18,6.209212766249417e-7,0.03484034117963716,8.57827155425756e-18,310.6608397303572
1e-10,2.1638189417732093e-18,6.209212766249417e-7,0.03484852304522063,8.578271554257557e-18,310.6608397303571
1e-10,2.1642642862806974e-18,6.209212766249417e-7,0.03485569536358454,8.578271554257557e-18,310.6608397303571
1e-10,2.1647391313594936e-18,6.209212766249417e-7,0.03486334279163496,8.578271554257557e-18,310.6608397303571
1e-10,2.1649029381761423e-18,6.209212766249417e-7,0.034865980916995054,8.578271554257553e-18,310.660839730357
1e-10,2.165667070400545e-18,6.209212766249417e-7,0.03487828734380259,8.578271554257552e-18,310.66083973035694
1e-10,2.1661715096383057e-18,6.209212766249417e-7,0.03488641138877819,8.578271554257547e-18,310.66083973035677
1e-10,2.1663854433506863e-18,6.209212766249417e-7,0.034889856812867104,8.578271554257547e-18,310.66083973035677
1e-10,2.1668106581181468e-18,6.209212766249417e-7,0.034896704939730655,8.578271554257552e-18,310.66083973035694
1e-10,2.167445961789525e-18,6.209212766249417e-7,0.03490693656965372,8.578271554257557e-18,310.6608397303571
1e-10,2.1677637287978745e-18,6.209212766249417e-7,0.034912054239482605,8.578271554257561e-18,310.6608397303573
1e-10,2.168044543643627e-18,6.209212766249417e-7,0.03491657679099314,8.578271554257564e-18,310.6608397303574
1e-10,2.168758665307442e-18,6.209212766249417e-7,0.03492807779266112,8.57827155425756e-18,310.6608397303572
1e-10,2.169253091461067e-18,6.209212766249417e-7,0.034936040575903354,8.578271554257553e-18,310.660839730357
1e-10,2.1696838420483325e-18,6.209212766249417e-7,0.03494297785770511,8.578271554257555e-18,310.66083973035705
1e-10,2.1700714121795688e-18,6.209212766249417e-7,0.03494921971389246,8.578271554257555e-18,310.66083973035705
1e-10,2.170310123568483e-18,6.209212766249417e-7,0.034953064184969566,8.578271554257567e-18,310.6608397303575
1e-10,2.170701268770227e-18,6.209212766249417e-7,0.03495936361802926,8.57827155425757e-18,310.6608397303576
1e-10,2.1709757923026527e-18,6.209212766249417e-7,0.03496378484730196,8.578271554257573e-18,310.66083973035774
1e-10,2.1711416602176257e-18,6.209212766249417e-7,0.034966456166859165,8.578271554257578e-18,310.6608397303579
1e-10,2.1715550682080216e-18,6.209212766249417e-7,0.03497311414438319,8.578271554257583e-18,310.6608397303581
1e-10,2.172161180409641e-18,6.209212766249417e-7,0.03498287564273148,8.57827155425758e-18,310.66083973035796
1e-10,2.172391812446393e-18,6.209212766249417e-7,0.034986589995024346,8.578271554257581e-18,310.660839730358
1e-10,2.17270479970966e-18,6.209212766249417e-7,0.034991630686574945,8.578271554257572e-18,310.6608397303577
1e-10,2.173240525295378e-18,6.209212766249417e-7,0.03500025860135071,8.578271554257575e-18,310.6608397303578
1e-10,2.1733767705600865e-18,6.209212766249417e-7,0.035002452845127464,8.578271554257572e-18,310.6608397303577
1e-10,2.1737647582801065e-18,6.209212766249417e-7,0.03500870142662444,8.578271554257572e-18,310.6608397303577
1e-10,2.1743749529364683e-18,6.209212766249417e-7,0.035018528673319525,8.578271554257573e-18,310.66083973035774
1e-10,2.1747697134618614e-18,6.209212766249417e-7,0.03502488633153247,8.578271554257569e-18,310.66083973035757
1e-10,2.1753625051049233e-18,6.209212766249417e-7,0.0350344333009371,8.578271554257564e-18,310.6608397303574
1e-10,2.1757309665822117e-18,6.209212766249417e-7,0.03504036741031875,8.578271554257567e-18,310.6608397303575
1e-10,2.176013778366993e-18,6.209212766249417e-7,0.03504492212273444,8.578271554257569e-18,310.66083973035757
1e-10,2.1761958629657943e-18,6.209212766249417e-7,0.035047854613625896,8.578271554257573e-18,310.66083973035774
1e-10,2.176751299805126e-18,6.209212766249417e-7,0.03505679998013597,8.57827155425757e-18,310.6608397303576
1e-10,2.17702187074431e-18,6.209212766249417e-7,0.0350611575524945,8.578271554257573e-18,310.66083973035774
1e-10,2.1774219067694093e-18,6.209212766249417e-7,0.03506760017316412,8.578271554257575e-18,310.6608397303578
1e-10,2.177907095662336e-18,6.209212766249417e-7,0.03507541418938795,8.578271554257581e-18,310.660839730358
1e-10,2.1782093193099664e-18,6.209212766249417e-7,0.0350802815318194,8.578271554257581e-18,310.660839730358
1e-10,2.178677664915603e-18,6.209212766249417e-7,0.03508782428519681,8.578271554257578e-18,310.6608397303579
1e-10,2.1793245929194546e-18,6.209212766249417e-7,0.03509824312617078,8.578271554257584e-18,310.66083973035813
1e-10,2.179878686638272e-18,6.209212766249417e-7,0.03510716686158905,8.57827155425759e-18,310.6608397303583
1e-10,2.1803535149192694e-18,6.209212766249417e-7,0.035114814019109215,8.578271554257587e-18,310.66083973035825
1e-10,2.1807595472899384e-18,6.209212766249417e-7,0.0351213532115311,8.57827155425759e-18,310.6608397303583
1e-10,2.1809698260316192e-18,6.209212766249417e-7,0.035124739771946994,8.578271554257592e-18,310.66083973035836
1e-10,2.1814381624405525e-18,6.209212766249417e-7,0.03513228237721057,8.578271554257589e-18,310.6608397303583
1e-10,2.1817761477389165e-18,6.209212766249417e-7,0.03513772566464631,8.578271554257592e-18,310.66083973035836
1e-10,2.1820074662969276e-18,6.209212766249417e-7,0.035141451073433534,8.578271554257584e-18,310.66083973035813
1e-10,2.1826918015710935e-18,6.209212766249417e-7,0.0351524723622817,8.578271554257586e-18,310.6608397303582
1e-10,2.183219810986459e-18,6.209212766249417e-7,0.03516097600735304,8.578271554257584e-18,310.66083973035813
1e-10,2.183442167446279e-18,6.209212766249417e-7,0.03516455708064188,8.578271554257583e-18,310.6608397303581
1e-10,2.1837652492488175e-18,6.209212766249417e-7,0.03516976034576906,8.578271554257583e-18,310.6608397303581
1e-10,2.1844699932319103e-18,6.209212766249417e-7,0.03518111031893995,8.57827155425758e-18,310.66083973035796
1e-10,2.1849162531696805e-18,6.209212766249417e-7,0.035188297380401204,8.578271554257581e-18,310.660839730358
1e-10,2.185181797560746e-18,6.209212766249417e-7,0.03519257399969357,8.578271554257575e-18,310.6608397303578
1e-10,2.1855781919808123e-18,6.209212766249417e-7,0.03519895797194559,8.57827155425758e-18,310.66083973035796
1e-10,2.185863849367098e-18,6.209212766249417e-7,0.0352035585130615,8.578271554257575e-18,310.6608397303578
1e-10,2.186500128035706e-18,6.209212766249417e-7,0.03521380584541362,8.57827155425758e-18,310.66083973035796
1e-10,2.1868119621043906e-18,6.209212766249417e-7,0.035218827964648765,8.578271554257583e-18,310.6608397303581
1e-10,2.187003349972238e-18,6.209212766249417e-7,0.03522191028562974,8.578271554257584e-18,310.66083973035813
1e-10,2.1872719872106227e-18,6.209212766249417e-7,0.03522623671554119,8.578271554257581e-18,310.660839730358
1e-10,2.187609818248313e-18,6.209212766249417e-7,0.03523167751859317,8.578271554257581e-18,310.660839730358
1e-10,2.1880072218124912e-18,6.209212766249417e-7,0.03523807774321325,8.578271554257583e-18,310.6608397303581
1e-10,2.1882793065275783e-18,6.209212766249417e-7,0.03524245969508589,8.578271554257581e-18,310.660839730358
1e-10,2.1887732514182046e-18,6.209212766249417e-7,0.035250414727538815,8.578271554257583e-18,310.6608397303581
1e-10,2.1892083441660814e-18,6.209212766249417e-7,0.035257421940276666,8.578271554257575e-18,310.6608397303578
1e-10,2.1894510296897776e-18,6.209212766249417e-7,0.03526133041519663,8.578271554257575e-18,310.6608397303578
1e-10,2.1898306813968143e-18,6.209212766249417e-7,0.035267444744360874,8.578271554257572e-18,310.6608397303577
1e-10,2.190273548028152e-18,6.209212766249417e-7,0.03527457715627861,8.578271554257567e-18,310.6608397303575
1e-10,2.190950553936485e-18,6.209212766249417e-7,0.035285480404948284,8.578271554257564e-18,310.6608397303574
1e-10,2.1916101315923833e-18,6.209212766249417e-7,0.03529610296984867,8.578271554257566e-18,310.66083973035745
1e-10,2.1918943733019397e-18,6.209212766249417e-7,0.035300680711347586,8.578271554257567e-18,310.6608397303575
1e-10,2.1922433199492862e-18,6.209212766249417e-7,0.03530630053241803,8.578271554257575e-18,310.6608397303578
1e-10,2.1925572089730933e-18,6.209212766249417e-7,0.03531135574691339,8.578271554257573e-18,310.66083973035774
1e-10,2.1929534067114103e-18,6.209212766249417e-7,0.03531773655158593,8.578271554257577e-18,310.66083973035785
1e-10,2.1933031674987226e-18,6.209212766249417e-7,0.03532336948446292,8.578271554257578e-18,310.6608397303579
1e-10,2.1940762432076397e-18,6.209212766249417e-7,0.03533581994699368,8.578271554257583e-18,310.6608397303581
1e-10,2.1945185871426558e-18,6.209212766249417e-7,0.035342943940834266,8.578271554257581e-18,310.660839730358
1e-10,2.1950591676849062e-18,6.209212766249417e-7,0.035351650045176326,8.578271554257575e-18,310.6608397303578
1e-10,2.1954869299739146e-18,6.209212766249417e-7,0.035358539200132225,8.57827155425757e-18,310.6608397303576
1e-10,2.1958445281415117e-18,6.209212766249417e-7,0.03536429835481188,8.578271554257569e-18,310.66083973035757
1e-10,2.195976860983492e-18,6.209212766249417e-7,0.03536642958862464,8.578271554257561e-18,310.6608397303573
1e-10,2.196535961308164e-18,6.209212766249417e-7,0.03537543395593688,8.57827155425756e-18,310.6608397303572
1e-10,2.197093869124053e-18,6.209212766249417e-7,0.03538441911777449,8.578271554257553e-18,310.660839730357
1e-10,2.1976752633702194e-18,6.209212766249417e-7,0.035393782530948645,8.57827155425756e-18,310.6608397303572
1e-10,2.197970940656127e-18,6.209212766249417e-7,0.035398544443562024,8.578271554257563e-18,310.66083973035734
1e-10,2.1985958818677833e-18,6.209212766249417e-7,0.03540860918502254,8.578271554257564e-18,310.6608397303574
1e-10,2.1990942330863255e-18,6.209212766249417e-7,0.035416635181832495,8.578271554257569e-18,310.66083973035757
1e-10,2.199696273730737e-18,6.209212766249417e-7,0.03542633110733989,8.578271554257567e-18,310.6608397303575
1e-10,2.2001299515974643e-18,6.209212766249417e-7,0.035433315533273634,8.578271554257572e-18,310.6608397303577
1e-10,2.200452678974989e-18,6.209212766249417e-7,0.03543851309035009,8.578271554257572e-18,310.6608397303577
1e-10,2.200759040964444e-18,6.209212766249417e-7,0.03544344708119544,8.578271554257567e-18,310.6608397303575
1e-10,2.201078313664433e-18,6.209212766249417e-7,0.03544858900034057,8.57827155425757e-18,310.6608397303576
1e-10,2.2014749551304373e-18,6.209212766249417e-7,0.03545497695129242,8.578271554257577e-18,310.66083973035785
1e-10,2.20175587919916e-18,6.209212766249417e-7,0.03545950126184995,8.578271554257573e-18,310.66083973035774
1e-10,2.202277864150198e-18,6.209212766249417e-7,0.035467907882313576,8.578271554257572e-18,310.6608397303577
1e-10,2.2029164433411884e-18,6.209212766249417e-7,0.03547819226481149,8.578271554257575e-18,310.6608397303578
1e-10,2.203424272893335e-18,6.209212766249417e-7,0.03548637091114339,8.57827155425757e-18,310.6608397303576
1e-10,2.2036862777022696e-18,6.209212766249417e-7,0.03549059052510732,8.578271554257573e-18,310.66083973035774
1e-10,2.2041571584840795e-18,6.209212766249417e-7,0.03549817410775357,8.578271554257573e-18,310.66083973035774
1e-10,2.204485018844647e-18,6.209212766249417e-7,0.03550345433204141,8.57827155425757e-18,310.6608397303576
1e-10,2.2046204067715298e-18,6.209212766249417e-7,0.03550563476830571,8.578271554257578e-18,310.6608397303579
1e-10,2.2051874779558983e-18,6.209212766249417e-7,0.03551476750712006,8.578271554257578e-18,310.6608397303579
1e-10,2.2054767181660302e-18,6.209212766249417e-7,0.03551942574997661,8.57827155425758e-18,310.66083973035796
1e-10,2.2058692181234928e-18,6.209212766249417e-7,0.03552574700151426,8.578271554257577e-18,310.66083973035785
1e-10,2.2062912523503032e-18,6.209212766249417e-7,0.03553254390544876,8.578271554257575e-18,310.6608397303578
1e-10,2.206809021193459e-18,6.209212766249417e-7,0.03554088262506826,8.57827155425758e-18,310.66083973035796
1e-10,2.2071965583323326e-18,6.209212766249417e-7,0.035547123949910275,8.578271554257578e-18,310.6608397303579
1e-10,2.207709592275986e-18,6.209212766249417e-7,0.035555386413494094,8.578271554257578e-18,310.6608397303579
1e-10,2.208065632449266e-18,6.209212766249417e-7,0.0355611204765176,8.57827155425757e-18,310.6608397303576
1e-10,2.208793500079548e-18,6.209212766249417e-7,0.035572842858366684,8.57827155425757e-18,310.6608397303576
